ProductID,StockCode,Description
32,10002,INFLATABLE POLITICAL GLOBE
3014,10080,GROOVY CACTUS INFLATABLE
1623,10120,DOGGY RUBBER
1622,10123C,HEARTS WRAPPING TAPE
2129,10124A,SPOTS ON RED BOOKCOVER TAPE
1465,10124G,ARMY CAMO BOOKCOVER TAPE
506,10125,MINI FUNKY DESIGN TAPES
464,10133,COLOURING PENCILS BROWN TUBE
1150,10135,COLOURING PENCILS BROWN TUBE
971,11001,ASSTD DESIGN RACING CAR PEN
3106,15030,FAN BLACK FRAME
1922,15034,PAPER POCKET TRAVELING FAN
1533,15036,ASSORTED COLOURS SILK FAN
1878,15039,SANDALWOOD FAN
2716,15044A,PINK PAPER PARASOL
634,15044B,BLUE PAPER PARASOL
2078,15044C,PURPLE PAPER PARASOL
2184,15044D,RED PAPER PARASOL
104,15056BL,EDWARDIAN PARASOL BLACK
105,15056N,EDWARDIAN PARASOL NATURAL
1121,15056P,EDWARDIAN PARASOL PINK
2428,15058A,BLUE POLKADOT GARDEN PARASOL
2448,15058B,PINK POLKADOT GARDEN PARASOL
2936,15058C,ICE CREAM DESIGN GARDEN PARASOL
1525,15060B,FAIRY CAKE DESIGN UMBRELLA
2384,16008,SMALL FOLDING SCISSOR(POINTED EDGE)
1982,16010,FOLDING CAMPING SCISSOR W/KNIF & S
1885,16011,ANIMAL STICKERS
1481,16012,FOOD/DRINK SPONGE STICKERS
471,16014,SMALL CHINESE STYLE SCISSOR
2383,16015,MEDIUM CHINESE STYLE SCISSOR
470,16016,LARGE CHINESE STYLE SCISSOR
3037,16020C,CLEAR STATIONERY BOX SET
2470,16033,MINI HIGHLIGHTER PENS
3337,16043,POP ART PUSH DOWN RUBBER
2721,16045,POPART WOODEN PENCILS ASST
1398,16046,TEATIME PEN CASE & PENS
2410,16048,TEATIME ROUND PENCIL SHARPENER
3192,16049,TEATIME GEL PENS ASST
2207,16052,TEATIME PUSH DOWN RUBBER
2437,16054,POPART RECT PENCIL SHARPENER ASST
3270,16151A,FLOWERS HANDBAG BLUE AND ORANGE
2779,16156L,"WRAP, CAROUSEL"
1488,16156S,WRAP PINK FAIRY CAKES
3079,16161G,WRAP BAD HAIR DAY
1591,16161M,WRAP  PINK FLOCK
1590,16161P,WRAP ENGLISH ROSE
1939,16161U,WRAP SUKI AND FRIENDS
2817,16162L,THE KING GIFT BAG
3486,16162M,THE KING GIFT BAG 25X24X12CM
1151,16168M,FUNKY MONKEY GIFT BAG MEDIUM
3495,16169E,WRAP 50'S  CHRISTMAS
2147,16169K,WRAP FOLK ART
2758,16169M,WRAP DAISY CARPET
2102,16169N,WRAP BLUE RUSSIAN FOLKART
2436,16169P,WRAP GREEN RUSSIAN FOLKART
3074,16202A,PASTEL PINK PHOTO ALBUM
3150,16202B,PASTEL BLUE PHOTO ALBUM
2301,16202E,BLACK PHOTO ALBUM
2737,16206B,RED PURSE WITH PINK HEART
2694,16207A,PINK STRAWBERRY HANDBAG
2813,16207B,PINK HEART RED HANDBAG
2491,16216,LETTER SHAPE PENCIL SHARPENER
1709,16218,CARTOON  PENCIL SHARPENERS
2208,16219,HOUSE SHAPE PENCIL SHARPENER
1710,16225,RATTLE SNAKE EGGS
1433,16235,RECYCLED PENCIL WITH RABBIT ERASER
972,16236,KITTY PENCIL ERASERS
320,16237,SLEEPING CAT ERASERS
348,16238,PARTY TIME PENCIL ERASERS
3194,16244B,MAXWELL 2 TONE BLUE 60 PAGE PHOTO A
3062,16248B,BLUE HOLE PUNCH
3403,16254,TRANSPARENT ACRYLIC TAPE DISPENSER
498,16258A,SWIRLY CIRCULAR RUBBERS IN BAG
3080,16259,PIECE OF CAMO STATIONERY SET
3015,17001,HEAVENS SCENT FRAGRANCE OILS ASSTD
973,17003,BROCADE RING PURSE
2127,17007B,S/3 POT POURI CUSHIONS BLUE COLOURS
974,17011F,ORIGAMI SANDLEWOOD INCENSE+FLOWER
975,17012A,ORIGAMI VANILLA INCENSE/CANDLE SET
976,17012B,ORIGAMI JASMINE INCENSE/CANDLE SET
977,17012C,ORIGAMI LAVENDER INCENSE/CANDL SET
978,17012D,ORIGAMI ROSE INCENSE/CANDLE SET
979,17012E,ORIGAMI OPIUM INCENSE/CANDLE SET
980,17012F,ORIGAMI SANDLEWOOD INCENSE/CAND SET
2325,17013D,ORIGAMI ROSE INCENSE IN TUBE
1152,17014A,ORIGAMI VANILLA INCENSE CONES
455,17021,NAMASTE SWAGAT INCENSE
2922,17028J,INCENSE BAZAAR PEACH
2199,17038,PORCELAIN BUDAH INCENSE HOLDER
2923,17084A,TRANQUILITY MASALA INCENSE
2201,17084J,LOVE POTION MASALA INCENSE
1153,17084N,FAIRY DREAMS INCENSE
1154,17084P,DRAGONS BLOOD INCENSE
1730,17084R,ASSORTED INCENSE PACK
1460,17090A,LAVENDER INCENSE 40 CONES IN TIN
1459,17090D,VANILLA INCENSE 40 CONES IN TIN
230,17091A,LAVENDER INCENSE IN TIN
1731,17091J,VANILLA INCENSE IN TIN
2326,17096,ASSORTED LAQUERED INCENSE HOLDERS
1750,17107D,"FLOWER FAIRY,5 SUMMER B'DRAW LINERS"
1825,17109D,FLOWER FAIRY INCENSE BOUQUET
981,17129F,BLUE GLASS GEMS IN BAG
2930,17136A,BLUE STONES ON WIRE FOR CANDLE
630,17164B,ASS COL SMALL SAND GECKO P'WEIGHT
2426,17165D,ASS COL LARGE SAND FROG P'WEIGHT
2849,17174,ASSTD RASTA KEY-CHAINS
3799,17191A,ROSE FLOWER CANDLE+INCENSE 16X16CM
2081,18007,ESSENTIAL BALM 3.5G TIN IN ENVELOPE
2136,18094C,WHITE AND BLUE CERAMIC OIL BURNER
1509,18097A,PINK TALL PORCELAIN T-LIGHT HOLDER
1510,18097C,WHITE TALL PORCELAIN T-LIGHT HOLDER
982,18098C,PORCELAIN BUTTERFLY OIL BURNER
1598,20615,BLUE POLKADOT PASSPORT COVER
1063,20616,CHERRY BLOSSOM PASSPORT COVER
1155,20617,FIRST CLASS PASSPORT COVER
2300,20618,QUEEN OF THE SKIES PASSPORT COVER
1156,20619,TROPICAL PASSPORT COVER
983,20622,VIPPASSPORT COVER
1780,20652,BLUE POLKADOT LUGGAGE TAG
1157,20653,CHERRY BLOSSOM LUGGAGE TAG
2425,20654,FIRST CLASS LUGGAGE TAG
1634,20655,QUEEN OF SKIES LUGGAGE TAG
1784,20657,TROPICAL LUGGAGE TAG
984,20658,RED RETROSPOT LUGGAGE TAG
1954,20659,ECONOMY LUGGAGE TAG
1779,20661,BLUE POLKADOT PURSE
985,20662,FIRST CLASS HOLIDAY PURSE
2274,20663,QUEEN OF THE SKIES HOLIDAY PURSE
2482,20664,TROPICAL HOLIDAY PURSE
1326,20665,RED RETROSPOT PURSE
2486,20666,ECONOMY HOLIDAY PURSE
3311,20667,CHERRY BLOSSOM PURSE
170,20668,DISCO BALL CHRISTMAS DECORATION
336,20669,RED HEART LUGGAGE TAG
2484,20670,VIP HOLIDAY PURSE
1925,20671,BLUE TEATIME PRINT BOWL
1392,20674,GREEN POLKADOT BOWL
1445,20675,BLUE POLKADOT BOWL
986,20676,RED RETROSPOT BOWL
1453,20677,PINK POLKADOT BOWL
3649,20678,LARGE BLACK DIAMANTE HAIRSLIDE
48,20679,EDWARDIAN PARASOL RED
1158,20681,PINK POLKADOT CHILDRENS UMBRELLA
1159,20682,RED RETROSPOT CHILDRENS UMBRELLA
987,20684,STRAWBERRY DREAM CHILDS UMBRELLA
311,20685,DOORMAT RED RETROSPOT
1711,20686,DOLLY MIXTURE CHILDREN'S UMBRELLA
2653,20694,FLORAL PINK MONSTER
2339,20695,FLORAL BLUE MONSTER
1160,20696,FLORAL SOFT CAR TOY
1048,20697,LITTLE GREEN MONSTER SOFT TOY
2814,20698,LITTLE PINK MONSTER SOFT TOY
1161,20699,MOUSEY LONG LEGS SOFT TOY
1162,20700,GREEN CAT FLORAL CUSHION COVER
2739,20701,PINK CAT FLORAL CUSHION COVER
1916,20702,PINK PADDED MOBILE
2314,20703,BLUE PADDED SOFT MOBILE
2513,20704,MR ROBOT SOFT TOY
2568,20705,MRS ROBOT SOFT TOY
560,20707,CRAZY DAISY HEART DECORATION
776,20711,JUMBO BAG TOYS
643,20712,JUMBO BAG WOODLAND ANIMALS
355,20713,JUMBO BAG OWLS
1994,20716,PARTY FOOD SHOPPER BAG
361,20717,STRAWBERRY SHOPPER BAG
1163,20718,RED RETROSPOT SHOPPER BAG
988,20719,WOODLAND CHARLOTTE BAG
63,20723,STRAWBERRY CHARLOTTE BAG
989,20724,RED RETROSPOT CHARLOTTE BAG
67,20725,LUNCH BAG RED RETROSPOT
266,20726,LUNCH BAG WOODLAND
295,20727,LUNCH BAG  BLACK SKULL.
294,20728,LUNCH BAG CARS BLUE
2107,20731,POSY CANDY BAG
990,20733,GOLD MINI TAPE MEASURE
1767,20734,SILVER MINI TAPE MEASURE
991,20735,BLACK MINI TAPE MEASURE
1912,20748,KENSINGTON COFFEE SET
264,20749,ASSORTED COLOUR MINI CASES
394,20750,RED RETROSPOT MINI CASES
1560,20751,FUNKY WASHING UP GLOVES ASSORTED
1164,20752,BLUE POLKADOT WASHING UP GLOVES
597,20754,RETROSPOT RED WASHING UP GLOVES
1343,20755,BLUE PAISLEY POCKET BOOK
2881,20756,GREEN FERN POCKET BOOK
1516,20757,RED DAISY POCKET BOOK
2388,20758,ABSTRACT CIRCLES POCKET BOOK
1514,20759,CHRYSANTHEMUM POCKET BOOK
1515,20760,GARDEN PATH POCKET BOOK
1165,20761,BLUE PAISLEY SKETCHBOOK
2079,20762,GREEN FERN SKETCHBOOK
2209,20763,DAISY SKETCHBOOK
1892,20764,ABSTRACT CIRCLES SKETCHBOOK
1330,20765,CHRYSANTHEMUM SKETCHBOOK
1556,20766,GARDEN PATH SKETCHBOOK
1625,20767,BLUE PAISLEY JOURNAL
1143,20768,GREEN FERN JOURNAL
2103,20769,DAISY JOURNAL
992,20770,ABSTRACT CIRCLE JOURNAL
1978,20771,CHRYSANTHEMUM  JOURNAL
594,20772,GARDEN PATH JOURNAL
468,20773,BLUE PAISLEY NOTEBOOK
467,20774,GREEN FERN NOTEBOOK
2120,20775,DAISY NOTEBOOK
469,20777,CHRYSANTHEMUM NOTEBOOK
2387,20778,GARDEN PATH NOTEBOOK
1144,20780,BLACK EAR MUFF HEADPHONES
1990,20781,GOLD EAR MUFF HEADPHONES
1995,20782,CAMOUFLAGE EAR MUFF HEADPHONES
2764,20785,FUSCHIA RETRO BAR STOOL
2481,20793,BLUE TILED TRAY
2275,20794,BLUE  TILE HOOK
2870,20795,LARGE BLUE PROVENCAL CERAMIC BALL
3028,20796,SMALL BLUE PROVENCAL CERAMIC BALL
1439,20798,CLEAR MILKSHAKE GLASS
2210,20801,LARGE PINK GLASS SUNDAE DISH
1988,20802,SMALL GLASS SUNDAE DISH CLEAR
2080,20803,SMALL PINK GLASS SUNDAE DISH
3209,20816,GOLD FLOWER CUSHION COVER
2514,20818,GOLD TEDDY BEAR
2144,20819,SILVER TEDDY BEAR
238,20820,SILVER LOOKING MIRROR
3118,20821,GOLDIE LOOKING MIRROR
3166,20823,GOLD WINE GOBLET
2533,20826,SILVER APERITIF GLASS
3167,20827,GOLD APERITIF GLASS
1486,20828,GLITTER BUTTERFLY CLIPS
1817,20829,GLITTER HANGING BUTTERFLY STRING
2471,20830,SILVER PHOTO FRAME
2472,20831,GOLD PHOTO FRAME
1435,20832,RED FLOCK LOVE HEART PHOTO FRAME
993,20835,FRENCH LATTICE CUSHION COVER
3220,20836,FRENCH PAISLEY CUSHION COVER
2990,20837,FRENCH FLORAL CUSHION COVER
3207,20838,FRENCH LATTICE CUSHION COVER
994,20839,FRENCH PAISLEY CUSHION COVER
995,20840,FRENCH FLORAL CUSHION COVER
2868,20845,ZINC HEART LATTICE 2 WALL PLANTER
1166,20846,ZINC HEART LATTICE T-LIGHT HOLDER
1996,20847,ZINC HEART LATTICE CHARGER LARGE
2532,20848,ZINC HEART LATTICE CHARGER SMALL
2915,20851,ZINC HEART LATTICE TRAY OVAL
968,20854,BLUE PATCH PURSE PINK HEART
967,20856,DENIM PATCH PURSE PINK BUTTERFLY
2192,20857,BLUE ROSE PATCH PURSE PINK BUTTERFL
2548,20860,GOLD COSMETICS BAG WITH BUTTERFLY
2124,20861,GOLD COSMETIC BAG PINK STAR
511,20866,BLUE ROSE FABRIC MIRROR
730,20867,PINK ROSE FABRIC MIRROR
2429,20868,SILVER FABRIC MIRROR
2654,20869,GOLD FABRIC MIRROR
2579,20871,OPULENT VELVET SET/3 CANDLES
510,20878,SET/9 CHRISTMAS T-LIGHTS SCENTED
1628,20886,BOX OF 9 PEBBLE CANDLES
2211,20892,SET/3 TALL GLASS CANDLE HOLDER PINK
1363,20893,HANGING BAUBLE T-LIGHT HOLDER SMALL
1502,20894,HANGING BAUBLE T-LIGHT HOLDER LARGE
2089,20897,VINTAGE NOTEBOOK PARIS DAYS
2911,20898,VINTAGE NOTEBOOK TRAVELOGUE
3341,20901,VINTAGE KEEPSAKE BOX PINK FLOWER
760,20902,VINTAGE KEEPSAKE BOX PARIS DAYS
2088,20903,VINTAGE KEEPSAKE BOX TRAVELOGUE
2313,20906,VINTAGE NOTEBOOK BEAUTY GIRL
1772,20910,VINTAGE PHOTO ALBUM PARIS DAYS
297,20914,SET/5 RED RETROSPOT LID GLASS BOWLS
1167,20931,BLUE POT PLANT CANDLE
2411,20932,PINK POT PLANT CANDLE
2769,20933,YELLOW POT PLANT CANDLE
2667,20934,SET/3 POT PLANT CANDLES
3648,20935,ROUND CACTUS CANDLE
1821,20936,FORKED CACTUS CANDLE
1611,20941,FROG CANDLE
2655,20954,*USB OFFICE MIRROR BALL
996,20956,PORCELAIN T-LIGHT HOLDERS ASSORTED
1044,20957,PORCELAIN HANGING BELL SMALL
1768,20960,WATERMELON BATH SPONGE
255,20961,STRAWBERRY BATH SPONGE
254,20963,APPLE BATH SPONGE
3234,20964,POLYESTER FILLER PAD 60X40CM
253,20966,SANDWICH BATH SPONGE
1403,20967,GREY FLORAL FELTCRAFT SHOULDER BAG
997,20969,RED FLORAL FELTCRAFT SHOULDER BAG
1321,20970,PINK FLORAL FELTCRAFT SHOULDER BAG
998,20971,PINK BLUE FELT CRAFT TRINKET BOX
605,20972,PINK CREAM FELT CRAFT TRINKET BOX
633,20973,12 PENCIL SMALL TUBE WOODLAND
632,20974,12 PENCILS SMALL TUBE SKULL
999,20975,12 PENCILS SMALL TUBE RED RETROSPOT
531,20977,36 PENCILS TUBE WOODLAND
1142,20978,36 PENCILS TUBE SKULLS
530,20979,36 PENCILS TUBE RED RETROSPOT
1900,20980,36 PENCILS TUBE POSY
1000,20981,12 PENCILS TALL TUBE WOODLAND
300,20982,12 PENCILS TALL TUBE SKULLS
1406,20983,12 PENCILS TALL TUBE RED RETROSPOT
1477,20984,12 PENCILS TALL TUBE POSY
1955,20985,HEART CALCULATOR
1434,20986,BLUE CALCULATOR RULER
262,20992,JAZZ HEARTS PURSE NOTEBOOK
1001,20996,JAZZ HEARTS ADDRESS BOOK
3170,20997,ROSE DU SUD CUSHION COVER
1648,20998,ROSE DU SUD OVEN GLOVE
1002,21000,ROSE DU SUD COSMETICS BAG
2148,21001,ROSE DU SUD WASHBAG
1168,21002,ROSE DU SUD DRAWSTRING BAG
2788,21003,ROSE DU SUD CUSHION COVER
2682,21009,ETCHED GLASS STAR TREE DECORATION
1826,21011,GLITTER SNOW PEAR TREE DECORATION
1003,21012,ANTIQUE ALL GLASS CANDLESTICK
1105,21014,SWISS CHALET TREE DECORATION
1169,21015,DARK BIRD HOUSE TREE DECORATION
1106,21018,BIRD BOX CHRISTMAS TREE DECORATION
1549,21025,SPACE FROG
1552,21026,SPACE OWL
1732,21027,NINJA RABBIT PINK
2149,21028,NINJA RABBIT BLACK
1551,21030,SPACE CADET RED
1550,21031,SPACE CADET BLACK
1553,21032,SPACE CADET WHITE
62,21033,JUMBO BAG CHARLIE AND LOLA TOYS
383,21034,REX CASH+CARRY JUMBO SHOPPER
34,21035,SET/2 RED RETROSPOT TEA TOWELS
671,21038,SET/4 MODERN VINTAGE COTTON NAPKINS
1588,21039,RED RETROSPOT SHOPPING BAG
1797,21040,MODERN VINTAGE COTTON SHOPPING BAG
606,21041,RED RETROSPOT OVEN GLOVE DOUBLE
1348,21042,RED RETROSPOT APRON
2626,21043,APRON MODERN VINTAGE COTTON
1713,21051,RIBBONS PURSE
1793,21054,NURSE'S BAG SOFT TOY
772,21055,TOOL BOX SOFT TOY
773,21056,DOCTOR'S BAG SOFT TOY
1368,21058,PARTY INVITES WOODLAND
1575,21059,PARTY INVITES DINOSAURS
1369,21060,PARTY INVITES BALLOON GIRL
284,21061,PARTY INVITES FOOTBALL
286,21062,PARTY INVITES SPACEMAN
285,21063,PARTY INVITES JAZZ HEARTS
1430,21064,BOOM BOX SPEAKER BOYS
353,21065,BOOM BOX SPEAKER GIRLS
1612,21066,VINTAGE RED MUG
1170,21067,VINTAGE RED TEATIME MUG
52,21068,VINTAGE BILLBOARD LOVE/HATE MUG
1004,21069,VINTAGE BILLBOARD TEA MUG
1005,21070,VINTAGE BILLBOARD MUG
51,21071,VINTAGE BILLBOARD DRINK ME MUG
1651,21078,SET/20 STRAWBERRY PAPER NAPKINS
173,21080,SET/20 RED RETROSPOT PAPER NAPKINS
2847,21082,SET/20 FRUIT SALAD PAPER NAPKINS
2781,21084,SET/6 COLLAGE PAPER CUPS
174,21086,SET/6 RED SPOTTY PAPER CUPS
2993,21087,SET/6 POSIES PAPER CUPS
2782,21088,SET/6 FRUIT SALAD PAPER CUPS
2113,21089,SET/6 GREEN SPRING PAPER CUPS
1872,21090,SET/6 COLLAGE PAPER PLATES
66,21094,SET/6 RED SPOTTY PAPER PLATES
1735,21095,SET/6 POSIES PAPER PLATES
2783,21096,SET/6 FRUIT SALAD  PAPER PLATES
614,21098,CHRISTMAS TOILET ROLL
1635,21100,CHARLIE AND LOLA CHARLOTTE BAG
625,21106,CREAM SLICE FLANNEL CHOCOLATE SPOT
626,21107,CREAM SLICE FLANNEL PINK SPOT
271,21108,FAIRY CAKE FLANNEL ASSORTED COLOUR
1171,21109,"LARGE CAKE TOWEL, CHOCOLATE SPOTS"
1172,21110,LARGE CAKE TOWEL PINK SPOTS
599,21111,"SWISS ROLL TOWEL, CHOCOLATE  SPOTS"
1714,21112,"SWISS ROLL TOWEL, PINK  SPOTS"
1597,21114,LAVENDER SCENTED FABRIC HEART
153,21115,ROSE CARAVAN DOORSTOP
356,21116,OWL DOORSTOP
2839,21117,BLOND DOLL DOORSTOP
2362,21120,*BOOMBOX IPOD CLASSIC
483,21121,SET/10 RED POLKADOT PARTY CANDLES
248,21122,SET/10 PINK POLKADOT PARTY CANDLES
591,21123,SET/10 IVORY POLKADOT PARTY CANDLES
500,21124,SET/10 BLUE POLKADOT PARTY CANDLES
279,21125,SET 6 FOOTBALL CELEBRATION CANDLES
280,21126,SET OF 6 GIRLS CELEBRATION CANDLES
1173,21128,GOLD FISHING GNOME
1574,21129,SILVER FISHING GNOME
2424,21131,GOLD STANDING GNOME
2391,21132,SILVER STANDING GNOME
635,21135,VICTORIAN  METAL POSTCARD SPRING
1133,21136,PAINTED METAL PEARS ASSORTED
528,21137,BLACK RECORD COVER FRAME
745,21143,ANTIQUE GLASS HEART DECORATION
2399,21144,PINK POODLE HANGING DECORATION
2534,21145,ANTIQUE GLASS PLACE SETTING
1006,21147,JINGLE BELLS TREE DECORATION
454,21154,RED RETROSPOT OVEN GLOVE
1524,21155,RED RETROSPOT PEG BAG
463,21156,RETROSPOT CHILDRENS APRON
1589,21157,RED RETROSPOT WASHBAG
1007,21158,MOODY GIRL DOOR HANGER
1413,21159,MOODY BOY  DOOR HANGER
2580,21160,KEEP OUT GIRLS DOOR HANGER
1412,21161,KEEP OUT BOYS DOOR HANGER
2095,21162,TOXIC AREA  DOOR HANGER
1411,21163,DO NOT TOUCH MY STUFF DOOR HANGER
1174,21164,HOME SWEET HOME METAL SIGN
1008,21165,BEWARE OF THE CAT METAL SIGN
92,21166,COOK WITH WINE METAL SIGN
1985,21167,WHITE SAGE INCENSE
91,21169,YOU'RE CONFUSING ME METAL SIGN
2150,21171,BATHROOM METAL SIGN
1350,21172,PARTY METAL SIGN
1009,21174,POTTERING IN THE SHED METAL SIGN
93,21175,GIN + TONIC DIET METAL SIGN
674,21179,NO JUNK MAIL METAL SIGN
1086,21181,PLEASE ONE PERSON METAL SIGN
2581,21186,WHITE DOVE HONEYCOMB PAPER GARLAND
1897,21187,WHITE BELL HONEYCOMB PAPER GARLAND
1175,21188,3D HEARTS  HONEYCOMB PAPER GARLAND
1010,21189,WHITE HONEYCOMB PAPER GARLAND
546,21190,PINK HEARTS PAPER GARLAND
1011,21191,LARGE WHITE HONEYCOMB PAPER BELL
615,21192,WHITE BELL HONEYCOMB PAPER
2501,21194,PINK  HONEYCOMB PAPER FAN
1012,21195,PINK  HONEYCOMB PAPER BALL
2612,21196,ROUND WHITE CONFETTI IN TUBE
611,21197,MULTICOLOUR  CONFETTI IN TUBE
2704,21198,WHITE HEART CONFETTI IN TUBE
2515,21199,PINK  HEART CONFETTI IN TUBE
1712,21200,MULTICOLOUR HONEYCOMB PAPER GARLAND
1636,21201,TROPICAL  HONEYCOMB PAPER GARLAND
1964,21202,DOLLY HONEYCOMB GARLAND
2151,21204,DAISIES  HONEYCOMB GARLAND
1613,21205,MULTICOLOUR 3D BALLS GARLAND
1452,21206,STRAWBERRY HONEYCOMB  GARLAND
1013,21207,SKULL AND CROSSBONES  GARLAND
1176,21208,PASTEL COLOUR HONEYCOMB FAN
1873,21209,MULTICOLOUR HONEYCOMB FAN
319,21210,SET OF 72 RETROSPOT PAPER  DOILIES
1471,21211,SET OF 72 SKULL PAPER  DOILIES
70,21212,PACK OF 72 RETROSPOT CAKE CASES
290,21213,PACK OF 72 SKULL CAKE CASES
1367,21215,IVORY PAPER CUP CAKE CASES
1014,21216,"SET 3 RETROSPOT TEA,COFFEE,SUGAR"
1015,21217,RED RETROSPOT ROUND CAKE TINS
969,21218,RED SPOTTY BISCUIT TIN
1715,21219,SET/4 BADGES BALLOON GIRL
1177,21220,SET/4 BADGES DOGS
1342,21221,SET/4 BADGES CUTE CREATURES
2152,21222,SET/4 BADGES BEETLES
1716,21224,SET/4 SKULL BADGES
2110,21226,POCKET MIRROR WOODLAND
2946,21228,"POCKET MIRROR ""GLAMOROUS"""
1016,21231,SWEETHEART CERAMIC TRINKET BOX
214,21232,STRAWBERRY CERAMIC TRINKET BOX
1017,21238,RED RETROSPOT CUP
1446,21239,PINK  POLKADOT CUP
1579,21240,BLUE POLKADOT CUP
367,21242,RED RETROSPOT PLATE
368,21243,PINK  POLKADOT PLATE
366,21244,BLUE POLKADOT PLATE
365,21245,GREEN POLKADOT PLATE
2298,21246,RED RETROSPOT BIG BOWL
2492,21248,DOOR HANGER  MUM + DADS ROOM
1018,21249,WOODLAND  HEIGHT CHART STICKERS
1743,21250,SET OF SKULL WALL STICKERS
2153,21251,DINOSAUR HEIGHT CHART STICKER SET
2049,21253,SET OF PICTURE FRAME  STICKERS
482,21257,VICTORIAN SEWING BOX MEDIUM
57,21258,VICTORIAN SEWING BOX LARGE
481,21259,VICTORIAN SEWING BOX SMALL
494,21260,FIRST AID TIN
1717,21261,GREEN GOOSE FEATHER CHRISTMAS TREE
1019,21262,WHITE GOOSE FEATHER CHRISTMAS TREE
1718,21263,GREEN GOOSE FEATHER TREE 60CM
2363,21264,WHITE GOOSE FEATHER TREE 60CM
2050,21265,PINK GOOSE FEATHER TREE 60CM
1547,21268,VINTAGE BLUE TINSEL REEL
2276,21269,ANTIQUE CREAM CUTLERY SHELF
2725,21270,ANTIQUE CREAM CUTLERY CUPBOARD
1178,21272,SALLE DE BAIN HOOK
2290,21275,ZINC TOP  2 DOOR WOODEN SHELF
1948,21277,FRENCH STYLE EMBOSSED HEART CABINET
2778,21278,VINTAGE KITCHEN PRINT PUDDINGS
1179,21279,VINTAGE KITCHEN PRINT FRUITS
2807,21280,VINTAGE KITCHEN PRINT VEGETABLES
1180,21281,VINTAGE KITCHEN PRINT SEAFOOD
2364,21284,RETROSPOT CANDLE  SMALL
2327,21285,RETROSPOT CANDLE  MEDIUM
1719,21286,RETROSPOT CANDLE  LARGE
1803,21287,SCENTED VELVET LOUNGE CANDLE
1181,21288,STRIPEY CHOCOLATE NESTING BOXES
2084,21289,LARGE STRIPES CHOCOLATE GIFT BAG
1997,21291,SMALL POLKADOT CHOCOLATE GIFT BAG
562,21292,SMALL STRIPES CHOCOLATE GIFT BAG
2516,21293,MIRRORED DOVE WALL DECORATION
1858,21294,ETCHED GLASS COASTER
1945,21306,SET/4 DAISY MIRROR MAGNETS
1947,21307,SET/4 BUTTERFLY MIRROR MAGNETS
3306,21310,CAPIZ CHANDELIER
1946,21311,SET/4 BIRD MIRROR MAGNETS
1020,21313,GLASS HEART T-LIGHT HOLDER
205,21314,SMALL GLASS HEART TRINKET POT
2212,21316,SMALL CHUNKY GLASS ROMAN  BOWL
2400,21317,GLASS SPHERE CANDLE STAND MEDIUM
2450,21318,GLASS CHALICE BLUE SMALL
1998,21319,GLASS CHALICE GREEN  SMALL
2882,21320,GLASS CHALICE GREEN  LARGE
126,21324,HANGING MEDINA LANTERN SMALL
352,21326,AGED GLASS SILVER T-LIGHT HOLDER
524,21327,SKULLS WRITING SET
229,21328,BALLOONS  WRITING SET
523,21329,DINOSAURS  WRITING SET
2531,21331,MOROCCAN BEATEN METAL DISH LARGE
2796,21332,MOROCCAN BEATEN METAL MIRROR
686,21333,CLASSIC WHITE FRAME
2141,21336,GOLD WASHBAG
131,21340,CLASSIC METAL BIRDCAGE PLANT HOLDER
2901,21344,MOROCCAN BEATEN METAL DISH
2617,21348,PINK SPOTS CHOCOLATE NESTING BOXES
1021,21349,IVY HEART WREATH
1094,21351,CINAMMON & ORANGE WREATH
1022,21352,EUCALYPTUS & PINECONE  WREATH
1023,21354,TOAST ITS - BEST MUM
1374,21355,TOAST ITS - I LOVE YOU
1182,21356,TOAST ITS - FAIRY FLOWER
1555,21357,TOAST ITS - DINOSAUR
590,21358,TOAST ITS - HAPPY BIRTHDAY
1999,21359,RELAX LARGE WOOD LETTERS
1359,21360,JOY LARGE WOOD LETTERS
1614,21361,LOVE LARGE WOOD LETTERS
146,21363,HOME SMALL WOOD LETTERS
1347,21364,PEACE SMALL WOOD LETTERS
1024,21365,MIRRORED WALL ART STARS
1025,21366,MIRRORED WALL ART PHOTO FRAMES
542,21367,MIRRORED WALL ART GENTS
2848,21368,MIRRORED WALL ART LADIES
1026,21369,MIRRORED WALL ART SPLODGES
541,21370,MIRRORED WALL ART FOXY
2831,21371,MIRRORED WALL ART POPPIES
1027,21372,MIRRORED WALL ART TABLE LAMP
3336,21373,MIRRORED WALL ART SNOWFLAKES
1126,21374,MIRRORED WALL ART SKULLS
2154,21375,LARGE CAMPHOR WOOD FIELD MUSHROOM
2299,21376,LARGE  TALL CAMPHOR WOOD TOADSTOOL
1747,21377,SMALL CAMPHOR WOOD FIELD  MUSHROOM
2475,21378,SMALL TALL CAMPHOR WOOD TOADSTOOL
1748,21379,CAMPHOR WOOD PORTOBELLO MUSHROOM
1341,21380,WOODEN HAPPY BIRTHDAY GARLAND
1418,21381,MINI WOODEN HAPPY BIRTHDAY GARLAND
2356,21382,SET/4 SPRING FLOWER DECORATION
1417,21383,PACK OF 12 STICKY BUNNIES
1028,21385,IVORY HANGING DECORATION  HEART
2584,21386,IVORY HANGING DECORATION  EGG
2051,21389,IVORY HANGING DECORATION  BIRD
1414,21390,FILIGRIS HEART WITH BUTTERFLY
2052,21391,FRENCH LAVENDER SCENT HEART
1545,21392,RED POLKADOT PUDDING BOWL
1546,21393,BLUE POLKADOT PUDDING BOWL
2722,21394,RED POLKADOT BEAKER
3075,21395,BLUE POLKADOT BEAKER
2000,21397,BLUE POLKADOT EGG CUP
1145,21398,RED POLKADOT COFFEE  MUG
1557,21399,BLUE POLKADOT COFFEE MUG
2621,21400,RED PUDDING SPOON
1941,21401,BLUE PUDDING SPOON
2668,21402,RED  EGG  SPOON
2053,21403,BLUE EGG  SPOON
1029,21407,BROWN CHECK CAT DOORSTOP
1030,21408,SPOTTY PINK DUCK DOORSTOP
2240,21410,COUNTRY COTTAGE  DOORSTOP GREEN
147,21411,GINGHAM HEART  DOORSTOP RED
2755,21412,VINTAGE GOLD TINSEL REEL
1866,21413,PERIWINKLE T-LIGHT HOLDER
3007,21414,SCALLOP SHELL SOAP DISH
1504,21415,CLAM SHELL SMALL
1505,21416,CLAM SHELL LARGE
1506,21417,COCKLE SHELL DISH
2451,21418,STARFISH SOAP DISH
2452,21420,OYSTER TRINKET BOX
1344,21421,PORCELAIN ROSE LARGE
1345,21422,PORCELAIN ROSE SMALL
1936,21424,WOODLAND STORAGE BOX LARGE
2629,21425,SKULLS STORAGE BOX LARGE
1562,21426,WOODLAND STORAGE BOX SMALL
592,21427,SKULLS STORAGE BOX SMALL
1394,21428,SET3 BOOK BOX GREEN GINGHAM FLOWER
761,21429,RED GINGHAM ROSE JEWELLERY BOX
1404,21430,SET/3 RED GINGHAM ROSE STORAGE BOX
1183,21439,BASKET OF TOADSTOOLS
556,21441,BLUE BIRDHOUSE DECORATION
2328,21442,GREEN BIRDHOUSE DECORATION
1855,21445,12 PINK ROSE PEG PLACE SETTINGS
1720,21446,12 RED ROSE PEG PLACE SETTINGS
1184,21447,12 IVORY ROSE PEG PLACE SETTINGS
375,21448,12 DAISY PEGS IN WOOD BOX
652,21452,TOADSTOOL MONEY BOX
2447,21454,PAINTED PINK RABBIT
2656,21455,PAINTED YELLOW WOODEN DAISY
2892,21456,2 PICTURE BOOK EGGS EASTER CHICKS
2891,21457,2 PICTURE BOOK EGGS EASTER DUCKS
2863,21458,2 PICTURE BOOK EGGS EASTER BUNNY
2840,21459,YELLOW EASTER EGG HUNT START POST
2841,21460,GREEN EASTER EGG HUNT START POST
2854,21461,BLUE EASTER EGG HUNT START POST
1089,21462,"NURSERY A,B,C PAINTED LETTERS"
236,21463,MIRRORED DISCO BALL
237,21464,DISCO BALL ROTATOR BATTERY OPERATED
1479,21465,PINK FLOWER CROCHET FOOD COVER
736,21466,RED FLOWER CROCHET FOOD COVER
737,21467,CHERRY CROCHET FOOD COVER
1859,21468,BUTTERFLY CROCHET FOOD COVER
739,21469,POLKA DOT RAFFIA FOOD COVER
1480,21470,FLOWER VINE RAFFIA FOOD COVER
738,21471,STRAWBERRY RAFFIA FOOD COVER
1327,21472,LADYBIRD + BEE RAFFIA FOOD COVER
2540,21473,SWEETHEART CREAM STEEL TABLE RECT
2899,21476,STEEL SWEETHEART ROUND TABLE CREAM
219,21479,WHITE SKULL HOT WATER BOTTLE
446,21481,FAWN BLUE HOT WATER BOTTLE
184,21484,CHICK GREY HOT WATER BOTTLE
177,21485,RETROSPOT HEART HOT WATER BOTTLE
565,21486,PINK HEART DOTS HOT WATER BOTTLE
553,21488,RED WHITE SCARF  HOT WATER BOTTLE
2632,21491,SET OF THREE VINTAGE GIFT WRAPS
435,21494,ROTATING LEAVES T-LIGHT HOLDER
1051,21495,SKULLS AND CROSSBONES WRAP
685,21497,FANCY FONTS BIRTHDAY WRAP
683,21498,RED RETROSPOT WRAP
1539,21499,BLUE POLKADOT WRAP
1532,21500,PINK POLKADOT WRAP
2692,21503,TOYBOX  WRAP
1469,21504,SKULLS GREETING CARD
197,21506,"FANCY FONT BIRTHDAY CARD,"
1031,21507,"ELEPHANT, BIRTHDAY CARD,"
1538,21508,VINTAGE KID DOLLY CARD
1127,21509,COWBOYS AND INDIANS BIRTHDAY CARD
1375,21518,BANK ACCOUNT  GREETING  CARD
680,21519,GIN & TONIC DIET GREETING CARD
698,21520,BOOZE & WOMEN GREETING CARD
111,21523,DOORMAT FANCY FONT HOME SWEET HOME
740,21524,DOORMAT SPOTTY HOME SWEET HOME
1407,21527,RED RETROSPOT TRADITIONAL TEAPOT
1596,21528,DAIRY MAID TRADITIONAL TEAPOT
1595,21530,DAIRY MAID TOASTRACK
1587,21531,RED RETROSPOT SUGAR JAM BOWL
102,21533,RETROSPOT LARGE MILK JUG
2054,21534,DAIRY MAID LARGE MILK JUG
2361,21535,RED RETROSPOT SMALL MILK JUG
1185,21537,RED RETROSPOT PUDDING BOWL
1408,21538,DAIRY MAID  PUDDING BOWL
1535,21539,RED RETROSPOT BUTTER DISH
303,21544,SKULLS  WATER TRANSFER TATTOOS
1186,21547,CERAMIC BIRDHOUSE CRESTED TIT SMALL
1848,21555,CERAMIC STRAWBERRY TRINKET TRAY
448,21556,CERAMIC STRAWBERRY MONEY BOX
103,21557,SET OF 6 FUNKY BEAKERS
1637,21558,SKULL LUNCH BOX WITH CUTLERY
68,21559,STRAWBERRY LUNCH BOX WITH CUTLERY
1441,21561,DINOSAUR LUNCH BOX WITH CUTLERY
2407,21562,HAWAIIAN GRASS SKIRT
1032,21563,RED HEART SHAPE LOVE BUCKET
1033,21564,PINK  HEART SHAPE LOVE BUCKET
766,21576,LETS GO SHOPPING COTTON TOTE BAG
537,21577,SAVE THE PLANET COTTON TOTE BAG
1554,21578,WOODLAND DESIGN  COTTON TOTE BAG
765,21579,LOLITA  DESIGN  COTTON TOTE BAG
1907,21580,RABBIT  DESIGN  COTTON TOTE BAG
1563,21581,SKULLS  DESIGN  COTTON TOTE BAG
514,21584,RETROSPOT SMALL TUBE MATCHES
474,21586,KINGS CHOICE GIANT TUBE MATCHES
261,21587,COSY HOUR GIANT TUBE MATCHES
582,21588,RETROSPOT GIANT TUBE MATCHES
460,21591,COSY HOUR CIGAR BOX MATCHES
260,21592,RETROSPOT CIGAR BOX MATCHES
1187,21594,DR. JAM'S AROUZER STRESS BALL
2155,21595,DAD'S CAB ELECTRONIC METER
334,21609,SET 12 LAVENDER  BOTANICAL T-LIGHTS
1972,21613,S/12 VANILLA  BOTANICAL T-LIGHTS
3121,21614,SET OF 12 ROSE BOTANICAL T-LIGHTS
2352,21615,4 LAVENDER BOTANICAL DINNER CANDLES
1952,21616,4 PEAR BOTANICAL DINNER CANDLES
2186,21617,4 LILY  BOTANICAL DINNER CANDLES
2055,21618,4 WILDFLOWER BOTANICAL CANDLES
1721,21619,4 VANILLA BOTANICAL CANDLES
1147,21620,SET OF 4 ROSE BOTANICAL CANDLES
534,21621,VINTAGE UNION JACK BUNTING
156,21622,VINTAGE UNION JACK CUSHION COVER
1487,21623,VINTAGE UNION JACK MEMOBOARD
1331,21624,VINTAGE UNION JACK DOORSTOP
672,21625,VINTAGE UNION JACK APRON
1836,21626,VINTAGE UNION JACK PENNANT
2001,21627,ELEPHANT CARNIVAL POUFFE
2350,21628,TRIANGULAR POUFFE VINTAGE
1140,21629,SQUARE FLOOR CUSHION VINTAGE RED
1906,21630,FLOOR CUSHION ELEPHANT CARNIVAL
2567,21631,HIPPY CHIC DECORATIVE PARASOL
2002,21632,VINTAGE PINK DECORATIVE PARASOL
2633,21633,SUNFLOWER DECORATIVE PARASOL
1034,21634,ASSORTED MINI MADRAS NOTEBOOK
1875,21635,MADRAS NOTEBOOK LARGE
2951,21636,MADRAS NOTEBOOK MEDIUM
3092,21637,ASSORTED SANSKRIT MINI NOTEBOOK
1188,21638,ASSORTED TUTTI FRUTTI NOTEBOOK
1722,21640,ASSORTED TUTTI FRUTTI  FOB NOTEBOOK
1035,21641,ASSORTED TUTTI FRUTTI KEYRING BALL
1786,21642,ASSORTED TUTTI FRUTTI PEN
1146,21643,ASSORTED TUTTI FRUTTI MIRROR
2130,21644,ASSORTED TUTTI FRUTTI HEART BOX
2774,21645,ASSORTED TUTTI FRUTTI ROUND BOX
2114,21647,ASSORTED TUTTI FRUTTI LARGE PURSE
1189,21648,ASSORTED TUTTI FRUTTI SMALL PURSE
1888,21650,ASSORTED TUTTI FRUTTI BRACELET
472,21651,HANGING GLASS ETCHED TEALIGHT
678,21654,RIDGED GLASS FINGER BOWL
2801,21655,HANGING RIDGE GLASS T-LIGHT HOLDER
1190,21656,RIDGED GLASS POSY VASE
669,21657,MILK BOTTLE WITH GLASS STOPPER
679,21658,GLASS  BEURRE DISH
2742,21661,VINTAGE GLASS TEA CADDY
676,21662,VINTAGE GLASS COFFEE CADDY
607,21664,RIDGED GLASS STORAGE JAR CREAM LID
2213,21666,RIDGED GLASS T-LIGHT HOLDER
2823,21667,GLASS CAKE COVER AND PLATE
1088,21668,RED STRIPE CERAMIC DRAWER KNOB
1381,21669,BLUE STRIPE CERAMIC DRAWER KNOB
1057,21670,BLUE SPOT CERAMIC DRAWER KNOB
1191,21671,RED SPOT CERAMIC DRAWER KNOB
84,21672,WHITE SPOT RED CERAMIC DRAWER KNOB
1382,21673,WHITE SPOT BLUE CERAMIC DRAWER KNOB
1723,21675,BUTTERFLIES STICKERS
346,21676,FLOWERS  STICKERS
1744,21677,HEARTS  STICKERS
345,21678,PAISLEY PATTERN  STICKERS
1036,21679,SKULLS  STICKERS
2143,21680,WOODLAND  STICKERS
2966,21681,GIANT MEDINA STAMPED METAL BOWL
1868,21682,LARGE MEDINA STAMPED METAL BOWL
1918,21683,MEDIUM MEDINA STAMPED METAL BOWL
1192,21684,SMALL MEDINA STAMPED METAL BOWL
2293,21686,MEDINA STAMPED METAL STOOL
731,21688,SILVER PLATE CANDLE BOWL SMALL
2247,21689,SILVER VANILLA  FLOWER CANDLE POT
742,21690,SILVER  CANDLEPOT JARDIN
2118,21692,SILVER LATTICE VANILLA CANDLE POT
1973,21693,SMALL HAMMERED SILVER CANDLEPOT
732,21694,SMALL REGAL  SILVER CANDLEPOT
1934,21695,SMALL SILVER FLOWER CANDLE POT
1898,21696,SMALL SILVER TRELLIS CANDLEPOT
1193,21698,MOCK LOBSTER FRIDGE MAGNET
1194,21700,BIG DOUGHNUT FRIDGE MAGNETS
1037,21703,BAG 125G SWIRLY MARBLES
1038,21704,BAG 250G SWIRLY MARBLES
326,21705,BAG 500G SWIRLY MARBLES
391,21706,FOLDING UMBRELLA RED/WHITE POLKADOT
2605,21707,FOLDING UMBRELLA BLACKBLUE POLKADOT
388,21708,FOLDING UMBRELLA CREAM POLKADOT
1336,21709,FOLDING UMBRELLA CHOCOLATE POLKADOT
387,21710,FOLDING UMBRELLA PINKWHITE POLKADOT
389,21711,FOLDING UMBRELLA WHITE/RED POLKADOT
1987,21713,CITRONELLA CANDLE FLOWERPOT
1559,21714,CITRONELLA CANDLE GARDEN POT
441,21715,GIRLS VINTAGE TIN SEASIDE BUCKET
440,21716,BOYS VINTAGE TIN SEASIDE BUCKET
2329,21717,EASTER TIN BUCKET
439,21718,RED METAL BEACH SPADE
1370,21719,LOVELY BONBON STICKER SHEET
2082,21720,CAKE SHOP  STICKER SHEET
1039,21721,CANDY SHOP  STICKER SHEET
1040,21722,SWEET PUDDING STICKER SHEET
1894,21723,ALPHABET HEARTS STICKER SHEET
30,21724,PANDA AND BUNNIES STICKER SHEET
1724,21725,SWEETIES  STICKERS
1819,21726,MULTI HEARTS  STICKERS
7,21730,GLASS STAR FROSTED T-LIGHT HOLDER
40,21731,RED TOADSTOOL LED NIGHT LIGHT
59,21733,RED HANGING HEART T-LIGHT HOLDER
1531,21735,TWO DOOR CURIO CABINET
2493,21736,GOLD SCROLL GLASS T-LIGHT HOLDER
373,21738,COSY SLIPPER SHOES SMALL  RED
379,21739,COSY SLIPPER SHOES SMALL GREEN
1426,21741,COSY SLIPPER SHOES LARGE GREEN
619,21742,LARGE ROUND WICKER PLATTER
257,21743,STAR PORTABLE TABLE LIGHT
258,21744,SNOWFLAKE PORTABLE TABLE LIGHT
1195,21745,GAOLERS KEYS DECORATIVE GARDEN
2133,21746,SMALL RED RETROSPOT WINDMILL
2695,21747,SMALL SKULL WINDMILL
2330,21749,LARGE RED RETROSPOT WINDMILL
2331,21750,LARGE SKULL WINDMILL
18,21754,HOME BUILDING BLOCK WORD
19,21755,LOVE BUILDING BLOCK WORD
26,21756,BATH BUILDING BLOCK WORD
2789,21757,LIGHTHOUSE PRINTED METAL SIGN
1041,21758,VINTAGE SHELLS PRINT
1110,21761,WOOD AND GLASS MEDICINE CABINET
2768,21763,VINTAGE WOODEN BAR STOOL
1438,21769,VINTAGE POST OFFICE CABINET
3103,21770,OPEN CLOSED METAL SIGN
777,21773,DECORATIVE ROSE BATHROOM BOTTLE
778,21774,DECORATIVE CATS BATHROOM BOTTLE
1196,21775,DECORATIVE FLORE BATHROOM BOTTLE
20,21777,RECIPE BOX WITH METAL HEART
1111,21781,MA CAMPAGNE CUTLERY BOX
1457,21784,SHOE SHINE BOX
1887,21785,RAIN PONCHO
175,21786,POLKADOT RAIN HAT
779,21787,RAIN PONCHO RETROSPOT
1567,21788,KIDS RAIN MAC BLUE
1139,21789,KIDS RAIN MAC PINK
406,21790,VINTAGE SNAP CARDS
33,21791,VINTAGE HEADS AND TAILS CARD GAME
2277,21792,CLASSIC FRENCH STYLE BASKET GREEN
2683,21793,CLASSIC FRENCH STYLE BASKET BROWN
559,21794,CLASSIC FRENCH STYLE BASKET NATURAL
780,21801,CHRISTMAS TREE DECORATION WITH BELL
781,21802,CHRISTMAS TREE HEART DECORATION
782,21803,CHRISTMAS TREE STAR DECORATION
581,21804,WHITE CHRISTMAS GARLAND STARS TREES
1601,21807,WHITE CHRISTMAS STAR DECORATION
1104,21808,"CHRISTMAS GARLAND STARS,TREES"
783,21809,CHRISTMAS HANGING TREE WITH BELL
610,21810,CHRISTMAS HANGING STAR WITH BELL
343,21811,CHRISTMAS HANGING HEART WITH BELL
2056,21812,GARLAND WITH HEARTS AND BELLS
1103,21813,GARLAND WITH STARS AND BELLS
505,21814,HEART T-LIGHT HOLDER
504,21815,STAR  T-LIGHT HOLDER
503,21816,CHRISTMAS TREE T-LIGHT HOLDER
1102,21817,GLITTER CHRISTMAS TREE
1087,21818,GLITTER CHRISTMAS HEART
1937,21819,GLITTER CHRISTMAS STAR
1197,21820,GLITTER HEART GARLAND WITH BELLS
784,21821,GLITTER STAR GARLAND WITH BELLS
785,21822,GLITTER CHRISTMAS TREE WITH BELLS
358,21823,PAINTED METAL HEART WITH HOLLY BELL
357,21824,PAINTED METAL STAR WITH HOLLY BELLS
628,21826,EIGHT PIECE DINOSAUR SET
2125,21827,EIGHT PIECE CREEPY CRAWLIE SET
1725,21828,EIGHT PIECE SNAKE  SET
1726,21829,DINOSAUR KEYRINGS ASSORTED
1198,21830,ASSORTED CREEPY CRAWLIES
114,21832,CHOCOLATE CALCULATOR
768,21833,CAMOUFLAGE LED TORCH
1862,21836,GINGHAM OVEN GLOVE RED HEART
3114,21839,MUMMY MOUSE RED GINGHAM RIBBON
3063,21841,BABY MOUSE RED GINGHAM DRESS
723,21843,RED RETROSPOT CAKE STAND
211,21844,RED RETROSPOT MUG
1781,21845,DAIRY MAID STRIPE MUG
1199,21846,PINK DIAMANTE PEN IN GIFT BOX
2057,21847,GREEN  DIAMANTE PEN IN GIFT BOX
1483,21849,SILVER DIAMANTE PEN IN GIFT BOX
1141,21850,BLUE  DIAMANTE PEN IN GIFT BOX
786,21851,LILAC DIAMANTE PEN IN GIFT BOX
1120,21864,UNION JACK FLAG PASSPORT COVER
1638,21865,PINK UNION JACK  PASSPORT COVER
335,21866,UNION JACK FLAG LUGGAGE TAG
350,21867,PINK UNION JACK  LUGGAGE TAG
1200,21868,POTTING SHED TEA MUG
709,21870,I CAN ONLY PLEASE ONE PERSON MUG
50,21871,SAVE THE PLANET MUG
1421,21872,GLAMOROUS  MUG
708,21873,IF YOU CAN'T STAND THE HEAT MUG
707,21874,GIN AND TONIC MUG
1201,21875,KINGS CHOICE MUG
1615,21876,POTTERING MUG
1328,21877,HOME SWEET HOME MUG
1609,21878,PACK OF 6 SANDCASTLE FLAGS ASSORTED
787,21879,HEARTS GIFT TAPE
372,21880,RED RETROSPOT TAPE
1372,21881,CUTE CATS TAPE
1627,21882,SKULLS TAPE
31,21883,STARS GIFT TAPE
788,21884,CAKES AND BOWS GIFT  TAPE
789,21888,BINGO SET
190,21889,WOODEN BOX OF DOMINOES
438,21890,S/6 WOODEN SKITTLES IN COTTON BAG
189,21891,TRADITIONAL WOODEN SKIPPING ROPE
437,21892,TRADITIONAL WOODEN CATCH CUP GAME
547,21894,POTTING SHED SEED ENVELOPES
544,21895,POTTING SHED SOW 'N' GROW SET
1202,21896,POTTING SHED TWINE
2843,21897,POTTING SHED CANDLE CITRONELLA
2961,21898,POTTING SHED ROSE CANDLE
1203,21899,"KEY FOB , GARAGE DESIGN"
1565,21900,"KEY FOB , SHED"
1512,21901,"KEY FOB , BACK DOOR"
1511,21902,"KEY FOB , FRONT  DOOR"
1727,21903,MAN FLU METAL SIGN
1926,21904,HOUSE WRECKING METAL SIGN
1757,21905,MORE BUTTER METAL SIGN
1204,21906,PHARMACIE FIRST AID TIN
246,21907,I'M ON HOLIDAY METAL SIGN
1205,21908,CHOCOLATE THIS WAY METAL SIGN
1967,21910,WAY OUT METAL SIGN
790,21911,GARDEN METAL SIGN
113,21912,VINTAGE SNAKES & LADDERS
42,21913,VINTAGE SEASIDE JIGSAW PUZZLES
302,21914,BLUE HARMONICA IN BOX
301,21915,RED  HARMONICA IN BOX
422,21916,SET 12 RETRO WHITE CHALK STICKS
1047,21917,SET 12 KIDS  WHITE CHALK STICKS
1357,21918,SET 12 KIDS COLOUR  CHALK STICKS
791,21922,UNION STRIPE WITH FRINGE  HAMMOCK
1581,21925,UNION STRIPE CUSHION COVER
2873,21926,RED/CREAM STRIPE CUSHION COVER
1580,21927,BLUE/CREAM STRIPE CUSHION COVER
775,21928,JUMBO BAG SCANDINAVIAN PAISLEY
78,21929,JUMBO BAG PINK VINTAGE PAISLEY
593,21930,JUMBO STORAGE BAG SKULLS
77,21931,JUMBO STORAGE BAG SUKI
1753,21932,SCANDINAVIAN PAISLEY PICNIC BAG
1754,21933,PINK VINTAGE PAISLEY PICNIC BAG
90,21934,SKULL SHOULDER BAG
792,21935,SUKI  SHOULDER BAG
1728,21936,RED RETROSPOT PICNIC BAG
1798,21937,STRAWBERRY   PICNIC BAG
793,21942,SKULLS DESIGN FLANNEL
2058,21943,CAKES AND RABBITS DESIGN FLANNEL
794,21944,KITTENS DESIGN FLANNEL
1629,21945,STRAWBERRIES  DESIGN FLANNEL
2485,21946,PARTY TIME DESIGN FLANNEL
1818,21947,SET OF 6 HEART CHOPSTICKS
1513,21948,SET OF 6 CAKE CHOPSTICKS
795,21949,SET OF 6 STRAWBERRY CHOPSTICKS
339,21955,DOORMAT UNION JACK GUNS AND ROSES
701,21967,PACK OF 12 SKULL TISSUES
2502,21972,SET OF 36 DINOSAUR PAPER DOILIES
2093,21973,SET OF 36 MUSHROOM PAPER DOILIES
1206,21974,SET OF 36 PAISLEY FLOWER DOILIES
71,21975,PACK OF 60 DINOSAUR CAKE CASES
419,21976,PACK OF 60 MUSHROOM CAKE CASES
72,21977,PACK OF 60 PINK PAISLEY CAKE CASES
183,21980,PACK OF 12 RED RETROSPOT TISSUES
700,21981,PACK OF 12 WOODLAND TISSUES
699,21982,PACK OF 12 SUKI TISSUES
182,21983,PACK OF 12 BLUE PAISLEY TISSUES
181,21984,PACK OF 12 PINK PAISLEY TISSUES
496,21985,PACK OF 12 HEARTS DESIGN TISSUES
412,21986,PACK OF 12 PINK POLKADOT TISSUES
1447,21987,PACK OF 6 SKULL PAPER CUPS
1448,21988,PACK OF 6 SKULL PAPER PLATES
1449,21989,PACK OF 20 SKULL PAPER NAPKINS
796,21990,MODERN FLORAL STATIONERY SET
797,21991,BOHEMIAN COLLAGE STATIONERY SET
499,21992,VINTAGE PAISLEY STATIONERY SET
798,21993,FLORAL FOLK STATIONERY SET
3510,22016,DOTCOMGIFTSHOP GIFT VOUCHER £100.00
1853,22021,BLUE FELT EASTER EGG BASKET
1376,22023,EMPIRE BIRTHDAY CARD
552,22024,RAINY LADIES BIRTHDAY CARD
1128,22025,RING OF ROSES BIRTHDAY CARD
2205,22026,BANQUET BIRTHDAY  CARD
1377,22027,TEA PARTY BIRTHDAY CARD
1380,22028,PENNY FARTHING BIRTHDAY CARD
1358,22029,SPACEBOY BIRTHDAY CARD
1135,22030,SWALLOWS GREETING CARD
1566,22031,BOTANICAL LAVENDER BIRTHDAY CARD
2600,22032,BOTANICAL LILY GREETING CARD
2599,22033,BOTANICAL ROSE GREETING CARD
1899,22034,ROBIN CHRISTMAS CARD
1742,22035,VINTAGE CARAVAN GREETING CARD
799,22037,ROBOT BIRTHDAY CARD
2934,22038,BOTANICAL LAVENDER GIFT WRAP
3134,22039,BOTANICAL LILY GIFT WRAP
2616,22040,BOTANICAL ROSE GIFT WRAP
529,22041,"RECORD FRAME 7"" SINGLE SIZE"
1571,22042,CHRISTMAS CARD SINGING ANGEL
800,22043,CHRISTMAS CARD SCREEN PRINT
1356,22044,CHRISTMAS CARD STACK OF PRESENTS
1472,22045,SPACEBOY GIFT WRAP
2723,22046,TEA PARTY  WRAPPING PAPER
2526,22047,EMPIRE GIFT WRAP
2280,22048,BIRTHDAY BANQUET GIFT WRAP
684,22049,WRAP CHRISTMAS SCREEN PRINT
2142,22050,PINK PAISLEY ROSE GIFT WRAP
2287,22051,BLUE SCANDINAVIAN PAISLEY WRAP
1989,22052,VINTAGE CARAVAN GIFT WRAP
2423,22053,EMPIRE DESIGN ROSETTE
2443,22055,MINI CAKE STAND  HANGING STRAWBERY
2281,22057,CERAMIC PLATE STRAWBERRY DESIGN
456,22059,CERAMIC STRAWBERRY DESIGN MUG
1585,22060,LARGE CAKE STAND HANGING HEARTS
1586,22061,LARGE CAKE STAND  HANGING STRAWBERY
2615,22062,CERAMIC BOWL WITH LOVE HEART DESIGN
2309,22063,CERAMIC BOWL WITH STRAWBERRY DESIGN
215,22064,PINK DOUGHNUT TRINKET POT
801,22065,CHRISTMAS PUDDING TRINKET POT
2709,22066,LOVE HEART TRINKET POT
802,22067,CHOC TRUFFLE GOLD TRINKET POT
256,22068,BLACK PIRATE TREASURE CHEST
803,22069,BROWN  PIRATE TREASURE CHEST
1405,22070,SMALL RED RETROSPOT MUG IN BOX
804,22071,SMALL WHITE RETROSPOT MUG IN BOX
1756,22072,RED RETROSPOT TEA CUP AND SAUCER
1993,22073,RED RETROSPOT STORAGE JAR
354,22074,6 RIBBONS SHIMMERING PINKS
351,22075,6 RIBBONS ELEGANT CHRISTMAS
805,22076,6 RIBBONS EMPIRE
374,22077,6 RIBBONS RUSTIC CHARM
1207,22078,RIBBON REEL LACE DESIGN
1833,22079,RIBBON REEL HEARTS DESIGN
806,22080,RIBBON REEL POLKADOTS
807,22081,RIBBON REEL FLORA + FAUNA
520,22082,RIBBON REEL STRIPES DESIGN
96,22083,PAPER CHAIN KIT RETROSPOT
1208,22084,PAPER CHAIN KIT EMPIRE
2137,22085,PAPER CHAIN KIT SKULLS
47,22086,PAPER CHAIN KIT 50'S CHRISTMAS
538,22087,PAPER BUNTING WHITE LACE
744,22088,PAPER BUNTING COLOURED LACE
1572,22089,PAPER BUNTING VINTAGE PAISLEY
808,22090,PAPER BUNTING RETROSPOT
1209,22091,EMPIRE TISSUE BOX
588,22092,BLUE PAISLEY TISSUE BOX
1911,22093,MOTORING TISSUE BOX
705,22094,RED RETROSPOT TISSUE BOX
704,22095,LADS ONLY TISSUE BOX
589,22096,PINK PAISLEY SQUARE TISSUE BOX
673,22097,SWALLOW SQUARE TISSUE BOX
222,22098,BOUDOIR SQUARE TISSUE BOX
570,22099,CARAVAN SQUARE TISSUE BOX
223,22100,SKULLS SQUARE TISSUE BOX
2156,22101,MIRROR MOSAIC VOTIVE HOLDER
2469,22102,MIRROR MOSAIC T-LIGHT HOLDER
2825,22103,MIRROR MOSAIC T-LIGHT HOLDER ROUND
2059,22104,MIRROR MOSAIC CANDLE PLATE
1652,22105,MIRROR MOSAIC GOBLET CANDLE HOLDER
2003,22106,MIRROR MOSAIC HURRICANE LAMP
564,22107,PIZZA PLATE IN BOX
2004,22108,PING! MICROWAVE PLATE
341,22109,FULL ENGLISH BREAKFAST PLATE
221,22110,BIRD HOUSE HOT WATER BOTTLE
220,22111,SCOTTIE DOG HOT WATER BOTTLE
218,22112,CHOCOLATE HOT WATER BOTTLE
442,22113,GREY HEART HOT WATER BOTTLE
58,22114,HOT WATER BOTTLE TEA AND SYMPATHY
445,22115,METAL SIGN EMPIRE TEA
1759,22116,METAL SIGN HIS DINNER IS SERVED
240,22117,METAL SIGN HER DINNER IS SERVED
724,22118,JOY WOODEN BLOCK LETTERS
726,22119,PEACE WOODEN BLOCK LETTERS
670,22120,WELCOME  WOODEN BLOCK LETTERS
725,22121,NOEL WOODEN BLOCK LETTERS
1860,22123,PING MICROWAVE APRON
1210,22124,SET OF 2 TEA TOWELS PING MICROWAVE
2885,22125,UNION JACK HOT WATER BOTTLE
192,22127,PARTY CONES CARNIVAL ASSORTED
193,22128,PARTY CONES CANDY ASSORTED
1914,22129,PARTY CONES CANDY TREE DECORATION
404,22130,PARTY CONE CHRISTMAS DECORATION
1410,22131,FOOD CONTAINER SET 3 LOVE HEART
1639,22132,RED LOVE HEART SHAPE CUP
1630,22133,PINK LOVE HEART SHAPE CUP
809,22134,LADLE LOVE HEART RED
810,22135,LADLE LOVE HEART PINK
1149,22136,LOVE HEART SOCK HANGER
1763,22137,BATHROOM SET LOVE HEART DESIGN
2336,22138,BAKING SET 9 PIECE RETROSPOT
80,22139,RETROSPOT TEA SET CERAMIC 11 PC
377,22141,CHRISTMAS CRAFT TREE TOP ANGEL
459,22142,CHRISTMAS CRAFT WHITE FAIRY
378,22144,CHRISTMAS CRAFT LITTLE FRIENDS
2335,22145,CHRISTMAS CRAFT HEART STOCKING
2898,22146,EASTER CRAFT IVY WREATH WITH CHICK
403,22147,FELTCRAFT BUTTERFLY HEARTS
2698,22148,EASTER CRAFT 4 CHICKS
407,22149,FELTCRAFT 6 FLOWER FRIENDS
187,22150,3 STRIPEY MICE FELTCRAFT
566,22151,PLACE SETTING WHITE HEART
475,22152,PLACE SETTING WHITE STAR
359,22153,ANGEL DECORATION STARS ON DRESS
811,22154,ANGEL DECORATION 3 BUTTONS
812,22155,STAR DECORATION RUSTIC
813,22156,HEART DECORATION WITH PEARLS
1976,22157,ANGEL DECORATION WITH LACE PADDED
1605,22158,3 HEARTS HANGING DECORATION RUSTIC
814,22161,HEART DECORATION RUSTIC HANGING
815,22162,HEART GARLAND RUSTIC PADDED
1653,22163,HEART STRING MEMO HOLDER HANGING
663,22164,STRING OF STARS CARD HOLDER
1211,22165,"DIAMANTE HEART SHAPED WALL MIRROR,"
1640,22166,WALL MIRROR RECTANGLE DIAMANTE PINK
1616,22167,OVAL WALL MIRROR DIAMANTE
138,22168,ORGANISER WOOD ANTIQUE WHITE
816,22169,FAMILY ALBUM WHITE PICTURE FRAME
1393,22170,PICTURE FRAME WOOD TRIPLE PORTRAIT
754,22171,3 HOOK PHOTO SHELF ANTIQUE WHITE
636,22173,METAL 4 HOOK HANGER FRENCH CHATEAU
179,22174,PHOTO CUBE
1523,22175,PINK OWL SOFT TOY
107,22176,BLUE OWL SOFT TOY
307,22178,VICTORIAN GLASS HANGING T-LIGHT
390,22179,SET 10 LIGHTS NIGHT OWL
196,22180,RETROSPOT LAMP
1544,22181,SNOWSTORM PHOTO FRAME FRIDGE MAGNET
817,22182,CAKE STAND VICTORIAN FILIGREE SMALL
344,22183,CAKE STAND VICTORIAN FILIGREE MED
1212,22184,CAKE STAND VICTORIAN FILIGREE LARGE
675,22185,SLATE TILE NATURAL HANGING
400,22186,RED STAR CARD HOLDER
662,22187,GREEN CHRISTMAS TREE CARD HOLDER
204,22188,BLACK HEART CARD HOLDER
132,22189,CREAM HEART CARD HOLDER
818,22190,LOCAL CAFE MUG
162,22191,IVORY DINER WALL CLOCK
161,22192,BLUE DINER WALL CLOCK
160,22193,RED DINER WALL CLOCK
687,22194,BLACK DINER WALL CLOCK
163,22195,LARGE HEART MEASURING SPOONS
164,22196,SMALL HEART MEASURING SPOONS
171,22197,SMALL POPCORN HOLDER
172,22198,LARGE POPCORN HOLDER
1928,22199,FRYING PAN RED RETROSPOT
1617,22200,FRYING PAN PINK POLKADOT
2365,22201,FRYING PAN BLUE POLKADOT
1429,22202,MILK PAN PINK POLKADOT
819,22203,MILK PAN RED RETROSPOT
2572,22204,MILK PAN BLUE POLKADOT
2657,22206,"MUG , DOTCOMGIFTSHOP.COM"
820,22207,FRYING PAN UNION FLAG
1213,22208,WOOD STAMP SET THANK YOU
1420,22209,WOOD STAMP SET HAPPY BIRTHDAY
1419,22210,WOOD STAMP SET BEST WISHES
2203,22211,WOOD STAMP SET FLOWERS
1059,22212,FOUR HOOK  WHITE LOVEBIRDS
2527,22214,CANDLE PLATE LACE WHITE
1444,22215,CAKE STAND WHITE TWO TIER LACE
1654,22216,T-LIGHT HOLDER WHITE LACE
623,22217,T-LIGHT HOLDER HANGING LACE
2613,22218,CAKE STAND LACE WHITE
314,22219,LOVEBIRD HANGING DECORATION WHITE
1337,22220,CAKE STAND LOVEBIRD 2 TIER WHITE
2005,22221,CAKE STAND LOVEBIRD 2 TIER PINK
660,22222,CAKE PLATE LOVEBIRD WHITE
2006,22223,CAKE PLATE LOVEBIRD PINK
130,22224,WHITE LOVEBIRD LANTERN
624,22227,HANGING HEART MIRROR DECORATION
2435,22228,BUNNY WOODEN PAINTED WITH BIRD
2434,22229,BUNNY WOODEN PAINTED WITH FLOWER
2394,22230,JIGSAW TREE WITH WATERING CAN
1908,22231,JIGSAW TREE WITH BIRDHOUSE
2480,22232,JIGSAW TOADSTOOLS 3 PIECE
2097,22233,JIGSAW RABBIT AND BIRDHOUSE
2353,22236,CAKE STAND 3 TIER MAGIC GARDEN
585,22241,GARLAND WOODEN HAPPY EASTER
154,22242,5 HOOK HANGER MAGIC TOADSTOOL
376,22243,5 HOOK HANGER RED MAGIC TOADSTOOL
641,22244,3 HOOK HANGER MAGIC GARDEN
1043,22245,"HOOK, 1 HANGER ,MAGIC GARDEN"
1214,22246,MAGIC GARDEN FELT GARLAND
2734,22247,BUNNY DECORATION MAGIC GARDEN
1655,22248,DECORATION  PINK CHICK MAGIC GARDEN
2639,22249,DECORATION WHITE CHICK MAGIC GARDEN
1656,22250,DECORATION  BUTTERFLY  MAGIC GARDEN
1657,22251,BIRDHOUSE DECORATION MAGIC GARDEN
1940,22252,BIRDCAGE DECORATION TEALIGHT HOLDER
2351,22254,FELT TOADSTOOL LARGE
1658,22255,FELT TOADSTOOL  SMALL
1845,22256,FELT FARM ANIMAL CHICKEN
2586,22257,FELT FARM ANIMAL SHEEP
2587,22258,FELT FARM ANIMAL RABBIT
2588,22259,FELT FARM ANIMAL HEN
1148,22260,FELT EGG COSY BLUE RABBIT
99,22261,FELT EGG COSY WHITE RABBIT
88,22262,FELT EGG COSY CHICKEN
2412,22263,FELT EGG COSY LADYBIRD
1543,22264,FELT FARM ANIMAL WHITE BUNNY
821,22265,EASTER DECORATION NATURAL CHICK
2786,22266,EASTER DECORATION HANGING BUNNY
2787,22267,EASTER DECORATION EGG BUNNY
2749,22268,EASTER DECORATION SITTING BUNNY
2366,22269,EGG CUP NATURAL CHICKEN
2556,22270,HAPPY EASTER HANGING DECORATION
380,22271,FELTCRAFT DOLL ROSIE
1349,22272,FELTCRAFT DOLL MARIA
369,22273,FELTCRAFT DOLL MOLLY
381,22274,FELTCRAFT DOLL EMILY
1570,22275,WEEKEND BAG VINTAGE ROSE PAISLEY
822,22276,WASH BAG VINTAGE ROSE PAISLEY
729,22277,COSMETIC BAG VINTAGE ROSE PAISLEY
1070,22278,OVERNIGHT BAG VINTAGE ROSE PAISLEY
2040,22279,POCKET BAG BLUE PAISLEY RED SPOT
2041,22280,POCKET BAG PINK PAISELY BROWN SPOT
2503,22281,EASTER TREE YELLOW BIRDS
2007,22282,12 EGG HOUSE PAINTED WOOD
1215,22283,6 EGG HOUSE PAINTED WOOD
1416,22284,HEN HOUSE DECORATION
1415,22285,"DECORATION HEN ON NEST, HANGING"
2453,22286,"DECORATION , WOBBLY RABBIT , METAL"
2454,22287,"DECORATION , WOBBLY CHICKEN, METAL"
1659,22288,HANGING METAL RABBIT DECORATION
2512,22289,HANGING METAL CHICKEN DECORATION
2427,22291,HANGING CHICK CREAM DECORATION
1470,22292,HANGING CHICK  YELLOW DECORATION
2214,22293,HANGING CHICK GREEN DECORATION
462,22294,HEART FILIGREE DOVE  SMALL
497,22295,HEART FILIGREE DOVE LARGE
296,22296,HEART IVORY TRELLIS LARGE
275,22297,HEART IVORY TRELLIS SMALL
823,22299,PIG KEYRING WITH LIGHT & SOUND
824,22300,COFFEE MUG DOG + BALL DESIGN
825,22301,COFFEE MUG CAT + BIRD DESIGN
2610,22302,COFFEE MUG PEARS  DESIGN
2577,22303,COFFEE MUG APPLES DESIGN
1216,22304,COFFEE MUG BLUE PAISLEY DESIGN
1842,22305,COFFEE MUG PINK PAISLEY DESIGN
1766,22306,SILVER MUG BONE CHINA TREE OF LIFE
1806,22307,GOLD MUG BONE CHINA TREE OF LIFE
1217,22308,TEA COSY BLUE STRIPE
826,22309,TEA COSY RED  STRIPE
14,22310,IVORY KNITTED MUG COSY
727,22311,OFFICE MUG WARMER BLACK+SILVER
527,22312,OFFICE MUG WARMER POLKADOT
1085,22313,OFFICE MUG WARMER PINK
827,22314,OFFICE MUG WARMER CHOC+BLUE
711,22315,200 RED + WHITE BENDY STRAWS
1450,22316,200 BENDY SKULL STRAWS
1218,22317,FIVE CATS HANGING DECORATION
148,22318,FIVE HEART HANGING DECORATION
2389,22319,HAIRCLIPS FORTIES FABRIC ASSORTED
1440,22320,BIRDS MOBILE VINTAGE DESIGN
408,22321,BIRD DECORATION RED RETROSPOT
2060,22322,BIRD DECORATION GREEN POLKADOT
2824,22323,PINK POLKADOT KIDS BAG
1219,22324,BLUE POLKADOT KIDS BAG
1220,22325,MOBILE VINTAGE HEARTS
35,22326,ROUND SNACK BOXES SET OF4 WOODLAND
363,22327,ROUND SNACK BOXES SET OF 4 SKULLS
362,22328,ROUND SNACK BOXES SET OF 4 FRUITS
2008,22329,ROUND CONTAINER SET OF 5 RETROSPOT
1221,22331,WOODLAND PARTY BAG + STICKER SET
1451,22332,SKULLS PARTY BAG + STICKER SET
513,22333,RETROSPOT PARTY BAG + STICKER SET
1583,22334,DINOSAUR PARTY BAG + STICKER SET
828,22335,HEART DECORATION PAINTED ZINC
829,22336,DOVE DECORATION PAINTED ZINC
1795,22337,ANGEL DECORATION PAINTED ZINC
195,22338,STAR DECORATION PAINTED ZINC
1794,22339,CHRISTMAS TREE PAINTED ZINC
2061,22340,NOEL GARLAND PAINTED ZINC
1536,22341,LOVE GARLAND PAINTED ZINC
1222,22342,HOME GARLAND PAINTED ZINC
1507,22343,PARTY PIZZA DISH RED RETROSPOT
1959,22344,PARTY PIZZA DISH PINK POLKADOT
830,22345,PARTY PIZZA DISH BLUE POLKADOT
1958,22346,PARTY PIZZA DISH GREEN POLKADOT
831,22348,TEA BAG PLATE RED RETROSPOT
200,22349,DOG BOWL CHASING BALL DESIGN
1223,22350,ILLUSTRATED CAT BOWL
2992,22351,DOTCOMGIFTSHOP TEA TOWEL
69,22352,LUNCH BOX WITH CUTLERY RETROSPOT
2939,22353,LUNCH BOX WITH CUTLERY FAIRY CAKES
1874,22354,RETROSPOT PADDED SEAT CUSHION
764,22355,CHARLOTTE BAG SUKI DESIGN
832,22356,CHARLOTTE BAG PINK POLKADOT
444,22357,KINGS CHOICE BISCUIT TIN
443,22358,KINGS CHOICE TEA CADDY
833,22359,GLASS JAR KINGS CHOICE
667,22360,GLASS JAR ENGLISH CONFECTIONERY
834,22361,GLASS JAR DAISY FRESH COTTON WOOL
1800,22362,GLASS JAR PEACOCK BATH SALTS
1660,22363,GLASS JAR MARMALADE
668,22364,GLASS JAR DIGESTIVE BISCUITS
1352,22365,DOORMAT RESPECTABLE HOUSE
1076,22366,DOORMAT AIRMAIL
417,22367,CHILDRENS APRON SPACEBOY DESIGN
318,22371,AIRLINE BAG VINTAGE TOKYO 78
545,22372,AIRLINE BAG VINTAGE WORLD CHAMPION
1425,22374,AIRLINE BAG VINTAGE JET SET RED
835,22375,AIRLINE BAG VINTAGE JET SET BROWN
543,22376,AIRLINE BAG VINTAGE JET SET WHITE
2042,22377,BOTTLE BAG RETROSPOT
836,22378,WALL TIDY RETROSPOT
115,22379,RECYCLING BAG RETROSPOT
837,22380,TOY TIDY SPACEBOY
116,22381,TOY TIDY PINK POLKADOT
265,22382,LUNCH BAG SPACEBOY DESIGN
293,22383,LUNCH BAG SUKI  DESIGN
267,22384,LUNCH BAG PINK POLKADOT
1424,22385,JUMBO BAG SPACEBOY DESIGN
60,22386,JUMBO BAG PINK POLKADOT
1991,22389,PAPERWEIGHT SAVE THE PLANET
1849,22390,PAPERWEIGHT CHILDHOOD MEMORIES
2449,22391,PAPERWEIGHT HOME SWEET HOME
1224,22393,PAPERWEIGHT VINTAGE COLLAGE
838,22394,PAPERWEIGHT KINGS CHOICE
1661,22395,PAPERWEIGHT VINTAGE PAISLEY
839,22396,MAGNETS PACK OF 4 RETRO PHOTO
1782,22398,MAGNETS PACK OF 4 SWALLOWS
1081,22399,MAGNETS PACK OF 4 CHILDHOOD MEMORY
1080,22400,MAGNETS PACK OF 4 HOME SWEET HOME
1079,22402,MAGNETS PACK OF 4 VINTAGE COLLAGE
1838,22403,MAGNETS PACK OF 4 VINTAGE LABELS
1225,22405,MONEY BOX POCKET MONEY DESIGN
1569,22406,MONEY BOX KINGS CHOICE DESIGN
2640,22407,MONEY BOX FIRST ADE DESIGN
1568,22408,MONEY BOX CONFECTIONERY DESIGN
1226,22409,MONEY BOX BISCUITS DESIGN
2635,22410,MONEY BOX HOUSEKEEPING DESIGN
82,22411,JUMBO SHOPPER VINTAGE RED PAISLEY
1618,22412,METAL SIGN NEIGHBOURHOOD WITCH
245,22413,METAL SIGN TAKE IT OR LEAVE IT
1758,22414,DOORMAT NEIGHBOURHOOD WITCH
1844,22415,WHITE TISSUE REAM
2009,22416,SET OF 36 DOILIES SPACEBOY DESIGN
291,22417,PACK OF 60 SPACEBOY CAKE CASES
306,22418,10 COLOUR SPACEBOY PEN
840,22419,LIPSTICK PEN RED
1227,22420,LIPSTICK PEN BABY PINK
1131,22421,LIPSTICK PEN FUSCHIA
841,22422,TOOTHPASTE TUBE PEN
533,22423,REGENCY CAKESTAND 3 TIER
135,22424,ENAMEL BREAD BIN CREAM
1228,22425,ENAMEL COLANDER CREAM
1490,22426,ENAMEL WASH BOWL CREAM
133,22427,ENAMEL FLOWER JUG CREAM
134,22428,ENAMEL FIRE BUCKET CREAM
631,22429,ENAMEL MEASURING JUG CREAM
842,22430,ENAMEL WATERING CAN CREAM
1385,22431,WATERING CAN BLUE ELEPHANT
843,22432,WATERING CAN PINK BUNNY
1384,22433,WATERING CAN GREEN DINOSAUR
1365,22434,BALLOON PUMP WITH 10 BALLOONS
252,22435,SET OF 9 HEART SHAPED BALLOONS
1478,22436,12 COLOURED PARTY BALLOONS
844,22437,SET OF 9 BLACK SKULL BALLOONS
108,22438,BALLOON ART MAKE YOUR OWN FLOWERS
1519,22439,6 ROCKET BALLOONS
1364,22440,BALLOON WATER BOMB PACK OF 35
247,22441,GROW YOUR OWN BASIL IN ENAMEL MUG
1437,22442,GROW YOUR OWN FLOWERS SET OF 3
1600,22443,GROW YOUR OWN HERBS SET OF 3
690,22444,GROW YOUR OWN PLANT IN A CAN
656,22445,PENCIL CASE LIFE IS BEAUTIFUL
1325,22446,PIN CUSHION BABUSHKA PINK
1324,22447,PIN CUSHION BABUSHKA BLUE
1323,22448,PIN CUSHION BABUSHKA RED
216,22449,SILK PURSE BABUSHKA PINK
1464,22450,SILK PURSE BABUSHKA BLUE
225,22451,SILK PURSE BABUSHKA RED
1537,22452,MEASURING TAPE BABUSHKA PINK
655,22453,MEASURING TAPE BABUSHKA BLUE
649,22454,MEASURING TAPE BABUSHKA RED
1631,22456,NATURAL SLATE CHALKBOARD LARGE
127,22457,NATURAL SLATE HEART CHALKBOARD
1229,22458,CAST IRON HOOK GARDEN FORK
1230,22459,CAST IRON HOOK GARDEN TROWEL
1383,22460,EMBOSSED GLASS TEALIGHT HOLDER
1968,22461,SAVOY ART DECO CLOCK
125,22464,HANGING METAL HEART LANTERN
309,22465,HANGING METAL STAR LANTERN
145,22466,FAIRY TALE COTTAGE NIGHTLIGHT
268,22467,GUMBALL COAT RACK
212,22468,BABUSHKA LIGHTS STRING OF 10
128,22469,HEART OF WICKER SMALL
129,22470,HEART OF WICKER LARGE
845,22471,TV DINNER TRAY AIR HOSTESS
426,22472,TV DINNER TRAY DOLLY GIRL
231,22473,TV DINNER TRAY VINTAGE PAISLEY
1508,22474,SPACEBOY TV DINNER TRAY
1949,22475,SKULL DESIGN TV DINNER TRAY
846,22476,EMPIRE UNION JACK TV DINNER TRAY
847,22477,WATERING CAN GARDEN MARKER
848,22478,BIRDHOUSE GARDEN MARKER
849,22479,DAISY GARDEN MARKER
461,22480,RED TEA TOWEL CLASSIC DESIGN
620,22481,BLACK TEA TOWEL CLASSIC DESIGN
1046,22482,BLUE TEA TOWEL CLASSIC DESIGN
1662,22483,RED GINGHAM TEDDY BEAR
558,22485,SET OF 2 WOODEN MARKET CRATES
2099,22486,PLASMATRONIC LAMP
666,22487,WHITE WOOD GARDEN PLANT LADDER
313,22488,NATURAL SLATE RECTANGLE CHALKBOARD
696,22489,PACK OF 12 TRADITIONAL CRAYONS
1373,22491,PACK OF 12 COLOURED PENCILS
45,22492,MINI PAINT SET VINTAGE
767,22493,PAINT YOUR OWN CANVAS SET
718,22494,EMERGENCY FIRST AID TIN
2043,22495,SET OF 2 ROUND TINS CAMEMBERT
1090,22496,SET OF 2 ROUND TINS DUTCH CHEESE
850,22497,SET OF 2 TINS VINTAGE BATHROOM
2194,22498,WOODEN REGATTA BUNTING
1231,22499,WOODEN UNION JACK BUNTING
521,22500,SET OF 2 TINS JARDIN DE PROVENCE
600,22501,PICNIC BASKET WICKER LARGE
194,22502,PICNIC BASKET WICKER SMALL
1232,22503,CABIN BAG VINTAGE PAISLEY
1604,22504,CABIN BAG VINTAGE RETROSPOT
1467,22505,MEMO BOARD COTTAGE DESIGN
1353,22507,MEMO BOARD RETROSPOT  DESIGN
451,22508,DOORSTOP RETROSPOT HEART
1810,22509,SEWING BOX RETROSPOT DESIGN
2303,22510,GINGHAM BABUSHKA DOORSTOP
452,22511,RETROSPOT BABUSHKA DOORSTOP
2255,22512,DOORSTOP RACING CAR DESIGN
2243,22513,DOORSTOP FOOTBALL DESIGN
1468,22514,CHILDS GARDEN SPADE BLUE
851,22515,CHILDS GARDEN SPADE PINK
2241,22516,CHILDS GARDEN RAKE BLUE
852,22517,CHILDS GARDEN RAKE PINK
1641,22518,CHILDS GARDEN BRUSH BLUE
853,22519,CHILDS GARDEN BRUSH PINK
2555,22520,CHILDS GARDEN TROWEL BLUE
2044,22521,CHILDS GARDEN TROWEL PINK
2554,22522,CHILDS GARDEN FORK BLUE
2045,22523,CHILDS GARDEN FORK PINK
1329,22524,CHILDRENS GARDEN GLOVES BLUE
1619,22525,CHILDRENS GARDEN GLOVES PINK
2367,22526,WHEELBARROW FOR CHILDREN
2237,22528,GARDENERS KNEELING PAD
430,22529,MAGIC DRAWING SLATE GO TO THE FAIR
431,22530,MAGIC DRAWING SLATE DOLLY GIRL
342,22531,MAGIC DRAWING SLATE CIRCUS PARADE
1865,22532,MAGIC DRAWING SLATE LEAP FROG
299,22533,MAGIC DRAWING SLATE BAKE A CAKE
429,22534,MAGIC DRAWING SLATE SPACEBOY
2146,22535,MAGIC DRAWING SLATE BUNNIES
1233,22536,MAGIC DRAWING SLATE PURDEY
298,22537,MAGIC DRAWING SLATE DINOSAUR
2332,22538,MINI JIGSAW GO TO THE FAIR
694,22539,MINI JIGSAW DOLLY GIRL
43,22540,MINI JIGSAW CIRCUS PARADE
2333,22541,MINI JIGSAW LEAP FROG
693,22543,MINI JIGSAW BAKE A CAKE
44,22544,MINI JIGSAW SPACEBOY
854,22545,MINI JIGSAW BUNNIES
1663,22546,MINI JIGSAW PURDEY
692,22547,MINI JIGSAW DINOSAUR
629,22548,HEADS AND TAILS SPORTING FUN
226,22549,PICTURE DOMINOES
855,22550,HOLIDAY FUN LUDO
427,22551,PLASTERS IN TIN SPACEBOY
186,22553,PLASTERS IN TIN SKULLS
428,22554,PLASTERS IN TIN WOODLAND ANIMALS
691,22555,PLASTERS IN TIN STRONGMAN
180,22556,PLASTERS IN TIN CIRCUS PARADE
185,22557,PLASTERS IN TIN VINTAGE PAISLEY
201,22558,CLOTHES PEGS RETROSPOT PACK 24
1401,22559,SEASIDE FLYING DISC
856,22560,TRADITIONAL MODELLING CLAY
695,22561,WOODEN SCHOOL COLOURING SET
1558,22562,MONSTERS STENCIL CRAFT
1839,22563,HAPPY STENCIL CRAFT
1366,22564,ALPHABET STENCIL CRAFT
425,22565,FELTCRAFT HAIRBANDS PINK AND WHITE
424,22566,FELTCRAFT HAIRBAND PINK AND PURPLE
715,22567,20 DOLLY PEGS RETROSPOT
331,22568,FELTCRAFT CUSHION OWL
385,22569,FELTCRAFT CUSHION BUTTERFLY
384,22570,FELTCRAFT CUSHION RABBIT
532,22571,ROCKING HORSE RED CHRISTMAS
1097,22572,ROCKING HORSE GREEN CHRISTMAS
507,22573,STAR WOODEN CHRISTMAS DECORATION
749,22574,HEART WOODEN CHRISTMAS DECORATION
580,22575,METAL MERRY CHRISTMAS WREATH
1101,22576,SWALLOW WOODEN CHRISTMAS DECORATION
508,22577,WOODEN HEART CHRISTMAS SCANDINAVIAN
1118,22578,WOODEN STAR CHRISTMAS SCANDINAVIAN
1096,22579,WOODEN TREE CHRISTMAS SCANDINAVIAN
402,22580,ADVENT CALENDAR GINGHAM SACK
1095,22581,WOOD STOCKING CHRISTMAS SCANDISPOT
517,22582,PACK OF 6 SWEETIE GIFT BOXES
584,22583,PACK OF 6 HANDBAG GIFT BOXES
648,22584,PACK OF 6 PANNETONE GIFT BOXES
447,22585,PACK OF 6 BIRDY GIFT TAGS
1234,22586,FELTCRAFT HAIRBAND PINK AND BLUE
423,22587,FELTCRAFT HAIRBAND RED AND BLUE
561,22588,CARD HOLDER GINGHAM HEART
857,22589,CARDHOLDER GINGHAM STAR
1603,22591,CARDHOLDER GINGHAM CHRISTMAS TREE
1067,22592,CARDHOLDER HOLLY WREATH METAL
410,22593,CHRISTMAS GINGHAM STAR
409,22594,CHRISTMAS GINGHAM TREE
411,22595,CHRISTMAS GINGHAM HEART
2904,22596,CHRISTMAS STAR WISH LIST CHALKBOARD
1050,22597,CHRISTMAS MUSICAL ZINC HEART
1864,22598,CHRISTMAS MUSICAL ZINC TREE
1049,22599,CHRISTMAS MUSICAL ZINC STAR
748,22600,CHRISTMAS RETROSPOT STAR WOOD
747,22601,CHRISTMAS RETROSPOT ANGEL WOOD
1235,22602,CHRISTMAS RETROSPOT HEART WOOD
509,22603,CHRISTMAS RETROSPOT TREE WOOD
569,22604,SET OF 4 NAPKIN CHARMS CUTLERY
858,22605,WOODEN CROQUET GARDEN SET
2085,22606,WOODEN SKITTLES GARDEN SET
657,22607,WOODEN ROUNDERS GARDEN SET
2215,22608,PENS ASSORTED FUNKY JEWELED
1664,22609,PENS ASSORTED SPACEBALL
315,22610,PENS ASSORTED FUNNY FACE
2256,22611,VINTAGE UNION JACK SHOPPING BAG
2010,22613,PACK OF 20 SPACEBOY NAPKINS
703,22614,PACK OF 12 SPACEBOY TISSUES
702,22615,PACK OF 12 CIRCUS PARADE TISSUES
414,22616,PACK OF 12 LONDON TISSUES
1346,22617,BAKING SET SPACEBOY DESIGN
473,22618,COOKING SET RETROSPOT
188,22619,SET OF 6 SOLDIER SKITTLES
325,22620,4 TRADITIONAL SPINNING TOPS
1606,22621,TRADITIONAL KNITTING NANCY
17,22622,BOX OF VINTAGE ALPHABET BLOCKS
16,22623,BOX OF VINTAGE JIGSAW BLOCKS
639,22624,IVORY KITCHEN SCALES
638,22625,RED KITCHEN SCALES
637,22626,BLACK KITCHEN SCALES
665,22627,MINT KITCHEN SCALES
1642,22628,PICNIC BOXES SET OF 3 RETROSPOT
36,22629,SPACEBOY LUNCH BOX
364,22630,DOLLY GIRL LUNCH BOX
38,22631,CIRCUS PARADE LUNCH BOX
9,22632,HAND WARMER RED POLKA DOT
8,22633,HAND WARMER UNION JACK
659,22634,CHILDS BREAKFAST SET SPACEBOY
658,22635,CHILDS BREAKFAST SET DOLLY GIRL
1561,22636,CHILDS BREAKFAST SET CIRCUS PARADE
89,22637,PIGGY BANK RETROSPOT
1100,22638,SET OF 4 NAPKIN CHARMS CROWNS
859,22639,SET OF 4 NAPKIN CHARMS HEARTS
1098,22640,SET OF 4 NAPKIN CHARMS 3 KEYS
1099,22641,SET OF 4 NAPKIN CHARMS INSTRUMENT
568,22642,SET OF 4 NAPKIN CHARMS STARS
567,22643,SET OF 4 NAPKIN CHARMS LEAVES
101,22644,CERAMIC CHERRY CAKE MONEY BANK
449,22645,CERAMIC HEART FAIRY CAKE MONEY BANK
106,22646,CERAMIC STRAWBERRY CAKE MONEY BANK
2334,22647,CERAMIC LOVE HEART MONEY BANK
1236,22649,STRAWBERRY FAIRY CAKE TEAPOT
450,22650,CERAMIC PIRATE CHEST MONEY BANK
539,22651,GENTLEMAN SHIRT REPAIR KIT
203,22652,TRAVEL SEWING KIT
571,22653,BUTTON BOX
176,22654,DELUXE SEWING KIT
1584,22655,VINTAGE RED KITCHEN CABINET
2545,22656,VINTAGE BLUE KITCHEN CABINET
37,22659,LUNCH BOX I LOVE LONDON
1109,22660,DOORMAT I LOVE LONDON
39,22661,CHARLOTTE BAG DOLLY GIRL DESIGN
139,22662,LUNCH BAG DOLLY GIRL DESIGN
136,22663,JUMBO BAG DOLLY GIRL DESIGN
333,22664,TOY TIDY DOLLY GIRL DESIGN
714,22665,RECIPE BOX BLUE SKETCHBOOK DESIGN
713,22666,RECIPE BOX PANTRY YELLOW DESIGN
712,22667,RECIPE BOX RETROSPOT
1237,22668,PINK BABY BUNTING
860,22669,RED BABY BUNTING
477,22670,FRENCH WC SIGN BLUE METAL
1820,22671,FRENCH LAUNDRY SIGN BLUE METAL
1388,22672,FRENCH BATHROOM SIGN BLUE METAL
1238,22673,FRENCH GARDEN SIGN BLUE METAL
1890,22674,FRENCH TOILET SIGN BLUE METAL
861,22675,FRENCH KITCHEN SIGN BLUE METAL
1387,22676,FRENCH BLUE METAL DOOR SIGN 1
2046,22677,FRENCH BLUE METAL DOOR SIGN 2
1060,22678,FRENCH BLUE METAL DOOR SIGN 3
2245,22679,FRENCH BLUE METAL DOOR SIGN 4
721,22680,FRENCH BLUE METAL DOOR SIGN 5
2132,22681,FRENCH BLUE METAL DOOR SIGN 6
2047,22682,FRENCH BLUE METAL DOOR SIGN 7
2091,22683,FRENCH BLUE METAL DOOR SIGN 8
1904,22684,FRENCH BLUE METAL DOOR SIGN 9
2092,22685,FRENCH BLUE METAL DOOR SIGN 0
1061,22686,FRENCH BLUE METAL DOOR SIGN NO
3082,22687,DOORMAT CHRISTMAS VILLAGE
688,22688,DOORMAT PEACE ON EARTH BLUE
1602,22689,DOORMAT MERRY CHRISTMAS RED
1970,22690,DOORMAT HOME SWEET HOME BLUE
2094,22691,DOORMAT WELCOME SUNRISE
1239,22692,DOORMAT WELCOME TO OUR HOME
2187,22693,GROW A FLYTRAP OR SUNFLOWER IN TIN
405,22694,WICKER STAR
401,22695,WICKER WREATH SMALL
1112,22696,WICKER WREATH LARGE
627,22697,GREEN REGENCY TEACUP AND SAUCER
2346,22698,PINK REGENCY TEACUP AND SAUCER
622,22699,ROSES REGENCY TEACUP AND SAUCER
2128,22700,BLACK AND WHITE DOG BOWL
1799,22701,PINK DOG BOWL
1649,22702,BLACK AND WHITE CAT BOWL
2344,22703,PINK CAT BOWL
682,22704,WRAP RED APPLES
1528,22705,WRAP GREEN PEARS
317,22706,WRAP COWBOYS
2691,22707,WRAP MONSTER FUN
2279,22708,WRAP DOLLY GIRL
2759,22709,WRAP WEDDING DAY
2286,22710,WRAP I LOVE LONDON
2553,22711,WRAP CIRCUS PARADE
550,22712,CARD DOLLY GIRL
540,22713,CARD I LOVE LONDON
321,22714,CARD BIRTHDAY COWBOY
2048,22715,CARD WEDDING DAY
316,22716,CARD CIRCUS PARADE
1379,22717,CARD DOG AND BALL
1378,22718,CARD CAT AND TREE
110,22719,GUMBALL MONOCHROME COAT RACK
2537,22720,SET OF 3 CAKE TINS PANTRY DESIGN
2552,22721,SET OF 3 CAKE TINS SKETCHBOOK
2536,22722,SET OF 6 SPICE TINS PANTRY DESIGN
2535,22723,SET OF 6 HERB TINS SKETCHBOOK
1129,22725,ALARM CLOCK BAKELIKE CHOCOLATE
29,22726,ALARM CLOCK BAKELIKE GREEN
28,22727,ALARM CLOCK BAKELIKE RED
27,22728,ALARM CLOCK BAKELIKE PINK
207,22729,ALARM CLOCK BAKELIKE ORANGE
206,22730,ALARM CLOCK BAKELIKE IVORY
515,22731,3D CHRISTMAS STAMPS STICKERS
1737,22732,3D VINTAGE CHRISTMAS STICKERS
1400,22733,3D TRADITIONAL CHRISTMAS STICKERS
862,22734,SET OF 6 RIBBONS VINTAGE CHRISTMAS
501,22735,RIBBON REEL SOCKS AND MITTENS
324,22736,RIBBON REEL MAKING SNOWMEN
493,22737,RIBBON REEL CHRISTMAS PRESENT
397,22738,RIBBON REEL SNOWY VILLAGE
396,22739,RIBBON REEL CHRISTMAS SOCK BAUBLE
719,22740,POLKADOT PEN
863,22741,FUNKY DIVA PEN
522,22742,MAKE YOUR OWN PLAYTIME CARD KIT
653,22743,MAKE YOUR OWN FLOWERPOWER CARD KIT
495,22744,MAKE YOUR OWN MONSOON CARD KIT
11,22745,POPPY'S PLAYHOUSE BEDROOM
1240,22746,POPPY'S PLAYHOUSE LIVINGROOM
1241,22747,POPPY'S PLAYHOUSE BATHROOM
12,22748,POPPY'S PLAYHOUSE KITCHEN
13,22749,FELTCRAFT PRINCESS CHARLOTTE DOLL
413,22750,FELTCRAFT PRINCESS LOLA DOLL
382,22751,FELTCRAFT PRINCESS OLIVIA DOLL
6,22752,SET 7 BABUSHKA NESTING BOXES
1064,22753,SMALL YELLOW BABUSHKA NOTEBOOK
573,22754,SMALL RED BABUSHKA NOTEBOOK
864,22755,SMALL PURPLE BABUSHKA NOTEBOOK
1242,22756,LARGE YELLOW BABUSHKA NOTEBOOK
865,22757,LARGE RED BABUSHKA NOTEBOOK
866,22758,LARGE PURPLE BABUSHKA NOTEBOOK
371,22759,SET OF 3 NOTEBOOKS IN PARCEL
563,22760,"TRAY, BREAKFAST IN BED"
1423,22761,CHEST 7 DRAWER MA CAMPAGNE
1665,22762,CUPBOARD 3 DRAWER MA CAMPAGNE
1582,22763,KEY CABINET MA CAMPAGNE
2895,22764,"RUSTIC WOODEN CABINET, GLASS DOORS"
1093,22765,NEWSPAPER STAND
224,22766,PHOTO FRAME CORNICE
234,22767,TRIPLE PHOTO FRAME CORNICE
235,22768,FAMILY PHOTO FRAME CORNICE
867,22769,CHALKBOARD KITCHEN ORGANISER
1919,22770,MIRROR CORNICE
86,22771,CLEAR DRAWER KNOB ACRYLIC EDWARDIAN
276,22772,PINK DRAWER KNOB ACRYLIC EDWARDIAN
277,22773,GREEN DRAWER KNOB ACRYLIC EDWARDIAN
85,22774,RED DRAWER KNOB ACRYLIC EDWARDIAN
415,22775,PURPLE DRAWERKNOB ACRYLIC EDWARDIAN
609,22776,SWEETHEART CAKESTAND 3 TIER
1389,22777,GLASS BELL JAR LARGE
109,22778,GLASS CLOCHE SMALL
144,22779,WOODEN OWLS LIGHT GARLAND
143,22780,LIGHT GARLAND BUTTERFILES PINK
735,22781,GUMBALL MAGAZINE RACK
2546,22782,SET 3 WICKER STORAGE BASKETS
121,22783,SET 3 WICKER OVAL BASKETS W LIDS
555,22784,LANTERN CREAM GAZEBO
328,22785,SQUARECUSHION COVER PINK UNION FLAG
1058,22786,CUSHION COVER PINK UNION JACK
1243,22788,BROCANTE COAT RACK
2216,22789,T-LIGHT HOLDER SWEETHEART HANGING
741,22791,T-LIGHT GLASS FLUTED ANTIQUE
868,22792,FLUTED ANTIQUE CANDLE HOLDER
1066,22794,SWEETHEART WIRE MAGAZINE RACK
1069,22795,SWEETHEART RECIPE BOOK STAND
1399,22796,PHOTO FRAME 3 CLASSIC HANGING
722,22797,CHEST OF DRAWERS GINGHAM HEART
117,22798,ANTIQUE GLASS DRESSING TABLE POT
1841,22799,SWEETHEART WIRE FRUIT BOWL
733,22800,ANTIQUE TALL SWIRLGLASS TRINKET POT
734,22801,ANTIQUE GLASS PEDESTAL BOWL
1071,22802,FAUX FUR CHOCOLATE THROW
209,22803,IVORY EMBROIDERED QUILT
263,22804,CANDLEHOLDER PINK HANGING HEART
278,22805,BLUE DRAWER KNOB ACRYLIC EDWARDIAN
1454,22806,SET OF 6 T-LIGHTS WEDDING CAKE
434,22807,SET OF 6 T-LIGHTS TOADSTOOLS
1915,22808,SET OF 6 T-LIGHTS EASTER CHICKS
251,22809,SET OF 6 T-LIGHTS SANTA
250,22810,SET OF 6 T-LIGHTS SNOWMEN
1666,22811,SET OF 6 T-LIGHTS CACTI
322,22812,PACK 3 BOXES CHRISTMAS PANNETONE
304,22813,PACK 3 BOXES BIRD PANNETONE
697,22814,CARD PARTY GAMES
646,22815,CARD PSYCHEDELIC APPLES
869,22816,CARD MOTORBIKE SANTA
1938,22817,CARD SUKI BIRTHDAY
870,22818,CARD CHRISTMAS VILLAGE
681,22819,"BIRTHDAY CARD, RETRO SPOT"
2340,22820,GIFT BAG BIRTHDAY
1527,22821,GIFT BAG PSYCHEDELIC APPLES
871,22822,CREAM WALL PLANTER HEART SHAPED
2714,22823,CHEST NATURAL WOOD 20 DRAWERS
2390,22824,3 TIER SWEETHEART GARDEN SHELF
720,22825,DECORATIVE PLANT POT WITH FRIEZE
2467,22826,LOVE SEAT ANTIQUE WHITE METAL
191,22827,RUSTIC  SEVENTEEN DRAWER SIDEBOARD
2343,22828,REGENCY MIRROR WITH SHUTTERS
453,22829,SWEETHEART WIRE WALL TIDY
1903,22830,UTILTY CABINET WITH HOOKS
1244,22831,WHITE BROCANTE SOAP DISH
1391,22832,BROCANTE SHELF WITH HOOKS
1969,22833,HALL CABINET WITH 3 DRAWERS
421,22834,HAND WARMER BABUSHKA DESIGN
217,22835,HOT WATER BOTTLE I AM SO POORLY
274,22837,HOT WATER BOTTLE BABUSHKA
120,22838,3 TIER CAKE TIN RED AND CREAM
119,22839,3 TIER CAKE TIN GREEN AND CREAM
1395,22840,ROUND CAKE TIN VINTAGE RED
1245,22841,ROUND CAKE TIN VINTAGE GREEN
717,22842,BISCUIT TIN VINTAGE RED
1927,22843,BISCUIT TIN VINTAGE GREEN
872,22844,VINTAGE CREAM DOG FOOD CONTAINER
970,22845,VINTAGE CREAM CAT FOOD CONTAINER
1078,22846,BREAD BIN DINER STYLE RED
873,22847,BREAD BIN DINER STYLE IVORY
272,22848,BREAD BIN DINER STYLE PINK
1458,22849,BREAD BIN DINER STYLE MINT
249,22851,SET 20 NAPKINS FAIRY CAKES DESIGN
2468,22852,DOG BOWL VINTAGE CREAM
1827,22853,CAT BOWL VINTAGE CREAM
601,22854,CREAM SWEETHEART EGG HOLDER
1119,22855,FINE WICKER HEART
2408,22856,ASSORTED EASTER DECORATIONS  BELLS
2477,22857,ASSORTED EASTER GIFT TAGS
2478,22858,EASTER TIN KEEPSAKE
1909,22859,EASTER TIN BUNNY BOUQUET
1910,22860,EASTER TIN CHICKS PINK DAISY
2479,22861,EASTER TIN CHICKS IN GARDEN
874,22862,LOVE HEART NAPKIN BOX
1246,22863,SOAP DISH BROCANTE
199,22865,HAND WARMER OWL DESIGN
198,22866,HAND WARMER SCOTTY DOG DESIGN
208,22867,HAND WARMER BIRD DESIGN
2606,22868,NUMBER TILE COTTAGE GARDEN 0
1577,22869,NUMBER TILE COTTAGE GARDEN 1
1247,22870,NUMBER TILE COTTAGE GARDEN 2
2609,22871,NUMBER TILE COTTAGE GARDEN 3
2608,22872,NUMBER TILE COTTAGE GARDEN 4
2257,22873,NUMBER TILE COTTAGE GARDEN 5
2607,22874,NUMBER TILE COTTAGE GARDEN 6
2246,22875,NUMBER TILE COTTAGE GARDEN 7
875,22876,NUMBER TILE COTTAGE GARDEN 8
1576,22877,NUMBER TILE COTTAGE GARDEN 9
1578,22878,NUMBER TILE COTTAGE GARDEN NO
2566,22879,NUMBER TILE VINTAGE FONT 0
2217,22880,NUMBER TILE VINTAGE FONT 1
2565,22881,NUMBER TILE VINTAGE FONT 2
1667,22882,NUMBER TILE VINTAGE FONT 3
2218,22883,NUMBER TILE VINTAGE FONT 4
1668,22884,NUMBER TILE VINTAGE FONT 5
2403,22885,NUMBER TILE VINTAGE FONT 6
2564,22886,NUMBER TILE VINTAGE FONT 7
2504,22887,NUMBER TILE VINTAGE FONT 8
2563,22888,NUMBER TILE VINTAGE FONT 9
2219,22889,NUMBER TILE VINTAGE FONT NO
1248,22890,NOVELTY BISCUITS CAKE STAND 3 TIER
1632,22891,TEA FOR ONE POLKADOT
1042,22892,SET OF SALT AND PEPPER TOADSTOOLS
1455,22893,MINI CAKE STAND T-LIGHT HOLDER
1870,22894,TABLECLOTH RED APPLES DESIGN
554,22895,SET OF 2 TEA TOWELS APPLE AND PEARS
1402,22896,PEG BAG APPLES DESIGN
1249,22897,OVEN MITT APPLES DESIGN
1250,22898,CHILDRENS APRON APPLES DESIGN
416,22899,CHILDREN'S APRON DOLLY GIRL
41,22900,SET 2 TEA TOWELS I LOVE LONDON
386,22902,TOTE BAG I LOVE LONDON
2204,22903,CALENDAR FAMILY FAVOURITES
586,22904,CALENDAR PAPER CUT DESIGN
587,22905,CALENDAR IN SEASON DESIGN
572,22906,12 MESSAGE CARDS WITH ENVELOPES
608,22907,PACK OF 20 NAPKINS PANTRY DESIGN
1669,22908,PACK OF 20 NAPKINS RED APPLES
398,22909,SET OF 20 VINTAGE CHRISTMAS NAPKINS
169,22910,PAPER CHAIN KIT VINTAGE CHRISTMAS
654,22911,PAPER CHAIN KIT LONDON
24,22912,YELLOW COAT RACK PARIS FASHION
23,22913,RED COAT RACK PARIS FASHION
25,22914,BLUE COAT RACK PARIS FASHION
149,22915,ASSORTED BOTTLE TOP  MAGNETS
579,22916,HERB MARKER THYME
575,22917,HERB MARKER ROSEMARY
578,22918,HERB MARKER PARSLEY
574,22919,HERB MARKER MINT
576,22920,HERB MARKER BASIL
577,22921,HERB MARKER CHIVES
150,22922,FRIDGE MAGNETS US DINER ASSORTED
152,22923,FRIDGE MAGNETS LES ENFANTS ASSORTED
1390,22924,FRIDGE MAGNETS LA VIE EN ROSE
480,22925,BLUE GIANT GARDEN THERMOMETER
118,22926,IVORY GIANT GARDEN THERMOMETER
479,22927,GREEN GIANT GARDEN THERMOMETER
876,22928,YELLOW GIANT GARDEN THERMOMETER
2642,22929,SCHOOL DESK AND CHAIR
2282,22930,BAKING MOULD HEART MILK CHOCOLATE
2283,22931,BAKING MOULD HEART WHITE CHOCOLATE
2284,22932,BAKING MOULD TOFFEE CUP CHOCOLATE
2354,22933,BAKING MOULD EASTER EGG MILK CHOC
2409,22934,BAKING MOULD EASTER EGG WHITE CHOC
2289,22935,BAKING MOULD ROSE MILK CHOCOLATE
2288,22936,BAKING MOULD ROSE WHITE CHOCOLATE
2285,22937,BAKING MOULD CHOCOLATE CUPCAKES
436,22938,CUPCAKE LACE PAPER SET 6
1861,22939,APRON APPLE DELIGHT
370,22940,FELTCRAFT CHRISTMAS FAIRY
155,22941,CHRISTMAS LIGHTS 10 REINDEER
418,22942,CHRISTMAS LIGHTS 10 SANTAS
621,22943,CHRISTMAS LIGHTS 10 VINTAGE BAUBLES
1251,22944,CHRISTMAS METAL POSTCARD WITH BELLS
502,22945,CHRISTMAS METAL TAGS ASSORTED
1107,22946,WOODEN ADVENT CALENDAR CREAM
661,22947,WOODEN ADVENT CALENDAR RED
877,22948,METAL DECORATION NAUGHTY CHILDREN
878,22949,36 DOILIES DOLLY GIRL
3353,22950,36 DOILIES VINTAGE CHRISTMAS
420,22951,60 CAKE CASES DOLLY GIRL DESIGN
395,22952,60 CAKE CASES VINTAGE CHRISTMAS
1055,22953,BIRTHDAY PARTY CORDON BARRIER TAPE
2525,22954,HEN PARTY CORDON BARRIER TAPE
583,22955,36 FOIL STAR CAKE CASES
516,22956,36 FOIL HEART CAKE CASES
2846,22957,SET 3 PAPER VINTAGE CHICK PAPER EGG
1729,22959,WRAP CHRISTMAS VILLAGE
22,22960,JAM MAKING SET WITH JARS
79,22961,JAM MAKING SET PRINTED
165,22962,JAM JAR WITH PINK LID
166,22963,JAM JAR WITH GREEN LID
289,22964,3 PIECE SPACEBOY COOKIE CUTTER SET
1125,22965,3 TRADITIONAL COOKIE CUTTERS  SET
706,22966,GINGERBREAD MAN COOKIE CUTTER
2845,22967,SET 3 SONG BIRD PAPER EGGS ASSORTED
167,22968,ROSE COTTAGE KEEPSAKE BOX
151,22969,HOMEMADE JAM SCENTED CANDLES
2614,22970,LONDON BUS COFFEE MUG
2618,22971,QUEENS GUARD COFFEE MUG
330,22972,CHILDREN'S SPACEBOY MUG
644,22973,CHILDREN'S CIRCUS PARADE MUG
651,22974,CHILDRENS DOLLY GIRL MUG
329,22975,SPACEBOY CHILDRENS EGG CUP
879,22976,CIRCUS PARADE CHILDRENS EGG CUP
1252,22977,DOLLY GIRL CHILDRENS EGG CUP
2986,22978,PANTRY ROLLING PIN
3029,22979,PANTRY WASHING UP BRUSH
2972,22980,PANTRY SCRUBBING BRUSH
3044,22981,PANTRY APPLE CORER
3034,22982,PANTRY PASTRY BRUSH
551,22983,CARD BILLBOARD FONT
1962,22984,CARD GINGHAM ROSE
1526,22985,"WRAP, BILLBOARD FONTS DESIGN"
1476,22986,GINGHAM ROSE WRAP
3219,22987,WRAP SUMMER ROSE DESIGN
393,22988,SOLDIERS EGG CUP
2937,22989,SET 2 PANTRY DESIGN TEA TOWELS
2940,22990,COTTON APRON PANTRY DESIGN
2981,22991,GIRAFFE WOODEN RULER
2982,22992,REVOLVER WOODEN RULER
2973,22993,SET OF 4 PANTRY JELLY MOULDS
2979,22994,TRAVEL CARD WALLET RETROSPOT
2984,22995,TRAVEL CARD WALLET SUKI
2985,22996,TRAVEL CARD WALLET VINTAGE TICKET
2987,22997,TRAVEL CARD WALLET UNION JACK
2980,22998,TRAVEL CARD WALLET KEEP CALM
2983,22999,TRAVEL CARD WALLET RETRO PETALS
2978,23000,TRAVEL CARD WALLET TRANSPORT
2976,23002,TRAVEL CARD WALLET SKULLS
2977,23003,TRAVEL CARD WALLET VINTAGE ROSE
2975,23004,TRAVEL CARD WALLET PANTRY
2988,23005,TRAVEL CARD WALLET I LOVE LONDON
2974,23006,TRAVEL CARD WALLET FLOWER MEADOW
3070,23007,SPACEBOY BABY GIFT SET
3072,23008,DOLLY GIRL BABY GIFT SET
3071,23009,I LOVE LONDON BABY GIFT SET
3069,23010,CIRCUS PARADE BABY GIFT SET
3391,23012,GLASS APOTHECARY BOTTLE PERFUME
3402,23013,GLASS APOTHECARY BOTTLE TONIC
3392,23014,GLASS APOTHECARY BOTTLE ELIXIR
3409,23015,CORDIAL GLASS JUG
3406,23016,GLASS TWIST BON BON JAR
3439,23017,APOTHECARY MEASURING JAR
3440,23018,LARGE APOTHECARY MEASURING JAR
3420,23019,SMALL APOTHECARY MEASURING JAR
3395,23020,GLASS  SONGBIRD STORAGE JAR
3417,23021,GLASS BONNE JAM JAR
3405,23022,SMALL BONNE JAM JAR  T-LIGHT HOLDER
3418,23023,RIDGED BONNE JAM JAR T-LIGHT HOLDER
3425,23024,LARGE BONNE JAM JAR  T-LIGHT HOLDER
3441,23025,DRAWER KNOB VINTAGE GLASS BALL
3407,23026,DRAWER KNOB VINTAGE GLASS STAR
3424,23027,DRAWER KNOB VINTAGE GLASS HEXAGON
3397,23028,DRAWER KNOB CRACKLE GLAZE BLUE
3399,23029,DRAWER KNOB CRACKLE GLAZE GREEN
3398,23031,DRAWER KNOB CRACKLE GLAZE PINK
3396,23032,DRAWER KNOB CRACKLE GLAZE IVORY
3400,23033,DRAWER KNOB CERAMIC RED
3401,23034,DRAWER KNOB CERAMIC BLACK
3393,23035,DRAWER KNOB CERAMIC IVORY
3422,23036,T-LIGHT HOLDER SILVER PETIT FOUR
3436,23037,CANDLE HOLDER SILVER MADELINE
3459,23038,T-LIGHT HOLDER SILVER SAUCER
3416,23039,T-LIGHT HOLDER SILVER HEART HANDLE
3213,23040,PAPER LANTERN 9 POINT SNOW STAR
3212,23041,PAPER LANTERN 9 POINT SNOW STAR
3211,23042,PAPER LANTERN 7 POINT SNOW STAR
3232,23043,PAPER LANTERN 9 POINT HOLLY STAR 40
3243,23044,PAPER LANTERN 9 POINT HOLLY STAR S
3233,23045,PAPER LANTERN 5 POINT STAR MOON 30
3241,23046,PAPER LANTERN 9 POINT DELUXE STAR
3242,23047,PAPER LANTERN 5 POINT SEQUIN STAR
3210,23048,SET OF 10 LANTERNS FAIRY LIGHT STAR
3047,23049,RECYCLED ACAPULCO MAT RED
3050,23050,RECYCLED ACAPULCO MAT GREEN
3052,23051,RECYCLED ACAPULCO MAT BLUE
3051,23052,RECYCLED ACAPULCO MAT TURQUOISE
3048,23053,RECYCLED ACAPULCO MAT PINK
3049,23054,RECYCLED ACAPULCO MAT LAVENDER
3168,23055,IVORY CHANDELIER T-LIGHT HOLDER
3169,23056,FLOWERS CHANDELIER T-LIGHT HOLDER
3152,23057,GEMSTONE CHANDELIER T-LIGHT HOLDER
3612,23058,CHRISTMAS HANGING SNOWFLAKE
3151,23060,HEART BEADED TRELLIS DECORATION
3165,23061,VINTAGE EMBOSSED HEART
3214,23064,CINDERELLA CHANDELIER
3149,23065,LARGE DECO JEWELLERY STAND
3156,23066,SMALL DECO JEWELLERY STAND
3196,23067,HANGING ENGRAVED METAL HEART
3157,23068,ALUMINIUM STAMPED HEART
3193,23069,EDWARDIAN PHOTO FRAME
3229,23070,EDWARDIAN HEART PHOTO FRAME
3175,23071,MARIE ANTOIENETT TRINKET BOX GOLD
3240,23072,MARIE ANTOINETTE TRINKET BOX SILVER
3161,23073,GEORGIAN TRINKET BOX
3607,23074,EMBOSSED HEART TRINKET BOX
3158,23075,DOUBLE CERAMIC PARLOUR HOOK
3101,23076,ICE CREAM SUNDAE LIP GLOSS
3100,23077,DOUGHNUT LIP GLOSS
3102,23078,ICE CREAM PEN LIP GLOSS
3276,23079,TOADSTOOL BEDSIDE LIGHT
3265,23080,RED METAL BOX TOP SECRET
3257,23081,GREEN METAL BOX ARMY SUPPLIES
3269,23082,SET 6 PAPER TABLE LANTERN HEARTS
3289,23083,SET 6 PAPER TABLE LANTERN STARS
3258,23084,RABBIT NIGHT LIGHT
3296,23085,ANTIQUE SILVER BAUBLE LAMP
3298,23086,ZINC  STAR T-LIGHT HOLDER
3287,23087,ZINC  HEART T-LIGHT HOLDER
3285,23088,ZINC HEART FLOWER T-LIGHT HOLDER
3283,23089,GLASS BON BON JAR
3294,23090,VINTAGE GLASS T-LIGHT HOLDER
3262,23091,ZINC HERB GARDEN CONTAINER
3295,23092,LARGE ANTIQUE WHITE PHOTO FRAME
3271,23093,SMALL PARISIENNE HEART PHOTO FRAME
3263,23094,LE GRAND TRAY CHIC SET
3261,23096,PETIT TRAY CHIC
3297,23099,FRENCH CARRIAGE LANTERN
3267,23100,SILVER BELLS TABLE DECORATION
3282,23101,SILVER STARS TABLE DECORATION
3268,23102,SILVER HEARTS TABLE DECORATION
3273,23103,BELL HEART DECORATION
3278,23104,IVORY PANTRY HANGING LAMP
3286,23106,ZINC HEARTS PLANT POT HOLDER
3284,23107,WHITE WIRE PLANT POT HOLDER
3264,23108,SET OF 10 LED DOLLY LIGHTS
3272,23109,LED TEA LIGHTS
3266,23110,PARISIENNE KEY CABINET
3275,23111,PARISIENNE SEWING BOX
3274,23112,PARISIENNE CURIO CABINET
3616,23113,PANTRY CHOPPING BOARD
3662,23114,VINTAGE LEAF CHOPPING BOARD
3664,23115,RED APPLES CHOPPING BOARD
3666,23116,VEGETABLE GARDEN CHOPPING BOARD
3663,23117,POPPY FIELDS CHOPPING BOARD
3260,23118,PARISIENNE JEWELLERY DRAWER
3408,23119,PACK OF 6 LARGE FRUIT STRAWS
3412,23120,PACK OF 6 SMALL FRUIT STRAWS
3413,23121,PACK OF 6 COCKTAIL PARASOL STRAWS
3411,23122,PARTY CHARMS 50 PIECES
3410,23123,COCKTAIL SWORDS 50 PIECES
3414,23124,18PC WOODEN CUTLERY SET DISPOSABLE
3415,23125,6PC WOOD PLATE SET DISPOSABLE
3035,23126,DOLLCRAFT GIRL AMELIE KIT
3036,23127,DOLLCRAFT GIRL NICOLE
3040,23128,FELTCRAFT BOY JEAN-PAUL KIT
3300,23129,HEART SHAPED HOLLY WREATH
3217,23130,MISTLETOE HEART WREATH GREEN
3195,23131,MISTLETOE HEART WREATH CREAM
3174,23132,SMALL IVORY HEART WALL ORGANISER
3178,23133,LARGE IVORY HEART WALL ORGANISER
3177,23134,LARGE ZINC HEART WALL ORGANISER
3173,23135,SMALL ZINC HEART WALL ORGANISER
3184,23136,IVORY WIRE SWEETHEART LETTER TRAY
3190,23137,ZINC WIRE SWEETHEART LETTER TRAY
3186,23138,SINGLE WIRE HOOK IVORY HEART
3185,23139,SINGLE WIRE HOOK PINK HEART
3171,23140,TRIPLE WIRE HOOK IVORY HEART
3172,23141,TRIPLE WIRE HOOK PINK HEART
3183,23142,IVORY WIRE KITCHEN ORGANISER
3226,23143,ZINC WIRE KITCHEN ORGANISER
3182,23144,ZINC T-LIGHT HOLDER STARS SMALL
3188,23145,ZINC T-LIGHT HOLDER STAR LARGE
3164,23146,TRIPLE HOOK ANTIQUE IVORY ROSE
3180,23147,SINGLE ANTIQUE ROSE HOOK IVORY
3181,23148,MINIATURE ANTIQUE ROSE HOOK IVORY
3224,23149,ANTIQUE IVORY WIRE BOWL SMALL
3187,23150,IVORY SWEETHEART SOAP DISH
3230,23151,ZINC SWEETHEART SOAP DISH
3176,23152,IVORY SWEETHEART WIRE LETTER RACK
3159,23153,ZINC SWEETHEART WIRE LETTER RACK
3108,23154,SET OF 4 JAM JAR MAGNETS
3110,23155,KNICKERBOCKERGLORY MAGNET ASSORTED
3109,23156,SET OF 5 MINI GROCERY MAGNETS
3120,23157,SET OF 6 NATIVITY MAGNETS
3112,23158,SET OF 5 LUCKY CAT MAGNETS
3107,23159,SET OF 5 PANCAKE DAY MAGNETS
3221,23160,REGENCY TEA SPOON
3222,23161,REGENCY CAKE FORK
3204,23162,REGENCY TEA STRAINER
3201,23163,REGENCY SUGAR TONGS
3223,23164,REGENCY CAKE SLICE
3281,23165,LARGE CERAMIC TOP STORAGE JAR
2867,23166,MEDIUM CERAMIC TOP STORAGE JAR
3277,23167,SMALL CERAMIC TOP STORAGE JAR
3279,23168,CLASSIC SUGAR DISPENSER
3280,23169,CLASSIC GLASS SWEET JAR
3256,23170,REGENCY TEA PLATE ROSES
3255,23171,REGENCY TEA PLATE GREEN
3254,23172,REGENCY TEA PLATE PINK
3253,23173,REGENCY TEAPOT ROSES
3252,23174,REGENCY SUGAR BOWL GREEN
3251,23175,REGENCY MILK JUG PINK
3033,23176,ABC TREASURE BOOK BOX
3030,23177,TREASURE ISLAND BOOK BOX
3043,23178,JAM CLOCK MAGNET
3042,23179,CLOCK MAGNET MUM'S KITCHEN
3046,23180,MUM'S KITCHEN CLOCK
3064,23181,BULL DOG BOTTLE TOP WALL CLOCK
3027,23182,TOILET SIGN OCCUPIED OR VACANT
3041,23183,MOTHER'S KITCHEN SPOON REST
3055,23184,BULL DOG BOTTLE OPENER
3054,23185,FRENCH STYLE STORAGE JAR JAM
3066,23186,FRENCH STYLE STORAGE JAR CAFE
3065,23187,FRENCH STYLE STORAGE JAR BONBONS
3385,23188,VINTAGE  2 METER FOLDING RULER
3512,23189,SET OF 12 FORK CANDLES
3248,23190,BUNDLE OF 3 SCHOOL EXERCISE BOOKS
3249,23191,BUNDLE OF 3 RETRO NOTE BOOKS
3250,23192,BUNDLE OF 3 ALPHABET EXERCISE BOOKS
3031,23193,BUFFALO BILL TREASURE BOOK BOX
3032,23194,GYMKHANNA TREASURE BOOK BOX
3429,23196,RETRO LEAVES MAGNETIC NOTEPAD
3428,23197,SKETCHBOOK MAGNETIC SHOPPING LIST
3423,23198,PANTRY MAGNETIC  SHOPPING LIST
3141,23199,JUMBO BAG APPLES
3237,23200,JUMBO BAG PEARS
3139,23201,JUMBO BAG ALPHABET
3236,23202,JUMBO BAG VINTAGE LEAF
3238,23203,JUMBO BAG DOILEY PATTERNS
3143,23204,CHARLOTTE BAG APPLES DESIGN
3138,23205,CHARLOTTE BAG VINTAGE ALPHABET
3142,23206,LUNCH BAG APPLE DESIGN
3140,23207,LUNCH BAG ALPHABET DESIGN
3144,23208,LUNCH BAG VINTAGE LEAF DESIGN
3239,23209,LUNCH BAG DOILEY PATTERN
3317,23210,WHITE ROCKING HORSE HAND PAINTED
3322,23211,RED ROCKING HORSE HAND PAINTED
3319,23212,HEART WREATH DECORATION WITH BELL
3318,23213,STAR WREATH DECORATION WITH BELL
3315,23214,JINGLE BELL HEART ANTIQUE GOLD
3316,23215,JINGLE BELL HEART ANTIQUE SILVER
3323,23216,LAUREL HEART ANTIQUE GOLD
3324,23217,LAUREL HEART ANTIQUE SILVER
3479,23218,LAUREL STAR ANTIQUE GOLD
3320,23219,LAUREL STAR ANTIQUE SILVER
3357,23220,REINDEER HEART DECORATION GOLD
3313,23221,REINDEER HEART DECORATION SILVER
3427,23222,CHRISTMAS TREE HANGING GOLD
3426,23223,CHRISTMAS TREE HANGING SILVER
3321,23224,CHERUB HEART DECORATION GOLD
3325,23225,CHERUB HEART DECORATION SILVER
3312,23226,FILIGREE HEART DAISY WHITE
3309,23227,FILIGREE HEART BUTTERFLY WHITE
3308,23228,FILIGREE HEART BIRD WHITE
3389,23229,VINTAGE DONKEY TAIL GAME
2833,23230,WRAP ALPHABET DESIGN
2828,23231,WRAP DOILEY DESIGN
2860,23232,WRAP VINTAGE PETALS  DESIGN
2850,23233,WRAP POPPIES  DESIGN
3390,23234,BISCUIT TIN VINTAGE CHRISTMAS
3347,23235,STORAGE TIN VINTAGE LEAF
3346,23236,DOILEY STORAGE TIN
3352,23237,SET OF 4 KNICK KNACK TINS LEAVES
3340,23238,SET OF 4 KNICK KNACK TINS LONDON
3345,23239,SET OF 4 KNICK KNACK TINS POPPIES
3339,23240,SET OF 4 KNICK KNACK TINS DOILEY
3348,23241,TREASURE TIN GYMKHANA DESIGN
3349,23242,TREASURE TIN BUFFALO BILL
3342,23243,SET OF TEA COFFEE SUGAR TINS PANTRY
3351,23244,ROUND STORAGE TIN VINTAGE LEAF
3344,23245,SET OF 3 REGENCY CAKE TINS
3350,23247,BISCUIT TIN 50'S CHRISTMAS
3387,23249,VINTAGE RED ENAMEL TRIM PLATE
3388,23250,VINTAGE RED TRIM ENAMEL BOWL
3386,23251,VINTAGE RED ENAMEL TRIM MUG
3364,23252,VINTAGE RED ENAMEL TRIM JUG
3153,23253,16 PIECE CUTLERY SET PANTRY DESIGN
3130,23254,CHILDRENS CUTLERY DOLLY GIRL
3133,23255,CHILDRENS CUTLERY CIRCUS PARADE
3131,23256,CHILDRENS CUTLERY SPACEBOY
3327,23263,SET OF 3 WOODEN HEART DECORATIONS
3358,23264,SET OF 3 WOODEN SLEIGH DECORATIONS
3359,23265,SET OF 3 WOODEN TREE DECORATIONS
3360,23266,SET OF 3 WOODEN STOCKING DECORATION
3430,23267,SET OF 4 SANTA PLACE SETTINGS
3363,23268,SET OF 2 CERAMIC CHRISTMAS REINDEER
3362,23269,SET OF 2 CERAMIC CHRISTMAS TREES
3329,23270,SET OF 2 CERAMIC PAINTED HEARTS
3375,23271,CHRISTMAS TABLE CANDLE SILVER SPIKE
3421,23272,TREE T-LIGHT HOLDER WILLIE WINKIE
3333,23273,HEART T-LIGHT HOLDER WILLIE WINKIE
3334,23274,STAR T-LIGHT HOLDER WILLIE WINKIE
3326,23275,SET OF 3 HANGING OWLS OLLIE BEAK
3247,23280,FOLDING BUTTERFLY MIRROR HOT PINK
3259,23281,FOLDING BUTTERFLY MIRROR RED
3246,23282,FOLDING BUTTERFLY MIRROR IVORY
3203,23283,DOORMAT VINTAGE LEAVES DESIGN
3202,23284,DOORMAT KEEP CALM AND COME IN
3369,23285,PINK VINTAGE SPOT BEAKER
3367,23286,BLUE VINTAGE SPOT BEAKER
3384,23287,RED VINTAGE SPOT BEAKER
3370,23288,GREEN VINTAGE SPOT BEAKER
3382,23289,DOLLY GIRL CHILDRENS BOWL
3383,23290,SPACEBOY CHILDRENS BOWL
3381,23291,DOLLY GIRL CHILDRENS CUP
3380,23292,SPACE BOY CHILDRENS CUP
3463,23293,SET OF 12 FAIRY CAKE BAKING CASES
3462,23294,SET OF 6 SNACK LOAF BAKING CASES
3464,23295,SET OF 12 MINI LOAF BAKING CASES
3461,23296,SET OF 6 TEA TIME BAKING CASES
3465,23297,SET 40 HEART SHAPE PETIT FOUR CASES
3228,23298,SPOTTY BUNTING
3227,23299,FOOD COVER WITH BEADS SET 2
3291,23300,GARDENERS KNEELING PAD CUP OF TEA
3290,23301,GARDENERS KNEELING PAD KEEP CALM
3292,23302,KNEELING MAT HOUSEWORK  DESIGN
3769,23303,SET 4 PICNIC CUTLERY FONDANT
3775,23304,SET 4 PICNIC CUTLERY CHERRY
3762,23305,SET 4 PICNIC CUTLERY BLUEBERRY
3331,23306,SET OF 36 DOILIES PANTRY DESIGN
3330,23307,SET OF 60 PANTRY DESIGN CAKE CASES
3332,23308,SET OF 60 VINTAGE LEAF CAKE CASES
3328,23309,SET OF 60 I LOVE LONDON CAKE CASES
3355,23310,BUBBLEGUM RING ASSORTED
3471,23311,VINTAGE CHRISTMAS STOCKING
3475,23312,VINTAGE CHRISTMAS GIFT SACK
3460,23313,VINTAGE CHRISTMAS BUNTING
3472,23314,VINTAGE CHRISTMAS TABLECLOTH
3432,23315,IVORY REFECTORY CLOCK
3433,23316,RED REFECTORY CLOCK
3438,23317,BLUE REFECTORY CLOCK
3443,23318,BOX OF 6 MINI VINTAGE CRACKERS
3451,23319,BOX OF 6 MINI 50'S CRACKERS
3448,23320,GIANT 50'S CHRISTMAS CRACKER
3356,23321,SMALL WHITE HEART OF WICKER
3365,23322,LARGE WHITE HEART OF WICKER
3431,23323,WHITE WICKER STAR
3518,23324,RUSTIC STRAWBERRY JAMPOT LARGE
3529,23325,RUSTIC STRAWBERRY JAMPOT SMALL
3528,23326,HANGING MINI COLOURED BOTTLES
3527,23327,HANGING CLEAR MINI BOTTLE
3525,23328,SET 6 SCHOOL MILK BOTTLES IN CRATE
3521,23329,DECORATIVE WICKER HEART LARGE
3522,23330,DECORATIVE WICKER HEART MEDIUM
3526,23331,DECORATIVE WICKER HEART SMALL
3520,23332,IVORY WICKER HEART LARGE
3524,23333,IVORY WICKER HEART MEDIUM
3523,23334,IVORY WICKER HEART SMALL
3376,23335,EGG FRYING PAN IVORY
3378,23336,EGG FRYING PAN PINK
3379,23337,EGG FRYING PAN MINT
3368,23338,EGG FRYING PAN RED
3377,23339,EGG FRYING PAN BLUE
3501,23340,VINTAGE CHRISTMAS CAKE FRILL
3435,23341,PINK DINER WALL CLOCK
3434,23342,MINT DINER WALL CLOCK
3371,23343,JUMBO BAG VINTAGE CHRISTMAS
3404,23344,JUMBO BAG 50'S CHRISTMAS
3497,23345,DOLLY GIRL BEAKER
3496,23346,SPACEBOY BEAKER
3498,23347,I LOVE LONDON BEAKER
3154,23348,CHILDRENS TOY COOKING UTENSIL SET
3514,23349,ROLL WRAP VINTAGE CHRISTMAS
3515,23350,ROLL WRAP VINTAGE SPOT
3517,23351,ROLL WRAP 50'S CHRISTMAS
3516,23352,ROLL WRAP 50'S RED CHRISTMAS
3507,23353,6 GIFT TAGS VINTAGE CHRISTMAS
3508,23354,6 GIFT TAGS 50'S CHRISTMAS
3541,23355,HOT WATER BOTTLE KEEP CALM
3538,23356,LOVE HOT WATER BOTTLE
3535,23357,HOT WATER BOTTLE SEX BOMB
3536,23358,HOT STUFF HOT WATER BOTTLE
3504,23359,SET OF 12 T-LIGHTS VINTAGE DOILEY
3503,23360,SET 8 CANDLES VINTAGE DOILEY
3630,23365,SET 12 COLOUR PENCILS LOVE LONDON
3622,23366,SET 12 COLOURING PENCILS DOILY
3623,23367,SET 12 COLOUR PENCILS SPACEBOY
3635,23368,SET 12 COLOUR PENCILS DOLLY GIRL
3631,23369,SET 36 COLOUR PENCILS LOVE LONDON
3628,23370,SET 36 COLOUR PENCILS DOILEY
3625,23371,SET 36 COLOUR PENCILS SPACEBOY
3637,23372,SET 36 COLOUR PENCILS DOLLY GIRL
3505,23373,VINTAGE CHRISTMAS PAPER GIFT BAG
3509,23374,RED SPOT PAPER GIFT BAG
3537,23375,50'S CHRISTMAS PAPER GIFT BAG
3552,23376,PACK OF 12 VINTAGE CHRISTMAS TISSUE
3565,23377,PACK OF 12 DOLLY GIRL TISSUES
3553,23378,PACK OF 12 50'S CHRISTMAS TISSUES
3575,23379,PACK OF 12 RED APPLE TISSUES
3577,23380,PACK OF 12 VINTAGE DOILY TISSUES
3576,23381,PACK OF 12 VINTAGE LEAF TISSUES
3712,23382,BOX OF 6 CHRISTMAS CAKE DECORATIONS
3608,23388,WOODLAND MINI BACKPACK
3606,23389,SPACEBOY MINI BACKPACK
3605,23390,DOLLY GIRL MINI BACKPACK
3604,23391,I LOVE LONDON MINI BACKPACK
3582,23392,SPACEBOY ROCKET LOLLY MAKERS
3562,23393,HOME SWEET HOME CUSHION COVER
3560,23394,POSTE FRANCE CUSHION COVER
3559,23395,BELLE JARDINIERE CUSHION COVER
3558,23396,BUTTERFLY CUSHION COVER
3564,23397,FOOT STOOL HOME SWEET HOME
3568,23398,HANGING HEART BONHEUR
3566,23399,HOME SWEET HOME HANGING HEART
3583,23400,SHELF WITH 4 HOOKS HOME SWEET HOME
3592,23401,RUSTIC MIRROR WITH LACE HEART
3578,23402,HOME SWEEET HOME 3 PEG HANGER
3579,23403,LETTER HOLDER HOME SWEET HOME
3572,23404,HOME SWEET HOME BLACKBOARD
3574,23405,HOME SWEET HOME 2 DRAWER CABINET
3573,23406,HOME SWEET HOME KEY HOLDER
3561,23407,SET OF 2 TRAYS HOME SWEET HOME
3591,23408,PHOTO FRAME LINEN AND LACE SMALL
3589,23409,PHOTO FRAME LINEN AND LACE LARGE
3596,23410,CURIO CABINET LINEN AND LACE
3567,23411,TRELLIS COAT RACK
3581,23412,HEART MIRROR ANTIQUE WHITE
3588,23413,VINTAGE COFFEE GRINDER BOX
3570,23414,ZINC BOX SIGN HOME
3586,23415,HOME SWEET HOME HOOK
3609,23416,CHAMBRE HOOK
3587,23417,BATHROOM HOOK
3601,23418,LAVENDER TOILETTE BOTTLE
3602,23419,HOME SWEET HOME BOTTLE
3613,23420,PANTRY HOOK TEA STRAINER
3599,23421,PANTRY HOOK SPATULA
3593,23422,PANTRY HOOK BALLOON WHISK
3598,23423,PANTRY 3 HOOK ROLLING PIN HANGER
3571,23424,GINGHAM RECIPE BOOK BOX
3569,23425,STORAGE TIN HOME SWEET HOME
3580,23426,METAL SIGN DROP YOUR PANTS
3563,23427,STOOL HOME SWEET HOME
3806,23428,IVORY RETRO KITCHEN WALL CLOCK
3810,23429,RED RETRO KITCHEN WALL CLOCK
3809,23430,BLUE RETRO KITCHEN WALL CLOCK
3546,23431,NATURAL HANGING QUILTED HEARTS
3551,23432,PRETTY HANGING QUILTED HEARTS
3547,23433,HANGING QUILTED PATCHWORK APPLES
3603,23434,3 RAFFIA RIBBONS 50'S CHRISTMAS
3600,23435,3 RAFFIA RIBBONS VINTAGE CHRISTMAS
3506,23436,GIFT BAG LARGE VINTAGE CHRISTMAS
3543,23437,50'S CHRISTMAS GIFT BAG LARGE
3511,23438,RED SPOT GIFT BAG LARGE
3545,23439,HAND WARMER RED LOVE HEART
3813,23440,PAINT YOUR OWN EGGS IN CRATE
3812,23441,HAND PAINTED HANGING EASTER EGG
3803,23442,12 HANGING EGGS HAND PAINTED
3310,23444,NEXT DAY CARRIAGE
3544,23445,ICE CREAM BUBBLES
3709,23446,BLUE BUNNY EASTER EGG BASKET
3708,23447,PINK BUNNY EASTER EGG BASKET
3707,23448,CREAM BUNNY EASTER EGG BASKET
3804,23449,SET OF 6 EASTER RAINBOW CHICKS
3721,23451,SQUARE MINI PORTRAIT FRAME
3720,23452,HEART MINI PORTRAIT FRAME
3719,23453,OVAL  MINI PORTRAIT FRAME
3759,23454,SET OF 3 MINI HANGING PORTRAITS
3730,23455,SMALL PARLOUR PICTURE FRAME
3726,23456,MEDIUM PARLOUR PICTURE FRAME
3729,23457,LARGE PARLOUR PICTURE FRAME
3736,23458,DOLLY CABINET 3 DRAWERS
3724,23459,DOLLY CABINET 2 DRAWERS
3754,23460,SWEETHEART WALL TIDY
3658,23461,SWEETHEART BIRD HOUSE
3755,23462,ROCOCO WALL MIRROR WHITE
3727,23463,VINTAGE ZINC WATERING CAN
3728,23464,VINTAGE ZINC WATERING CAN SMALL
3698,23465,TUSCAN VILLA FEEDING STATION
3659,23466,TUSCAN VILLA DOVECOTE
3733,23467,VINTAGE ZINC PLANTER
3704,23468,TUSCAN VILLA BIRD TABLE
3660,23469,CARD HOLDER LOVE BIRD SMALL
3669,23470,CARD HOLDER LOVE BIRD LARGE
3665,23471,SIX DRAWER OFFICE TIDY
3668,23472,NINE DRAWER OFFICE TIDY
3753,23473,WOODLAND SMALL RED FELT HEART
3763,23474,WOODLAND SMALL BLUE FELT HEART
3770,23475,WOODLAND SMALL PINK FELT HEART
3751,23476,WOODLAND LARGE RED FELT HEART
3749,23477,WOODLAND LARGE BLUE FELT HEART
3750,23478,WOODLAND LARGE PINK FELT HEART
3734,23479,WIRE EGG BASKET
3744,23480,MINI LIGHTS WOODLAND MUSHROOMS
3735,23481,PEARLISED IVORY HEART SMALL
3722,23482,PEARLISED IVORY HEART LARGE
3689,23483,HANGING  BUTTERFLY T-LIGHT HOLDER
3661,23484,HEART TRELLISTRIPLE T-LIGHT HOLDER
3757,23485,BOTANICAL GARDENS WALL CLOCK
3752,23486,ANTIQUE HEART SHELF UNIT
3717,23487,SWEET HEART CAKE CARRIER
3746,23489,"GARLAND, VINTAGE BELLS"
3718,23490,T-LIGHT HOLDER HANGING LOVE BIRD
3747,23491,VINTAGE JINGLE BELLS HEART
3748,23492,VINTAGE JINGLE BELLS WREATH
3629,23493,VINTAGE DOILY TRAVEL SEWING KIT
3655,23494,VINTAGE DOILY DELUXE SEWING KIT
3776,23495,SET OF 3 PANTRY WOODEN SPOONS
3777,23496,PANTRY KITCHEN THERMOMETER
3774,23497,CLASSIC CHROME BICYCLE BELL
3815,23498,CLASSIC BICYCLE CLIPS
3756,23499,SET 12 VINTAGE DOILY CHALK
3697,23500,KEY RING BASEBALL BOOT ASSORTED
3699,23501,KEY RING BASEBALL BOOT UNION JACK
3627,23502,PLAYING CARDS VINTAGE DOILEY
3621,23503,PLAYING CARDS KEEP CALM & CARRY ON
3624,23504,PLAYING CARDS JUBILEE UNION JACK
3636,23505,PLAYING CARDS I LOVE LONDON
3626,23506,MINI PLAYING CARDS SPACEBOY
3645,23507,MINI PLAYING CARDS BUFFALO BILL
3643,23508,MINI PLAYING CARDS DOLLY GIRL
3644,23509,MINI PLAYING CARDS FUN FAIR
3642,23510,MINI PLAYING CARDS GYMKHANA
3633,23511,EMBROIDERED RIBBON REEL EMILY
3638,23512,EMBROIDERED RIBBON REEL ROSIE
3646,23513,EMBROIDERED RIBBON REEL SUSIE
3640,23514,EMBROIDERED RIBBON REEL SALLY
3639,23515,EMBROIDERED RIBBON REEL DAISY
3653,23516,EMBROIDERED RIBBON REEL SOPHIE
3634,23517,EMBROIDERED RIBBON REEL REBECCA
3641,23518,EMBROIDERED RIBBON REEL RACHEL
3654,23519,EMBROIDERED RIBBON REEL CLAIRE
3632,23520,EMBROIDERED RIBBON REEL RUBY
3685,23521,CAT AND BIRD WALL ART
3677,23522,DOG AND BALL WALL ART
3686,23523,TREASURE AHOY WALL ART
3670,23524,HORSE & PONY WALL ART
3674,23525,BUFFALO BILL WALL ART
3678,23526,DOG LICENCE WALL ART
3688,23527,ANIMALS AND NATURE WALL ART
3681,23528,SPACEBOY WALL ART
3690,23529,DOLLY GIRL WALL ART
3683,23530,WALL ART ONLY ONE PERSON
3687,23531,WALL ART BIG LOVE
3675,23532,WALL ART WORK REST AND PLAY
3679,23533,WALL ART GARDEN HAVEN
3672,23534,STOP FOR TEA WALL ART
3671,23535,BICYCLE SAFTEY WALL ART
3691,23536,VILLAGE SHOW WALL ART
3694,23537,I LOVE LONDON WALL ART
3684,23538,WALL ART VINTAGE HEART
3676,23539,WALL ART LOVES' SECRET
3693,23540,WALL ART THE MAGIC FOREST
3673,23541,WALL ART CLASSIC PUDDINGS
3680,23542,70'S ALPHABET WALL ART
3682,23543,KEEP CALM WALL ART
3692,23544,WALL ART MID CENTURY MODERN
3490,23545,WRAP RED DOILEY
3485,23546,WRAP PAISLEY PARK
3491,23547,WRAP FLOWER SHOP
3492,23548,WRAP MAGIC FOREST
3484,23549,WRAP BIRD GARDEN
3478,23550,WRAP ALPHABET POSTER
3554,23551,PACK OF 12 PAISLEY PARK TISSUES
3814,23552,BICYCLE PUNCTURE REPAIR KIT
3745,23553,LANDMARK FRAME CAMDEN TOWN
3741,23554,LANDMARK FRAME OXFORD STREET
3743,23555,LANDMARK FRAME NOTTING HILL
3740,23556,LANDMARK FRAME COVENT GARDEN
3742,23557,LANDMARK FRAME BAKER STREET
3739,23558,LANDMARK FRAME LONDON BRIDGE
3597,23559,WOODLAND BUNNIES LOLLY MAKERS
3821,23560,SET OF 6 RIBBONS COUNTRY STYLE
3824,23561,SET OF 6 RIBBONS PARTY
3823,23562,SET OF 6 RIBBONS PERFECTLY PRETTY
3715,23564,EGG CUP MILKMAID INGRID
3725,23565,EGG CUP MILKMAID HELGA
3732,23566,EGG CUP MILKMAID HEIDI
3716,23567,EGG CUP HENRIETTA HEN PINK
3731,23568,EGG CUP HENRIETTA HEN CREAM
3761,23569,TRADTIONAL ALPHABET STAMP SET
3758,23570,TRADITIONAL PICK UP STICKS GAME
3760,23571,TRADITIONAL NAUGHTS & CROSSES
3449,23574,PACKING CHARGE
3820,23575,SNACK TRAY PAISLEY PARK
3822,23576,SNACK TRAY RED VINTAGE DOILY
3818,23578,SNACK TRAY RED GINGHAM
3737,23579,SNACK TRAY I LOVE LONDON
3819,23580,SNACK TRAY HAPPY FOREST
3767,23581,JUMBO BAG PAISLEY PARK
3765,23582,VINTAGE DOILY JUMBO BAG RED
3766,23583,LUNCH BAG PAISLEY PARK
3794,23597,PAPER BUNTING PAISLEY PARK
3793,23598,PAPER BUNTING VINTAGE PARTY
3651,23601,SET 10 CARDS SNOWY SNOWDROPS  17100
3797,23602,SET 10 CARDS 3 WISE MEN 17107
3723,23603,SET 10 CARD KRAFT REINDEER 17084
3695,23604,SET 10 MINI SANTA & SNOWMAN  17087
3700,23605,SET 10 CARDS 12 DAYS OF XMAS 17059
3611,23607,SET 10 CARDS HATS & STOCKINGS 17081
3784,23608,SET 10 CARDS RUDOLPHS NOSE 17097
3825,23609,SET 10 CARDS SNOWY ROBIN 17099
3650,23610,SET 10 CARDS CHRISTMAS ROBIN 17095
3610,23611,SET 10 CARDS RED RIDING HOOD 17214
3703,23612,SET 10 MINICARDS CUTE SNOWMAN 17071
3594,23613,SET 10 XMAS CARDS & BADGES 17070
3584,23614,SET 10 CARDS 12 DAYS WRAP  17058
3771,23615,SET 10 CARDS PRINTED GRAPHIC 17219
3792,23616,SET 10 CARDS JINGLE BELLS 17217
3826,23617,SET 10 CARDS SWIRLY XMAS TREE 17104
3701,23619,SET 10 CARDS POINSETTIA 17093
3555,23620,SET 10 CARDS PERFECT POST 17090
3795,23621,SET 10 CARDS DAVID'S MADONNA 17074
3556,23623,SET 10 CARD CHRISTMAS WELCOME 17112
3647,23624,SET 10 CARD PERFECT NATIVITY 17089
3614,23625,SET 6 CARDS SPARKLY REINDEER 17262
3696,23626,SET 10 CARDS DINKY TREE 17076
3796,23627,SET 10 CARDS XMAS GRAPHIC  17218
3778,23628,SET 10 CARDS TRIANGLE ICONS  17220
3619,23629,SET 10 CARDS DRESSING UP 17077
3620,23630,SET 10 CARDS HANGING BAUBLES 17080
3652,23632,SET 10 CARDS CHEERFUL ROBIN 17065
3779,23633,SET 10 CARDS WORLD CHILDREN 17067
3557,23634,SET 10 CARDS XMAS CHOIR 17068
3702,23635,SET 10 CARDS CHRISTMAS HOLLY  17259
3764,23636,SET 10 CARDS WISHING TREE 17116
3585,23637,SET 10 CARDS OUT OF ORDER 17216
3656,23638,SET 10 CARDS ROBIN WATERPUMP  17096
3615,23639,SET 10 CARDS MAGICAL TREE 17086
3590,23640,SET 10 CARDS SCOTTIE DOG 17211
3780,23643,SET 10 CARDS CHRISTMAS BAUBLE 16954
3667,23644,SET 10 CARDS CHRISTMAS TREE 16955
3772,23645,SET 10 CHRISTMAS CARDS HOHOHO 16956
3595,23646,SET 10 CARDS JINGLE BELLS 16957
3802,23649,SET 10 CARDS DECK THE HALLS 16960
3657,23650,SET 10 CARDS FILIGREE BAUBLE 16961
3807,23652,SET 10 CARD CHRISTMAS STAMPS 16963
3773,23654,SET 10 CARD SNOWMAN 16965
3713,23660,HENRIETTA HEN MUG
3714,23661,MILK MAIDS MUG
3798,23664,FLOWER SHOP DESIGN MUG
3785,23681,LUNCH BAG RED VINTAGE DOILY
3782,23691,KEEP CALM BIRTHDAY WRAP
3789,23692,WRAP A PRETTY THANK YOU
3801,23694,PAISLEY PARK CARD
3790,23695,DOILY THANK YOU CARD
3791,23697,A PRETTY THANK YOU CARD
3738,23702,HIGH RESOLUTION IMAGE
3828,23843,"PAPER CRAFT , LITTLE BIRDIE"
1542,35001G,HAND OPEN SHAPE GOLD
1983,35001W,HAND OPEN SHAPE DECO.WHITE
210,35004B,SET OF 3 BLACK FLYING DUCKS
122,35004C,SET OF 3 COLOURED  FLYING DUCKS
157,35004G,SET OF 3 GOLD FLYING DUCKS
2446,35004P,SET OF 3 PINK FLYING DUCKS
880,35095A,BLUE VICTORIAN FABRIC OVAL BOX
881,35095B,RED VICTORIAN FABRIC OVAL BOX
1824,35241,ENAMEL BLUE RIM BISCUIT BIN
2816,35265,COLOURFUL FLOWER FRUIT BOWL
1340,35271S,GOLD PRINT PAPER BAG
2098,35400,WOODEN BOX ADVENT CALENDAR
2741,35443,RASTA IN BATH W SPLIFF ASHTRAY
882,35471D,SET OF 3 BIRD LIGHT PINK FEATHER
399,35591T,TURQUOISE CHRISTMAS TREE
2104,35597A,DUSTY PINK CHRISTMAS TREE 30CM
2108,35597B,BLACKCHRISTMAS TREE 30CM
3533,35597D,PINK/WHITE CHRISTMAS TREE 30CM
3805,35598A,DUSTY PINK CHRISTMAS TREE 60CM
1117,35598B,BLACK CHRISTMAS TREE 60CM
3800,35598C,WHITE CHRISTMAS TREE 60CM
883,35598D,PINK/WHITE CHRISTMAS TREE 60CM
1670,35599B,BLACK CHRISTMAS TREE 120CM
884,35599D,PINK AND WHITE CHRISTMAS TREE 120CM
2634,35607A,PINK FLUFFY CHRISTMAS DECORATION
3057,35607B,BLACK FEATHER CHRISTMAS DECORATION
2455,35609A,PINK FEATHER CHRISTMAS DECORATION
885,35610A,PINK CHRISTMAS FLOCK DROPLET
2508,35610B,BLACK CHRISTMAS FLOCK DROPLET
2456,35610C,WHITE CHRISTMAS FLOCK DROPLET
1253,35637A,IVORY STRING CURTAIN WITH POLE
2920,35637C,PINK STRING CURTAIN WITH POLE
3004,35638A,PINK AND BLACK STRING CURTAIN
3470,35638B,PINK/BLUE STRING CURTAIN
3458,35645,VINTAGE BEAD PINK JEWEL BOX
2188,35646,VINTAGE BEAD PINK EVENING BAG
2893,35647,VINTAGE BEAD PINK SHADE
2011,35648,VINTAGE BEAD PINK PURSE
3124,35649,VINTAGE BEAD COSMETIC BAG
3502,35650,VINTAGE BEAD PINK JEWEL STAND
2012,35651,VINTAGE BEAD PINK SCARF
1876,35653,VINTAGE BEAD NOTEBOOK
2220,35809A,ENAMEL PINK TEA CONTAINER
3125,35809B,ENAMEL BLUE RIM TEA CONTAINER
2631,35810A,ENAMEL PINK COFFEE CONTAINER
1823,35810B,ENAMEL BLUE RIM COFFEE CONTAINER
2945,35815P,"ACRYLIC JEWEL SNOWFLAKE, PINK"
3530,35816P,"ACRYLIC JEWEL ANGEL,PINK"
2589,35817P,"ACRYLIC JEWEL SNOWFLAKE,PINK"
3534,35818B,"ACRYLIC JEWEL ICICLE, BLUE"
886,35818P,"ACRYLIC JEWEL ICICLE, PINK"
2710,35819B,"ACRYLIC HANGING JEWEL,BLUE"
3617,35819P,"ACRYLIC HANGING JEWEL,PINK"
2551,35832,WOOLLY HAT SOCK GLOVE ADVENT STRING
2062,35833G,4 GOLD FLOCK CHRISTMAS BALLS
2221,35833P,4 PINK FLOCK CHRISTMAS BALLS
2766,35909A,RABBIT EASTER DECORATION
2967,35909B,PINK FLOWERS RABBIT EASTER
2767,35910A,MULTICOLOUR EASTER RABBIT
3087,35910B,PINK FLOWERS RABBIT EASTER
2622,35911A,MULTICOLOUR RABBIT EGG WARMER
2756,35911B,PINK/FLOWER RABBIT EGG WARMER
2832,35912B,WHITE/PINK CHICK DECORATION
2897,35913B,WHITE/PINK CHICK EASTER DECORATION
2157,35914,PINK CHICK EGG WARMER + EGG CUP
2439,35915B,BLUE KNITTED HEN
2810,35915C,PEACH KNITTED HEN
2063,35916A,YELLOW FELT HANGING HEART W FLOWER
1254,35916B,BLUE FELT HANGING HEART W FLOWER
1255,35916C,PINK FELT HANGING HEART W FLOWER
2875,35920,FOUR RABBIT EASTER DECORATIONS
2851,35921,EASTER BUNNY HANGING GARLAND
2857,35922,EASTER BUNNY WREATH
2797,35923,CANDY HEART HANGING DECORATION
1924,35924,HANGING FAIRY CAKE DECORATION
2658,35933,PINK STOCKING CHRISTMAS DECORATION
1895,35953,FOLKART STAR CHRISTMAS DECORATIONS
1114,35954,SMALL FOLKART STAR CHRISTMAS DEC
887,35957,SMALLFOLKART BAUBLE CHRISTMAS DEC
1901,35958,FOLKART ZINC STAR CHRISTMAS DEC
888,35961,FOLKART ZINC HEART CHRISTMAS DEC
1256,35964,FOLKART CLIP ON STARS
1257,35965,FOLKART HEART NAPKIN RINGS
3354,35966,FOLKART CHRISTMAS TREE T-LIGHT HOLD
1258,35967,FOLK ART METAL STAR T-LIGHT HOLDER
2308,35968,FOLK ART METAL HEART T-LIGHT HOLDER
1769,35970,ZINC FOLKART SLEIGH BELLS
889,35971,ROSE FOLKART HEART DECORATIONS
2770,35972,DAISY FOLKART HEART DECORATION
1979,37327,ASSTD MULTICOLOUR CIRCLES MUG
3096,37330,BIG POLKADOT MUG
2386,37333,"RETRO ""TEA FOR ONE"""
2206,37340,MULTICOLOUR SPRING FLOWER MUG
2627,37342,POLKADOT COFFEE CUP & SAUCER PINK
743,37343,POLKADOT MUG PINK
2900,37351,ORANGE FLOWER MUG
49,37370,RETRO COFFEE MUGS ASSORTED
2874,37379A,PINK CHERRY BLOSSOM CUP & SAUCER
2942,37413,ICON MUG REVOLUTIONARY
3045,37423,WHITE WITH BLACK CATS PLATE
94,37444A,YELLOW BREAKFAST CUP AND SAUCER
2385,37444B,BLUE BREAKFAST CUP AND SAUCER
95,37444C,PINK BREAKFAST CUP AND SAUCER
1083,37446,MINI CAKE STAND WITH HANGING CAKES
2013,37447,CERAMIC CAKE DESIGN SPOTTED PLATE
1130,37448,CERAMIC CAKE DESIGN SPOTTED MUG
890,37449,CERAMIC CAKE STAND + HANGING CAKES
1259,37450,CERAMIC CAKE BOWL + HANGING CAKES
1953,37461,FUNKY MONKEY MUG
2158,37462E,"PET MUG, GOLDFISH"
1739,37464,ROBOT MUG IN DISPLAY BOX
2258,37467,PIG MUG IN TWO COLOUR DESIGNS
2842,37468,HARDMAN MUG 3 ASSORTED
3216,37471,MULTICOLOUR POLKADOT PLATE
2159,37474,SET/4 2 TONE EGG SHAPE MIXING BOWLS
2420,37475,SET/4 COLOURFUL MIXING BOWLS
891,37476,CONDIMENT TRAY 4 BOWLS AND 4 SPOONS
2086,37479B,CUBIC MUG FLOCK BLUE ON BROWN
2197,37479P,CUBIC MUG FLOCK PINK ON BROWN
2087,37482P,CUBIC MUG PINK POLKADOT
3136,37487B,YELLOW/ORANGE FLOWER DESIGN PLATE
3090,37488A,YELLOW PINK FLOWER DESIGN BIG BOWL
1755,37489A,YELLOW/PINK FLOWER DESIGN BIG MUG
1751,37489B,BLUE/YELLOW FLOWER DESIGN BIG MUG
1752,37489C,GREEN/BLUE FLOWER DESIGN BIG MUG
1749,37489D,PINK/GREEN FLOWER DESIGN BIG MUG
1260,37491A,YELLOW/PINK CERAMIC CANDLE HOLDER
3480,37491B,BLUE/YELLOW CERAMIC CANDLE HOLDER
3481,37491C,GREEN/BLUE CERAMIC CANDLE HOLDER
2994,37491D,PURPLE/BLUE CERAMIC CANDLE HOLDER
753,37495,FAIRY CAKE BIRTHDAY CANDLE SET
2222,37500,TEA TIME TEAPOT IN GIFT BOX
2223,37501,TEA TIME TEA SET IN GIFT BOX
2583,37503,TEA TIME CAKE STAND IN GIFT BOX
1930,37509,NEW ENGLAND MUG W GIFT BOX
1335,40001,WHITE BAMBOO RIBS LAMPSHADE
2358,40003,WHITE BAMBOO RIBS LAMPSHADE
2135,40005B,BLUE ORGANDY ROUND LAMPSHADE W BEA
1428,40016,CHINESE DRAGON PAPER LANTERNS
2886,40046A,RED DAISY PAPER LAMPSHADE
2932,44089A,PINK GAUZE BUTTERFLY LAMPSHADE
2959,44089C,LILAC GAUZE BUTTERFLY LAMPSHADE
2806,44091A,BLUE CRUSOE CHECK LAMPSHADE
2998,44092B,BLUE WHITE PLASTIC RINGS LAMPSHADE
2995,44092C,PURPLE/COPPER HANGING LAMPSHADE
2706,44228,CANNABIS LEAF BEAD CURTAIN
1671,44234,ASSORTED CIRCULAR MOBILE
2357,44235,ASS COL CIRCLE MOBILE
2960,44236,PINK/PURPLE CIRCLE CURTAIN
3457,44242A,LILAC FEATHERS CURTAIN
3146,44242B,PINK FEATHERS CURTAIN
2953,44265,M/COLOUR POM-POM CURTAIN
2950,45013,FOLDING SHOE TIDY
549,46000M,POLYESTER FILLER PAD 45X45CM
2131,46000P,POLYESTER FILLER PAD 65CMX65CM
1052,46000R,POLYESTER FILLER PAD 45X30CM
1053,46000S,POLYESTER FILLER PAD 40X40CM
2664,46000U,POLYESTER FILLER PAD 30CMX30CM
2139,46115B,GREEN POP ART MAO CUSHION COVER
2014,46118,FUNKY MONKEY CUSHION COVER
3094,46126A,ELVIS WALLHANGING / CURTAIN
2738,46138B,BLUE CHENILLE SHAGGY CUSHION COVER
1261,46775D,SUNSET COLOUR CHUNKY KNITTED THROW
2064,46776A,WOVEN BUBBLE GUM CUSHION COVER
1262,46776B,WOVEN BERRIES CUSHION COVER
2015,46776C,WOVEN FROST CUSHION COVER
2457,46776D,WOVEN SUNSET CUSHION COVER
2016,46776E,WOVEN CANDY CUSHION COVER
2413,46776F,WOVEN ROSE GARDEN CUSHION COVER
3081,47013A,WINE BOTTLE DRESSING LT.BLUE
3104,47013C,WINE BOTTLE DRESSING DARK BLUE
3781,47016,LIGHT DECORATION BATTERY OPERATED
1599,47021G,SET/6 BEAD COASTERS GAUZE BAG GOLD
1846,47310M,"SMALL POP BOX,FUNKY MONKEY"
2991,47341A,FUSCHIA TABLE RUN FLOWER
3197,47341B,BLUE TABLE RUN FLOWER
1790,47343A,FUSCHIA FLOWER PURSE WITH BEADS
3093,47344B,BLUE FLOWER DES PURSE
2292,47348A,FUSCHIA VOILE POINTY SHOE DEC
2780,47351B,BLUE  VOILE LAMPSHADE
1933,47367B,PAIR PADDED HANGERS PINK CHECK
1931,47369A,PINK GREEN EMBROIDERY COSMETIC BAG
1932,47369B,BLUE GREEN EMBROIDERY COSMETIC BAG
2302,47420,ASSORTED COLOUR SUCTION CUP HOOK
642,47421,ASSORTED COLOUR LIZARD SUCTION HOOK
1785,47422,ASSORTED MONKEY SUCTION CUP HOOK
2859,47469,ASSORTED SHAPES PHOTO CLIP SILVER
1397,47471,RAINBOW PEGS PHOTO CLIP STRING
2105,47480,HANGING PHOTO CLIP ROPE LADDER
2160,47481,50CM METAL STRING WITH  7 CLIPS
2562,47503A,ASS FLORAL PRINT MULTI SCREWDRIVER
1787,47503H,ASS FLORAL PRINT SPIRIT LEVEL
1738,47503J,SET/3 FLORAL GARDEN TOOLS IN BAG
618,47504H,ENGLISH ROSE SPIRIT LEVEL
1745,47504K,ENGLISH ROSE GARDEN SECATEURS
2719,47518F,ICON PLACEMAT POP ART ELVIS
2815,47556B,TEA TIME TEA TOWELS
892,47559B,TEA TIME OVEN GLOVE
535,47563A,RETRO LONGBOARD IRONING BOARD COVER
1633,47566,PARTY BUNTING
1263,47566B,TEA TIME PARTY BUNTING
1264,47567B,TEA TIME KITCHEN APRON
273,47570B,TEA TIME TABLE CLOTH
2189,47574A,ENGLISH ROSE SCENTED HANGING FLOWER
3293,47574B,ENGLISH ROSE SCENTED HANGING HEART
2406,47578A,ENGLISH ROSE SMALL SCENTED FLOWER
1893,47579,TEA TIME BREAKFAST BASKET
98,47580,TEA TIME DES TEA COSY
2669,47585A,PINK FAIRY CAKE CUSHION COVER
2138,47586A,PINK FAIRY CAKE CUSHION COVER
2772,47589,CONGRATULATIONS BUNTING
1265,47590A,BLUE HAPPY BIRTHDAY BUNTING
1266,47590B,PINK HAPPY BIRTHDAY BUNTING
893,47591B,SCOTTIES CHILDRENS APRON
894,47591D,PINK FAIRY CAKE CHILDRENS APRON
2483,47593A,CAROUSEL PONIES BABY BIB
895,47593B,SCOTTIE DOGS BABY BIB
1267,47594A,CAROUSEL DESIGN WASHBAG
2611,47594B,SCOTTIES DESIGN WASHBAG
603,47599A,PINK PARTY BAGS
604,47599B,BLUE PARTY BAGS
1077,48111,DOORMAT 3 SMILEY CATS
2304,48116,DOORMAT MULTICOLOUR STRIPE
241,48129,DOORMAT TOPIARY
757,48138,DOORMAT UNION FLAG
525,48173C,DOORMAT BLACK FLOCK
756,48184,DOORMAT ENGLISH ROSE
213,48185,DOORMAT FAIRY CAKE
21,48187,DOORMAT NEW ENGLAND
896,48188,DOORMAT WELCOME PUPPIES
2238,48189,DOORMAT FRIENDSHIP
312,48194,DOORMAT HEARTS
1986,51008,AFGHAN SLIPPER SOCK PAIR
1075,51014A,"FEATHER PEN,HOT PINK"
1073,51014C,"FEATHER PEN,COAL BLACK"
1074,51014L,"FEATHER PEN,LIGHT PINK"
1943,51020A,SUMMER FUN DESIGN SHOWER CAP
1944,51020B,STRIPY DESIGN SHOWER CAP
1884,62018,SOMBRERO
3199,62043B,BLUE CHECK BAG W HANDLE 34X20CM
2925,62074B,ELEPHANT CLIP W SUCTION CUP
2829,62086A,PINK RETRO BIG FLOWER BAG
2017,62094B,TURQ ICE CREAM BUM BAG
1354,62096A,PINK/YELLOW FLOWERS HANDBAG
3059,62096B,PURPLE/TURQ FLOWERS HANDBAG
3198,62097B,BLUE STRIPES SHOULDER BAG
1268,70006,LOVE HEART POCKET WARMER
548,70007,HI TEC ALPINE HAND WARMER
2295,71038,WHITE HANGING BEADS CANDLE HOLDER
3016,71050,SMALL SINGLE FLAME CANDLE HOLDER
2,71053,WHITE METAL LANTERN
2890,71101E,STANDING FAIRY POLE SUPPORT
1672,71143,SILVER BOOK MARK WITH BEADS
2338,71215,METAL BASE FOR CANDLES
87,71270,PHOTO CLIP LINE
1863,71279,PINK GLASS CANDLEHOLDER
2090,71403,"PINK/WHITE ""KEEP CLEAN"" BULLET BIN"
595,71406C,BLACK ORANGE SQUEEZER
897,71459,HANGING JAM JAR T-LIGHT HOLDER
1134,71477,COLOUR GLASS. STAR T-LIGHT HOLDER
2517,71495A,CD WALL TIDY BLUE OFFICE
2315,71495B,CD WALL TIDY RED FLOWERS
1269,71496A,A4 WALL TIDY BLUE OFFICE
2921,71496B,A4 WALL TIDY RED FLOWERS
2952,71510,SQUARE METAL CANDLEHOLDER BASE
3191,72024U,LILAC VOTIVE CANDLE
1891,72051S,BAG OF SILVER STONES
2115,72122,COFFEE SCENT PILLAR CANDLE
1461,72127,COLUMBIAN CANDLE ROUND
1789,72128,COLUMBIAN CANDLE ROUND
1788,72130,COLUMBIAN CANDLE ROUND
2112,72131,COLUMBIAN CANDLE RECTANGLE
2306,72132,COLUMBIAN CUBE CANDLE
1462,72133,COLUMBIAN CANDLE RECTANGLE
1270,72134,COLUMBIAN  CUBE CANDLE
3013,72140E,BEST DAD CANDLE LETTERS
2663,72225C,LAVENDER SCENT CAKE CANDLE
1593,72232,FENG SHUI PILLAR CANDLE
1620,72349B,SET/6 PURPLE BUTTERFLY T-LIGHTS
1673,72351A,SET/6 TURQUOISE BUTTERFLY T-LIGHTS
2065,72351B,SET/6 PINK  BUTTERFLY T-LIGHTS
2844,72369A,PINK CLEAR GLASS CANDLE PLATE
898,72586,SET OF 6 HALLOWEEN GHOST T-LIGHTS
664,72598,SET/12 TAPER CANDLES
2305,72709,IVORY SCULPTED RND CANDLE
752,72741,GRAND CHOCOLATECANDLE
1351,72760B,VINTAGE CREAM 3 BASKET CAKE STAND
2524,72780,BLACK SILOUETTE CANDLE PLATE
3786,72783,BLACK SIL'T SQU CANDLE PLATE
1339,72798C,SET/4 GARDEN ROSE DINNER CANDLE
2889,72799C,PINK PILLAR CANDLE SILVER FLOCK
899,72799E,IVORY PILLAR CANDLE SILVER FLOCK
900,72799F,IVORY PILLAR CANDLE GOLD FLOCK
616,72800B,4 PURPLE FLOCK DINNER CANDLES
2630,72800C,4 PINK DINNER CANDLE SILVER FLOCK
1829,72800D,4 BLUE DINNER CANDLES SILVER FLOCK
465,72800E,4 IVORY DINNER CANDLES SILVER FLOCK
1529,72801C,4 ROSE PINK DINNER CANDLES
1530,72801D,4 SKY BLUE DINNER CANDLES
2100,72801G,4 BURGUNDY WINE DINNER CANDLES
1791,72802A,ROSE SCENT CANDLE IN JEWELLED BOX
1792,72802B,OCEAN SCENT CANDLE IN JEWELLED BOX
340,72802C,VANILLA SCENT CANDLE JEWELLED BOX
1334,72803A,ROSE SCENT CANDLE JEWELLED DRAWER
1645,72803B,OCEAN SCENT CANDLE JEWELLED DRAWER
901,72807A,SET/3 ROSE CANDLE IN JEWELLED BOX
902,72807B,SET/3 OCEAN SCENT CANDLE JEWEL BOX
903,72807C,SET/3 VANILLA SCENTED CANDLE IN BOX
3208,72811,SMALL ZINC/GLASS CANDLEHOLDER
2947,72812,LARGE ZINC GLASS CANDLEHOLDER
2401,72815,3 WICK CHRISTMAS BRIAR CANDLE
904,72816,SET/3 CHRISTMAS DECOUPAGE CANDLES
728,72817,SET OF 2 CHRISTMAS DECOUPAGE CANDLE
526,72818,CHRISTMAS DECOUPAGE CANDLE
2190,72819,CUPID DESIGN SCENTED CANDLES
2903,72821,CUPID SCENTED CANDLE IN GLASS
2561,75011,BLUE DAISY MOBILE
1902,75013B,"STRING OF 8 BUTTERFLIES,PINK"
1674,75049L,LARGE CIRCULAR MIRROR MOBILE
1675,75131,METAL TUBE CHIME ON BAMBOO
2949,75172,PAINTED SEA SHELL METAL WINDCHIME
2560,75178,ASSTD COL BUTTERFLY/CRYSTAL W/CHIME
3366,77079,DOLPHIN WINDMILL
1856,77101A,UNION FLAG WINDSOCK
3089,78033,FLAG OF ST GEORGE CHAIR
1869,78034B,BLUE NETTING STORAGE HANGER
2316,78124,MAGAZINE RACK GEBRA ASSORTED
1607,79000,MOROCCAN TEA GLASS
3053,79026B,"S/4 ICON COASTER,ELVIS LIVES"
905,79030D,"TUMBLER, BAROQUE"
906,79030G,"TUMBLER, NEW ENGLAND"
2126,79051A,SMOKEY GREY COLOUR D.O.F. GLASS
2989,79062D,"RETRO TIN ASHTRAY,REVOLUTIONARY"
3068,79063C,"RETRO PILL BOX KEY CHAIN,THE KING"
2948,79063D,"RETRO PILL BOX , REVOLUTIONARY"
1065,79066K,RETRO MOD TRAY
1271,79067,CORONA MEXICAN TRAY
2757,79071B,ENGLISH ROSE METAL WASTE BIN
1045,79144B,PAINTED LIGHTBULB STAR+ MOON
2224,79144C,PAINTED LIGHTBULB RAINBOW DESIGN
1867,79149B,SILICON STAR BULB  BLUE
1871,79151B,"SILICON CUBE 25W, BLUE"
3768,79157B,UBO-LIGHT TRIOBASE BLUE
3705,79157V,UBO-LIGHT TRIOBASE PURPLE
2111,79160,HEART SHAPE WIRELESS DOORBELL
3788,79161A,ST GEORGE SET OF 10 PARTY LIGHTS
1522,79163,BLACK CHAMPAGNE GLASS
1520,79164,BLACK WINE GLASS
1921,79190A,RETRO PLASTIC 70'S TRAY
2359,79190B,RETRO PLASTIC POLKA TRAY
1975,79190D,RETRO PLASTIC DAISY TRAY
1676,79191B,RETRO PLASTIC POLKA TRAY
1396,79191C,RETRO PLASTIC ELEPHANT TRAY
2708,79191D,RETRO PLASTIC DAISY TRAY
2879,79192A,RETRO PLASTIC 70'S TRAY
1082,79302M,"ART LIGHTS,FUNK MONKEY"
2762,79320,FLAMINGO LIGHTS
142,79321,CHILLI LIGHTS
2773,79323B,BLACK CHERRY LIGHTS
2802,79323P,PINK CHERRY LIGHTS
2872,79323W,WHITE CHERRY LIGHTS
2597,79329,PINK FLOCK GLASS CANDLEHOLDER
2996,79331,PINK FLOCK GLASS CANDLEHOLDER
3500,79336,LIGHT PINK FLOCK GLASS CANDLEHOLDER
1804,79337,BLUE FLOCK GLASS CANDLEHOLDER
2317,79403,FROSTED WHITE BASE
2971,79406,FROSTED WHITE BASE
3447,81950B,FLOWER BLUE CLOCK WITH SUCKER
2442,81950V,FLOWER PURPLE CLOCK W/SUCKER
3445,81952B,ROUND BLUE CLOCK WITH SUCKER
3446,81952V,ROUND PURPLE CLOCK WITH SUCKER
3468,81953B,ROUND BLUE CLOCK WITH SUCKER
3469,81953P,ROUND ARTICULATED PINK CLOCK W/SUCK
1677,82001S,VINYL RECORD FRAME SILVER
2499,82011A,"BATHROOM SCALES, TROPICAL BEACH"
1905,82011B,BATHROOM SCALES RUBBER DUCKS
1801,82011C,BATHROOM SCALES FOOTPRINTS IN SAND
2962,82095,HEART BUTTONS JEWELLERY BOX
55,82482,WOODEN PICTURE FRAME WHITE FINISH
53,82483,WOOD 2 DRAWER CABINET WHITE FINISH
123,82484,WOOD BLACK BOARD ANT WHITE FINISH
54,82486,WOOD S/3 CABINET ANT WHITE FINISH
56,82494L,WOODEN FRAME ANTIQUE WHITE
907,82551,LAUNDRY 15C METAL SIGN
484,82552,WASHROOM METAL SIGN
83,82567,"AIRLINE LOUNGE,METAL SIGN"
243,82578,KITCHEN METAL SIGN
242,82580,BATHROOM METAL SIGN
244,82581,TOILET METAL SIGN
1272,82582,AREA PATROLLED METAL SIGN
908,82583,HOT BATHS METAL SIGN
1273,82599,FANNY'S REST STOPMETAL SIGN
716,82600,NO SINGING METAL SIGN
2487,82605,OLD DOC RUSSEL METAL SIGN
2712,82613A,"METAL SIGN,CUPCAKE SINGLE HOOK"
909,82613B,"METAL SIGN,CUPCAKE SINGLE HOOK"
910,82613C,"METAL SIGN,CUPCAKE SINGLE HOOK"
911,82613D,METAL SIGN CUPCAKE SINGLE HOOK
1123,82615,PINK MARSHMALLOW SCARF KNITTING KIT
1773,82616B,FRAPPUCINO SCARF KNITTING KIT
1274,82616C,MIDNIGHT GLAMOUR SCARF KNITTING KIT
1624,84006,MAGIC TREE -PAPER FLOWERS
2368,84012,MAGIC SHEEP WOOL GROWING FROM PAPER
3205,84016,FLAG OF ST GEORGE CAR FLAG
5,84029E,RED WOOLLY HOTTIE WHITE HEART.
4,84029G,KNITTED UNION FLAG HOT WATER BOTTLE
178,84030E,ENGLISH ROSE HOT WATER BOTTLE
912,84031A,CHARLIE+LOLA RED HOT WATER BOTTLE
913,84031B,CHARLIE LOLA BLUE HOT WATER BOTTLE
914,84032A,CHARLIE+LOLA PINK HOT WATER BOTTLE
432,84032B,CHARLIE + LOLA RED HOT WATER BOTTLE
2869,84033,FLAG OF ST GEORGE
710,84050,PINK HEART SHAPE EGG FRYING PAN
1896,84051,ASS COLOUR GLOWING TIARAS
1360,84077,WORLD WAR 2 GLIDERS ASSTD DESIGNS
2018,84078A,SET/4 WHITE RETRO STORAGE CUBES
3067,84086B,YELLOW/BLUE RETRO RADIO
915,84086C,PINK/PURPLE RETRO RADIO
2349,84192,ASSORTED COLOUR METAL CAT
2711,84199,GLOW IN DARK DOLPHINS
3540,84201B,HAPPY BIRTHDAY CARD STRIPEY TEDDY
3548,84201C,HAPPY BIRTHDAY CARD TEDDY/CAKE
3539,84206A,3 BLACK CATS W HEARTS BLANK CARD
3808,84206B,CAT WITH SUNGLASSES BLANK CARD
3314,84206C,CHAMPAGNE TRAY BLANK CARD
1746,84212,"ASSORTED FLOWER COLOUR ""LEIS"""
2747,84218,BOX/12 CHICK & EGG IN BASKET
2871,84226,HEN HOUSE W FAMILY IN BARN & NEST
3078,84227,HEN HOUSE W CHICK IN NEST
2019,84228,HEN HOUSE W CHICK STANDING
2853,84231,EASTER BUNNY WITH BASKET ON BACK
2248,84247E,PACK/12 XMAS FUN CARD
1594,84247G,"DECOUPAGE,GREETING CARD,"
1741,84247K,"FOLK ART GREETING CARD,PACK/12"
2345,84247L,FAWN AND MUSHROOM GREETING CARD
1740,84247N,PACK/12 BLUE FOLKART CARDS
2697,84249A,"GREETING CARD,SQUARE, DOUGHNUTS"
2259,84251B,"GREETING CARD, STICKY GORDON"
2736,84251C,"GREETING CARD, TWO SISTERS."
2318,84251G,"GREETING CARD, OVERCROWDED POOL."
1678,84270,ASSTD DESIGN BUBBLE GUM RING
2926,84279B,CHERRY BLOSSOM DECORATIVE FLASK
916,84279P,CHERRY BLOSSOM  DECORATIVE FLASK
2997,84306,S/3 PINK SQUARE PLANTERS ROSES
2161,84313B,BLUE TV TRAY TABLE
2539,84313C,ORANGE TV TRAY TABLE
1431,84341B,SMALL PINK MAGIC CHRISTMAS TREE
323,84347,ROTATING SILVER ANGELS T-LIGHT HLDR
1068,84352,SILVER CHRISTMAS TREE BAUBLE STAND
2405,84356,POMPOM CURTAIN
1857,84358,FLOOR LAMP SHADE WOOD BASE
1113,84360,TABLE LAMP WHITE SHADE WOOD BASE
305,84375,SET OF 20 KIDS COOKIE CUTTERS
288,84378,SET OF 3 HEART COOKIE CUTTERS
287,84380,SET OF 3 BUTTERFLY COOKIE CUTTERS
3494,84387A,BIRD ON BRANCH CANVAS SCREEN
2200,84388,WISE MAN STAR SHAPE EGG PAN
3483,84402B,PURPLE DRESS JEWELLERY STAND
3,84406B,CREAM CUPID HEARTS COAT HANGER
3343,84415A,PINK FLOCK SUEDE CUSHION COVER
2312,84415B,BLUE FLOCK CUSHION COVER
2162,84422,PINK/BLUE DISC/MIRROR STRING
2163,84429A,MEDIUM PINK BUDDHA HEAD
2938,84452,METAL RABBIT LADDER EASTER
2696,84457,SET/3 RABBITS FLOWER SKIPPPING ROPE
2066,84459A,PINK METAL CHICKEN HEART
1275,84459B,YELLOW METAL CHICKEN HEART
2856,84461,12 PINK HEN+CHICKS IN BASKET
2855,84462,3 PINK HEN+CHICKS IN BASKET
2914,84465,15 PINK FLUFFY CHICKS IN BOX
3009,84466,TOP SECRET PEN SET
2252,84497,BUTTONS AND STRIPES NOTEBOOK
2720,84499,BLACK FLOWER CANDLE PLATE
2602,84507B,STRIPES DESIGN MONKEY DOLL
1771,84507C,BLUE CIRCLES DESIGN MONKEY DOLL
1056,84508A,CAMOUFLAGE DESIGN TEDDY
1847,84508B,STRIPES DESIGN TEDDY
1882,84508C,BLUE CIRCLES DESIGN TEDDY
232,84509A,SET OF 4 ENGLISH ROSE PLACEMATS
1084,84509B,SET OF 4 FAIRY CAKE PLACEMATS
1643,84509C,SET OF 4 POLKADOT PLACEMATS
2414,84509E,SET OF 4 CAROUSEL PLACEMATS
1432,84509G,SET OF 4 FAIRY CAKE PLACEMATS
233,84510A,SET OF 4 ENGLISH ROSE COASTERS
2164,84510C,SET OF 4 POLKADOT COASTERS
2415,84510E,SET OF 4 GREEN CAROUSEL COASTERS
74,84519A,TOMATO CHARLIE+LOLA COASTER SET
1466,84519B,CARROT CHARLIE+LOLA COASTER SET
1276,84520B,PACK 20 ENGLISH ROSE PAPER NAPKINS
2106,84522,PINK PARTY SUNGLASSES
2888,84527,FLAMES SUNGLASSES PINK LENSES
1965,84531A,PINK KNITTED EGG COSY
1966,84531B,BLUE KNITTED EGG COSY
954,84534B,FAIRY CAKE NOTEBOOK A5 SIZE
3073,84535A,ENGLISH ROSE NOTEBOOK A6 SIZE
955,84535B,FAIRY CAKES NOTEBOOK A6 SIZE
956,84536A,ENGLISH ROSE NOTEBOOK A7 SIZE
957,84536B,FAIRY CAKES NOTEBOOK A7 SIZE
1733,84539,KNITTED RABBIT DOLL
3105,84548,CROCHET BEAR RED/BLUE  KEYRING
3122,84549,CROCHET WHITE RABBIT KEYRING
3816,84550,CROCHET LILAC/RED BEAR KEYRING
3394,84551,CROCHET DOG KEYRING
536,84558A,3D DOG PICTURE PLAYING CARDS
1277,84559A,3D SHEET OF DOG STICKERS
1278,84559B,3D SHEET OF CAT STICKERS
1796,84562A,PINK/WHITE RIBBED MELAMINE JUG
617,84563A,PINK & WHITE BREAKFAST TRAY
1920,84563B,BLUE & WHITE BREAKFAST TRAY
2020,84568,GIRLS ALPHABET IRON ON PATCHES
2119,84569A,PACK 3 IRON ON DOG PATCHES
645,84569B,PACK 3 FIRE ENGINE/CAR PATCHES
3111,84569C,PACK 4 FLOWER/BUTTERFLY PATCHES
1880,84569D,PACK 6 HEART/ICE-CREAM PATCHES
2538,84575A,PINK DOG CANNISTER
3127,84576,BLUE CAT BISCUIT BARREL PINK HEART
958,84580,MOUSE TOY WITH PINK T-SHIRT
959,84581,DOG TOY WITH PINK CROCHET SKIRT
2518,84584,PINK GINGHAM CAT WITH SCARF
2877,84592,CROCHET ROSE PURSE WITH SUEDE BACK
3061,84593,CROCHET ROSE DES CLOTHES HANGER
2438,84595E,LARGE TORTILLA DESIGN RED BOWL
2109,84596B,SMALL DOLLY MIX DESIGN ORANGE BOWL
598,84596E,SMALL LICORICE DES PINK BOWL
1957,84596F,SMALL MARSHMALLOWS PINK BOWL
1854,84596G,SMALL CHOCOLATES PINK BOWL
1279,84596J,MIXED NUTS LIGHT GREEN BOWL
1956,84596L,BISCUITS SMALL BOWL LIGHT BLUE
2574,84597B,RETRO BROWN BALL ASHTRAY
1942,84597C,RETRO PINK BALL ASHTRAY
960,84598,BOYS ALPHABET IRON ON PATCHES
2649,84600,NEW BAROQUE JEWELLERY BOX
1280,84609,TALL ROCOCO CANDLE HOLDER
2624,84613A,PINK NEW BAROQUE FLOCK CANDLESTICK
2296,84613C,BLUE NEW BAROQUE FLOCK CANDLESTICK
1809,84614A,PINK BAROQUE FLOCK CANDLE HOLDER
2575,84616,SILVER ROCCOCO CHANDELIER
2795,84617,NEW BAROQUE BLACK BOXES
2603,84620,BLUE GINGHAM ROSE CUSHION COVER
270,84625A,PINK NEW BAROQUECANDLESTICK CANDLE
269,84625C,BLUE NEW BAROQUE CANDLESTICK CANDLE
3218,84629,WHITE 3 FRAME BIRDS AND TREE
2444,84631,FRUIT TREE AND BIRDS WALL PLAQUE
2894,84632,DECORATIVE HANGING SHELVING UNIT
2067,84637,KITCHEN FLOWER POTS WALL PLAQUE
2433,84638,SMALL KITCHEN FLOWER POTS PLAQUE
1322,84658,WHITE STITCHED CUSHION COVER
1281,84659A,WHITE TRAVEL ALARM CLOCK
2559,84660A,WHITE STITCHED WALL CLOCK
2404,84660B,BLACK STITCHED WALL CLOCK
1679,84660C,PINK STITCHED WALL CLOCK
2775,84661A,WHITE SQUARE TABLE CLOCK
1680,84661B,BLACK SQUARE TABLE CLOCK
2798,84661C,PINK SQUARE TABLE CLOCK
1282,84663A,GRASS HOPPER WOODEN WALL CLOCK
2191,84665,SQUARE CHERRY BLOSSOM CABINET
2576,84666,SQUARE CHERRY BLOSSOM CABINET
2582,84673A,PINK FLY SWAT
1681,84673B,BLUE FLY SWAT
1386,84674,FLYING PIG WATERING CAN
2858,84675,FROG KING WATERING CAN
457,84678,CLASSICAL ROSE SMALL VASE
3419,84679,CLASSICAL ROSE TABLE LAMP
1521,84683,CLASSICAL ROSE CANDLESTAND
1062,84685,BEACH HUT KEY CABINET
3126,84686,BEACH HUT MIRROR
3010,84687,BEACH HUT SHELF W 3 DRAWERS
2458,84688,BEACH HUT DESIGN BLACKBOARD
3145,84689,S/2 BEACH HUT TREASURE CHESTS
3005,84691,PACK 20 DOLLY PEGS
689,84692,BOX OF 24 COCKTAIL PARASOLS
3225,84705C,PINK FLOCK PHOTO FRAME
2342,84706D,CHERRY BLOSSOM TABLE CLOCK
3456,84706F,RED PEONY TABLE CLOCK
2185,84707A,SILVER JEWELLED MIRROR TRINKET TRAY
1984,84707B,PINK JEWELLED MIRROR TRINKET TRAY
2931,84708B,PINK JEWELLED PHOTO FRAME
259,84709B,PINK OVAL JEWELLED MIRROR
2101,84711A,SILVER OVAL SHAPE TRINKET BOX
2549,84711B,PINK OVAL SHAPE TRINKET BOX
2039,84712B,PINK JEWELLED PHOTO FRAME
2916,84715,SET OF 6 ICE CREAM SKITTLES
2933,84723,CHERRY BLOSSOM CANVAS ART PICTURE
2196,84725,FREESTYLE CANVAS ART PICTURE
3148,84731,3 BIRDS CANVAS SCREEN
3489,84732B,CUTE BIRD CEATURE SCREEN
3488,84732D,CUTE RABBIT CEATURE SCREEN
2785,84741C,CITRUS GARLAND FELT FLOWERS
3119,84743C,ORANGE FELT VASE + FLOWERS
227,84744,S/6 SEW ON CROCHET FLOWERS
2836,84745A,PINK HANGING GINGHAM EASTER HEN
2837,84745B,BLUE HANGING GINGHAM EASTER HEN
3442,84746,PINK EASTER HENS+FLOWER
2416,84748,FOLK FELT HANGING MULTICOL GARLAND
3088,84750A,PINK SMALL GLASS CAKE STAND
2628,84750B,BLACK SMALL GLASS CAKE STAND
2601,84751B,BLACK MEDIUM GLASS CAKE STAND
476,84754,S/15 SILVER GLASS BAUBLES IN BAG
124,84755,COLOUR GLASS T-LIGHT HOLDER HANGING
1115,84760S,SMALL HANGING GLASS+ZINC LANTERN
1463,84763,ZINC FINISH 15CM PLANTER POTS
2547,84766,SILVER ROCOCO CANDLE STICK
1935,84773,RED ROSE AND LACE C/COVER
2021,84789,ENCHANTED BIRD PLANT CAGE
1361,84792,ENCHANTED BIRD COATHANGER 5 HOOK
1977,84795B,SUNSET CHECK HAMMOCK
2924,84795C,OCEAN STRIPE HAMMOCK
2578,84796A,PINK HAWAIIAN PICNIC HAMPER FOR 2
2866,84796B,BLUE SAVANNAH PICNIC HAMPER FOR 2
2393,84798A,PINK FOXGLOVE ARTIIFCIAL FLOWER
2964,84798B,PURPLE FOXGLOVE ARTIIFCIAL FLOWER
2445,84799,SPRIG LAVENDER ARTIFICIAL FLOWER
2687,84800L,LARGE WHITE/PINK ROSE ART FLOWER
2688,84800M,MEDIUM WHITE/PINK ROSE ART FLOWER
2878,84800S,SMALL WHITE/PINK ROSE ART FLOWER
2876,84801A,PINK HYDRANGEA ART FLOWER
2928,84801B,WHITE HYDRANGEA ART FLOWER
2689,84802A,WHITE ANEMONE ARTIFICIAL FLOWER
3025,84802B,PURPLE ANEMONE ARTIFICIAL FLOWER
2965,84803A,PINK ALLIUM  ARTIFICIAL FLOWER
3026,84803B,WHITE ALLIUM  ARTIFICIAL FLOWER
2686,84804A,CREAM DELPHINIUM ARTIFICIAL FLOWER
3302,84804B,BLUE DELPHINIUM ARTIFICIAL FLOWER
2929,84805A,CREAM CLIMBING HYDRANGA ART FLOWER
3618,84805B,BLUE CLIMBING HYDRANGA ART FLOWER
2690,84806A,PINK CANDYSTUFT ARTIFICIAL FLOWER
2862,84806B,WHITE CANDYSTUFT ARTIFICIAL FLOWER
1974,84809A,WHITE CHRYSANTHEMUMS ART FLOWER
3012,84809B,PINK CHRYSANTHEMUMS ART FLOWER
2022,84813,SET OF 4 DIAMOND NAPKIN RINGS
2510,84816,DANISH ROSE BEDSIDE CABINET
2550,84817,DANISH ROSE DECORATIVE PLATE
2392,84818,DANISH ROSE PHOTO FRAME
1830,84819,DANISH ROSE ROUND SEWING BOX
2430,84820,DANISH ROSE TRINKET TRAYS
2432,84821,DANISH ROSE DELUXE COASTER
2542,84823,DANISH ROSE FOLDING CHAIR
3361,84824,DANISH ROSE UMBRELLA STAND
1371,84826,ASSTD DESIGN 3D PAPER STICKERS
1840,84827,ASS DES PHONE SPONGE CRAFT STICKER
1283,84828,JUNGLE POPSICLES ICE LOLLY HOLDERS
100,84832,ZINC WILLIE WINKIE  CANDLE STICK
466,84836,ZINC METAL HEART DECORATION
3137,84839,SWEETHEART KEY CABINET
1992,84840,SWEETHEART CARRY-ALL BASKET
3077,84842,HELLO SAILOR BATHROOM SET
2396,84843,WHITE SOAP RACK WITH 2 BOTTLES
1436,84846A,SCENTED CANDLE IN DIGITALIS TIN
2910,84847,FLORAL BATHROOM SET
1762,84849A,HELLO SAILOR BLUE SOAP HOLDER
478,84849B,FAIRY SOAP SOAP HOLDER
1770,84849D,HOT BATHS SOAP HOLDER
81,84854,GIRLY PINK TOOL SET
1284,84856L,LARGE TAHITI BEACH BAG
3117,84856S,SMALL TAHITI BEACH BAG
3487,84857B,BLUE MONTE CARLO HANDBAG
2650,84857C,PINK MONTE CARLO HANDBAG
3008,84858C,PINK RIVIERA HANDBAG
2636,84859A,SILVER DISCO HANDBAG
3235,84859B,BLUE DISCO HANDBAG
2970,84859C,PINK DISCO HANDBAG
1802,84865,NEW BAROQUE BLACK PHOTO ALBUM
1092,84870B,BLUE GEISHA GIRL
1091,84870C,GREEN GEISHA GIRL
1621,84872A,TEATIME FUNKY FLOWER BACKPACK FOR 2
3299,84873A,FUNKY FLOWER PICNIC BAG FOR 4
1889,84874B,BLUE TRAVEL FIRST AID KIT
2347,84875B,GREEN SQUARE COMPACT MIRROR
3129,84875D,BLUE SQUARE COMPACT MIRROR
2505,84876B,GREEN HEART COMPACT MIRROR
2348,84876D,BLUE HEART COMPACT MIRROR
3128,84877A,PINK ROUND COMPACT MIRROR
2619,84877B,GREEN ROUND COMPACT MIRROR
1783,84877D,BLUE ROUND COMPACT MIRROR
10,84879,ASSORTED COLOUR BIRD ORNAMENT
140,84880,WHITE WIRE EGG HOLDER
1971,84881,BLUE WIRE SPIRAL CANDLE HOLDER
2489,84882,GREEN WIRE STANDING CANDLE HOLDER
1072,84884A,ANT WHITE WIRE HEART SPIRAL
1843,84898F,YELLOW FLOWERS FELT HANDBAG KIT
2861,84905,PINK BUTTERFLY CUSHION COVER
349,84906,PINK B'FLY C/COVER W BOBBLES
2918,84907,PINK YELLOW PATCH CUSHION COVER
2297,84910A,PINK PAISLEY CUSHION COVER
2116,84912A,PINK ROSE WASHBAG
961,84912B,GREEN ROSE WASHBAG
962,84913A,SOFT PINK ROSE TOWEL
963,84913B,MINT GREEN ROSE TOWEL
1285,84915,HAND TOWEL PINK FLOWER AND DAISY
2134,84916,HAND TOWEL PALE BLUE W FLOWERS
2165,84917,WHITE HAND TOWEL WITH BUTTERFLY
2917,84919,BLUE CUSHION COVER WITH FLOWER
1054,84920,PINK FLOWER FABRIC PONY
1881,84921,CREAM AND PINK FLOWERS PONY
2494,84922,PINK BUTTERFLY WASHBAG
964,84923,PINK BUTTERFLY HANDBAG W BOBBLES
1822,84924A,WAKE UP COCKEREL CALENDAR SIGN
3467,84924F,PSYCHEDELIC METAL SIGN CALENDAR
1650,84925D,LA PALMIERA WALL THERMOMETER
2145,84925F,PSYCHEDELIC WALL THERMOMETER
1332,84926A,WAKE UP COCKEREL TILE COASTER
2096,84926D,LA PALMIERA TILE COASTER
2746,84926E,FLOWERS TILE COASTER
2620,84926F,PSYCHEDELIC TILE COASTER
1682,84927A,WAKE UP COCKEREL TILE HOOK
2260,84927D,LA PALMIERA TILE HOOK
2509,84927E,FLOWERS TILE HOOK
1683,84927F,PSYCHEDELIC TILE HOOK
2604,84929,ASSTD FRUIT+FLOWERS FRIDGE MAGNETS
2459,84931A,PINK SCOTTIE DOG W FLOWER PATTERN
2724,84931B,BLUE SCOTTIE DOG W FLOWER PATTERN
746,84944,SET OF 6 KASHMIR FOLKART BAUBLES
640,84945,MULTI COLOUR SILVER T-LIGHT HOLDER
965,84946,ANTIQUE SILVER TEA GLASS ETCHED
557,84947,ANTIQUE SILVER TEA GLASS ENGRAVED
310,84949,SILVER HANGING T-LIGHT HOLDER
1286,84950,ASSORTED COLOUR T-LIGHT HOLDER
2421,84951A,SET OF 4 PISTACHIO LOVEBIRD COASTER
2422,84951B,SET OF 4 BLACK LOVEBIRD COASTERS
2341,84952A,CLEAR LOVE BIRD T-LIGHT HOLDER
1541,84952B,BLACK LOVE BIRD T-LIGHT HOLDER
1540,84952C,MIRROR LOVE BIRD T-LIGHT HOLDER
1850,84963A,PINK PAINTED KASHMIRI CHAIR
3513,84963B,BLUE PAINTED KASHMIRI CHAIR
1929,84968A,SET OF 16 VINTAGE ROSE CUTLERY
3084,84968B,SET OF 16 VINTAGE IVORY CUTLERY
613,84968C,SET OF 16 VINTAGE PISTACHIO CUTLERY
2202,84968D,SET OF 16 VINTAGE RED CUTLERY
2402,84968E,SET OF 16 VINTAGE BLACK CUTLERY
2083,84968F,SET OF 16 VINTAGE SKY BLUE CUTLERY
15,84969,BOX OF 6 ASSORTED COLOUR TEASPOONS
308,84970L,SINGLE HEART ZINC T-LIGHT HOLDER
168,84970S,HANGING HEART ZINC T-LIGHT HOLDER
3817,84971L,LARGE HEART FLOWERS HOOK
97,84971S,SMALL HEART FLOWERS HOOK
2902,84974,S/2 ZINC HEART DESIGN PLANTERS
2140,84975,HEART SHAPED MIRROR
1287,84976,RECTANGULAR SHAPED MIRROR
3083,84977,WIRE FLOWER T-LIGHT HOLDER
1879,84978,HANGING HEART JAR T-LIGHT HOLDER
3304,84984A,GREEN PEONY CUSHION COVER
3303,84984B,RED PEONY CUSHION COVER
3499,84984D,ORIENTAL RED CUSHION COVER
596,84985A,SET OF 72 GREEN PAPER DOILIES
1647,84987,SET OF 36 TEATIME PAPER DOILIES
966,84988,SET OF 72 PINK HEART PAPER DOILIES
2239,84989A,75 GREEN FAIRY CAKE CASES
3179,84990,60 GOLD AND SILVER FAIRY CAKE CASES
73,84991,60 TEATIME FAIRY CAKE CASES
292,84992,72 SWEETHEART FAIRY CAKE CASES
1646,84993A,75 GREEN PETIT FOUR CASES
1851,84993B,75 BLACK PETIT FOUR CASES
1132,84997A,GREEN 3 PIECE POLKADOT CUTLERY SET
64,84997B,RED 3 PIECE RETROSPOT CUTLERY SET
65,84997C,BLUE 3 PIECE POLKADOT CUTLERY SET
602,84997D,PINK 3 PIECE POLKADOT CUTLERY SET
2431,85006,SET 4 NURSERY DES ROUND BOXES
1288,85008,SET OF 3 CONEY ISLAND OVAL BOXES
159,85014A,BLACK/BLUE POLKADOT UMBRELLA
158,85014B,RED RETROSPOT UMBRELLA
917,85015,SET OF 12  VINTAGE POSTCARD SET
918,85016,SET OF 6 VINTAGE NOTELETS KIT
919,85017A,ENVELOPE 50 ROMANTIC IMAGES
920,85017B,ENVELOPE 50 BLOSSOM IMAGES
1981,85017C,ENVELOPE 50 CURIOUS IMAGES
1736,85018D,YULETIDE IMAGES S/6 PAPER BOXES
758,85019A,ROMANTIC IMAGES NOTEBOOK SET
2812,85019B,BLOSSOM  IMAGES NOTEBOOK SET
759,85019C,CURIOUS  IMAGES NOTEBOOK SET
2123,85020,ROUND PINK HEART MIRROR
2684,85023B,EAU DE NILE JEWELLED PHOTOFRAME
2794,85023C,PINK LARGE JEWELED PHOTOFRAME
2919,85024B,EAU DE NILE JEWELLED PHOTOFRAME
2294,85024C,PINK SMALL JEWELLED PHOTOFRAME
1684,85025B,EAU DE NILE HEART SHAPE PHOTO FRAME
1482,85025C,PINK HEART SHAPE PHOTO FRAME
2253,85026B,EAU DE NILE JEWELLED T-LIGHT HOLDER
1980,85027L,FRENCH CHATEAU LARGE PLATTER
3116,85028L,FRENCH CHATEAU LARGE FRUIT BOWL
3115,85028S,FRENCH CHATEAU SMALL FRUITBOWL
3091,85030,FRENCH CHATEAU OVAL PLATTER
2490,85031A,ROMANTIC IMAGES SCRAP BOOK SET
2638,85031B,BLOSSOM IMAGES SCRAP BOOK SET
2623,85031C,CURIOUS IMAGES SCRAP BOOK SET
2397,85032A,ROMANTIC IMAGES GIFT WRAP SET
2476,85032B,BLOSSOM IMAGES GIFT WRAP SET
2398,85032C,CURIOUS IMAGES GIFT WRAP SET
921,85032D,YULETIDE IMAGES GIFT WRAP SET
1338,85034A,3 GARDENIA MORRIS BOXED CANDLES
1828,85034B,3 WHITE CHOC MORRIS BOXED CANDLES
1808,85034C,3 ROSE MORRIS BOXED CANDLES
1422,85035A,GARDENIA 3 WICK MORRIS BOXED CANDLE
612,85035B,CHOCOLATE 3 WICK MORRIS BOX CANDLE
1333,85035C,ROSE 3 WICK MORRIS BOX CANDLE
2117,85036A,GARDENIA 1 WICK MORRIS BOXED CANDLE
1644,85036B,CHOCOLATE 1 WICK MORRIS BOX CANDLE
1963,85036C,ROSE 1 WICK MORRIS BOXED CANDLE
1124,85038,6 CHOCOLATE LOVE HEART T-LIGHTS
922,85039A,SET/4 RED MINI ROSE CANDLE IN BOWL
2068,85039B,S/4 IVORY MINI ROSE CANDLE IN BOWL
2069,85039C,S/4 BLACK MINI ROSE CANDLE IN BOWL
2261,85040A,S/4 PINK FLOWER CANDLES IN BOWL
1289,85040B,SET/4 BLUE FLOWER CANDLES IN BOWL
2763,85042,ANTIQUE LILY FAIRY LIGHTS
1116,85045,GREEN CHRISTMAS TREE STRING 20LIGHT
2193,85047,WHITE BEADED GARLAND STRING 20LIGHT
923,85048,15CM CHRISTMAS GLASS BALL 20 LIGHTS
137,85049A,TRADITIONAL CHRISTMAS RIBBONS
1608,85049B,LUSH GREENS RIBBONS
281,85049C,ROMANTIC PINKS RIBBONS
282,85049D,BRIGHT BLUES RIBBONS
228,85049E,SCANDINAVIAN REDS RIBBONS
1489,85049F,BABY BOOM RIBBONS
283,85049G,CHOCOLATE BOX RIBBONS
433,85049H,URBAN BLACK RIBBONS
1290,85053,FRENCH ENAMEL CANDLEHOLDER
1685,85054,FRENCH ENAMEL POT W LID
1686,85055,FRENCH ENAMEL UTENSIL HOLDER
2251,85059,FRENCH ENAMEL WATER BASIN
1427,85061W,WHITE JEWELLED HEART DECORATION
1961,85062,PEARL CRYSTAL PUMPKIN T-LIGHT HLDR
2927,85063,CREAM SWEETHEART MAGAZINE RACK
924,85064,CREAM SWEETHEART LETTER RACK
3006,85065,CREAM SWEETHEART TRAYS
1573,85066,CREAM SWEETHEART MINI CHEST
755,85067,CREAM SWEETHEART WALL CABINET
2291,85068,CREAM SWEETHEART SHELF + HOOKS
762,85071A,BLUE CHARLIE+LOLA PERSONAL DOORSIGN
76,85071B,RED CHARLIE+LOLA PERSONAL DOORSIGN
763,85071C,"CHARLIE+LOLA""EXTREMELY BUSY"" SIGN"
1355,85071D,CHARLIE+LOLA MY ROOM DOOR SIGN
1807,85078,SCANDINAVIAN 3 HEARTS NAPKIN RING
2441,85084,HOLLY TOP CHRISTMAS STOCKING
2440,85086A,CANDY SPOT HEART DECORATION
2166,85087,CANDY SPOT CUSHION COVER
2645,85088,CANDY SPOT HAND BAG
2765,85089,CANDY SPOT BUNNY
2941,85092,CANDY SPOT TEA COSY
2023,85093,CANDY SPOT EGG WARMER HARE
2167,85094,CANDY SPOT EGG WARMER RABBIT
512,85095,THREE CANVAS LUGGAGE TAGS
2024,85096,HILDA CANDY SPOT RABBIT
3076,85098B,BLUE FLYING SINGING CANARY
141,85099B,JUMBO BAG RED RETROSPOT
61,85099C,JUMBO  BAG BAROQUE BLACK WHITE
360,85099F,JUMBO BAG STRAWBERRY
2637,85103,SILVER T-LIGHT SETTING
677,85104,SILVER GLASS T-LIGHT SET
1503,85106,CUT GLASS HEXAGON T-LIGHT HOLDER
2355,85107,CUT GLASS T-LIGHT HOLDER OCTAGON
2685,85109,PINK BOUDOIR T-LIGHT HOLDER
1805,85111,SILVER GLITTER FLOWER VOTIVE HOLDER
1291,85114A,BLACK ENCHANTED FOREST PLACEMAT
647,85114B,IVORY ENCHANTED FOREST PLACEMAT
650,85114C,RED ENCHANTED FOREST PLACEMAT
3710,85115B,S/4 BLACK DISCO PARTITION PANEL
332,85116,BLACK CANDELABRA T-LIGHT HOLDER
2307,85118,HEART T-LIGHT HOLDER
2244,85119,WATERING CAN SINGLE HOOK PISTACHIO
1,85123A,WHITE HANGING HEART T-LIGHT HOLDER
1484,85124B,BLUE JUICY FRUIT PHOTO FRAME
1485,85124C,GREEN JUICY FRUIT PHOTO FRAME
2168,85125,SMALL ROUND CUT GLASS CANDLESTICK
2718,85126,LARGE ROUND CUTGLASS CANDLESTICK
925,85127,SMALL SQUARE CUT GLASS CANDLESTICK
1923,85129B,BEADED CRYSTAL HEART GREEN SMALL
1761,85129C,BEADED CRYSTAL HEART BLUE SMALL
926,85129D,BEADED CRYSTAL HEART PINK SMALL
1760,85130A,BEADED PEARL HEART WHITE LARGE
2225,85130B,BEADED CRYSTAL HEART GREEN LARGE
2880,85130C,BEADED CRYSTAL HEART BLUE  LARGE
1877,85130D,BEADED CRYSTAL HEART PINK LARGE
1610,85131A,BEADED PEARL HEART WHITE ON STICK
927,85131B,BEADED CRYSTAL HEART GREEN ON STICK
2070,85131C,BEADED CRYSTAL HEART BLUE ON STICK
1292,85131D,BEADED CRYSTAL HEART PINK ON STICK
928,85132A,CHARLIE + LOLA BISCUITS TINS
1442,85132B,CHARLIE AND LOLA TABLE TINS
1443,85132C,CHARLIE AND LOLA FIGURES TINS
2713,85135A,YELLOW DRAGONFLY HELICOPTER
769,85135B,BLUE DRAGONFLY HELICOPTER
929,85135C,RED DRAGONFLY HELICOPTER
770,85136A,YELLOW SHARK HELICOPTER
2488,85136B,BLUE SHARK HELICOPTER
771,85136C,RED SHARK HELICOPTER
2590,85141,JARDIN ETCHED GLASS FRUITBOWL
1548,85144,JARDIN ETCHED GLASS BUTTER DISH
3113,85145,JARDIN ETCHED GLASS LARGE BELL JAR
2598,85146,JARDIN ETCHED GLASS SMALL BELL JAR
239,85150,LADIES & GENTLEMEN METAL SIGN
202,85152,HAND OVER THE CHOCOLATE   SIGN
1456,85159A,"BLACK TEA,COFFEE,SUGAR JARS"
2571,85159B,"WHITE TEA,COFFEE,SUGAR JARS"
2717,85160A,WHITE BIRD GARDEN DESIGN MUG
2827,85160B,BLACK BIRD GARDEN DESIGN MUG
2726,85161,ACRYLIC GEOMETRIC LAMP
2643,85163A,WHITE BAROQUE WALL CLOCK
2644,85163B,BLACK BAROQUE WALL CLOCK
1687,85167B,BLACK GRAND BAROQUE PHOTO FRAME
2744,85168B,BLACK BAROQUE CARRIAGE CLOCK
1688,85169A,IVORY LOVE BIRD CANDLE
347,85169B,BLACK LOVE BIRD CANDLE
1689,85169C,EAU DE NIL LOVE BIRD CANDLE
1690,85169D,PINK LOVE BIRD CANDLE
2250,85170A,SET/6 IVORY BIRD T-LIGHT CANDLES
2249,85170B,SET/6 BLACK BIRD T-LIGHT CANDLES
2226,85170C,SET/6 EAU DE NIL BIRD T-LIGHTS
1293,85170D,SET/6 PINK BIRD T-LIGHT CANDLES
458,85172,HYACINTH BULB T-LIGHT CANDLES
2242,85173,SET/6 FROG PRINCE T-LIGHT CANDLES
1122,85174,S/4 CACTI CANDLES
1362,85175,CACTI T-LIGHT CANDLES
930,85176,SEWING SUSAN 21 NEEDLE SET
931,85177,BASKET OF FLOWERS SEWING KIT
932,85178,VICTORIAN SEWING KIT
1886,85179A,GREEN BITTY LIGHT CHAIN
2519,85179C,PINK BITTY LIGHT CHAIN
2570,85180A,RED HEARTS LIGHT CHAIN
2369,85180B,PINK HEARTS LIGHT CHAIN
2500,85183A,CHARLIE & LOLA WASTEPAPER BIN BLUE
75,85183B,CHARLIE & LOLA WASTEPAPER BIN FLORA
392,85184C,S/4 VALENTINE DECOUPAGE HEART BOX
1518,85185B,PINK HORSE SOCK PUPPET
1517,85185D,FROG SOCK PUPPET
933,85186A,EASTER BUNNY GARLAND OF FLOWERS
2745,85186C,BUNNY EGG GARLAND
1917,85187,S/12 MINI RABBIT EASTER
2887,85188A,GREEN METAL SWINGING BUNNY
2520,85188B,PINK METAL SWINGING BUNNY
2835,85189,HANGING BUTTERFLY  EGG
2558,85194L,HANGING SPRING FLOWER EGG LARGE
2748,85194S,HANGING SPRING FLOWER EGG SMALL
2557,85195,HANGING HEART BASKET
2811,85197,SET OF 12 MINI BUNNIES IN A BUCKET
2864,85198,ASSORTED FARMYARD ANIMALS IN BUCKET
750,85199L,LARGE HANGING IVORY & RED WOOD BIRD
751,85199S,SMALL HANGING IVORY/RED WOOD BIRD
2852,85200,BUNNY EGG BOX
2025,85202,HANGING WOOD AND FELT HEART
1691,85203,HANGING WOOD AND FELT BUTTERFLY
2026,85204,HANGING WOOD AND FELT FLOWER
2641,85205B,PINK FELT EASTER RABBIT GARLAND
1852,85206A,CREAM FELT EASTER EGG BASKET
2834,85206B,PINK FELT EASTER EGG BASKET
1913,85208,SET/12 FUNKY FELT FLOWER PEG IN BAG
2460,85211,S/4 GROOVY CAT MAGNETS
1294,85212,MINI PAINTED GARDEN DECORATION
2262,85213,MINI  ZINC GARDEN DECORATIONS
1592,85214,TUB 24 PINK FLOWER PEGS
1960,85215,ASSORTED CHEESE FRIDGE MAGNETS
1409,85216,ASSORTED CAKES FRIDGE MAGNETS
3099,85224,ASSORTED COLOUR SILK GLASSES CASE
3215,85225,BLING KEY RING STAND
1295,85227,SET OF 6 3D KIT CARDS FOR KIDS
2707,85230A,OPIUM SCENTED VOTIVE CANDLE
1764,85230B,CINNAMON SCENTED VOTIVE CANDLE
2466,85230E,STRAWBRY SCENTED VOTIVE CANDLE
1765,85230F,JASMINE VOTIVE CANDLE
2337,85230G,ORANGE VOTIVE CANDLE
518,85231B,CINAMMON SET OF 9 T-LIGHTS
519,85231G,ORANGE SCENTED SET/9 T-LIGHTS
2659,85232A,SET/3 POLKADOT STACKING TINS
934,85232B,SET OF 3 BABUSHKA STACKING TINS
1296,85232D,SET/3 DECOUPAGE STACKING TINS
3001,90000A,RASPBERRY ANT COPPER FLOWER NECKLAC
2227,90000B,MIDNIGHT BLUE COPPER FLOWER NECKLAC
1692,90000D,COPPER/OLIVE GREEN FLOWER NECKLACE
3024,90001A,ANTIQUE RASPBERRY FLOWER EARRINGS
3374,90001B,ANTIQUE MID BLUE FLOWER EARRINGS
2263,90001C,ANTIQUE OPAL WHITE FLOWER EARRINGS
2027,90001D,ANTIQUE OLIVE GREEN FLOWER EARRINGS
1564,90002D,FLOWER BURST SILVER RING CRYSTAL
2228,90003B,ROSE COLOUR PAIR HEART HAIR SLIDES
935,90003C,MIDNIGHT BLUE PAIR HEART HAIR SLIDE
2473,90003D,CRYSTAL PAIR HEART HAIR SLIDES
1693,90003E,GREEN PAIR HEART HAIR SLIDES
2229,90005A,JADE GREEN ENAMEL HAIR COMB
1813,90010A,MIDNIGHT BLUE GLASS/SILVER BRACELET
1814,90010B,BLACK/WHITE GLASS/SILVER BRACELET
2071,90010E,AMBER GLASS/SILVER BRACELET
2727,90011A,MIDNIGHT BLUE CRYSTAL DROP EARRINGS
2699,90011B,BLACK CRYSTAL DROP EARRINGS
3450,90011C,GREEN CRYSTAL DROP EARRINGS
2670,90011D,PURPLE CRYSTAL DROP EARRINGS
2820,90011E,AMBER CRYSTAL DROP EARRINGS
2671,90012A,MIDNIGHT BLUE DROP CRYSTAL NECKLACE
2625,90012B,BLACK DROP CRYSTAL NECKLACE
2169,90013A,MIDNIGHT BLUE VINTAGE EARRINGS
1297,90013B,BLACK VINTAGE EARRINGS
2028,90013C,GREEN VINTAGE EARRINGS
2728,90013D,PURPLE VINTAGE EARRINGS
2680,90014A,SILVER/MOP ORBIT NECKLACE
2029,90014B,GOLD M PEARL  ORBIT NECKLACE
3123,90014C,SILVER/BLACK ORBIT NECKLACE
2909,90016A,SILVER/M.O.P PENDANT ORBIT NECKLACE
2908,90016B,GOLD/M.O.P PENDANT ORBIT NECKLACE
3038,90016C,SILVER/BLACK PENDANT ORBIT NECKLACE
936,90018A,SILVER M.O.P ORBIT DROP EARRINGS
1298,90018B,GOLD M.O.P ORBIT DROP EARRINGS
3307,90018C,SILVER BLACK ORBIT DROP EARRINGS
2264,90019A,SILVER M.O.P ORBIT BRACELET
1299,90019B,GOLD M.O.P ORBIT BRACELET
2230,90019C,SILVER BLACK ORBIT BRACELET
3549,90020,FILIGREE DIAMANTE CHAIN
3200,90021,LASER CUT MULTI STRAND NECKLACE
937,90022,EDWARDIAN DROP EARRINGS JET BLACK
2265,90023,FILIGREE DIAMANTE EARRINGS
2963,90024B,NEW BAROQUE B'FLY NECKLACE RED
1300,90024C,NEW BAROQUE B'FLY NECKLACE GREEN
3132,90024D,NEW BAROQUE B'FLY NECKLACE PINK
2729,90024E,NEW BAROQUE B'FLY NECKLACE MONTANA
2730,90024F,NEW BAROQUE B'FLY NECKLACE CRYSTAL
3135,90025A,BAROQUE BUTTERFLY EARRINGS BLACK
3189,90025B,BAROQUE BUTTERFLY EARRINGS RED
3039,90025D,BAROQUE BUTTERFLY EARRINGS PINK
3335,90025E,BAROQUE BUTTERFLY EARRINGS MONTANA
3444,90025F,BAROQUE BUTTERFLY EARRINGS CRYSTAL
3372,90026A,GLASS BEAD HOOP NECKLACE BLACK
3003,90026B,GLASS BEAD HOOP NECKLACE MONTANA
3002,90026C,GLASS BEAD HOOP NECKLACE GREEN
3000,90026D,GLASS BEAD HOOP NECKLACE AMETHYST
2266,90027A,GLASS BEAD HOOP EARRINGS BLACK
2660,90027B,GLASS BEAD HOOP EARRINGS MONTANA
2883,90027C,GLASS BEAD HOOP EARRINGS GREEN
2705,90027D,GLASS BEAD HOOP EARRINGS AMETHYST
1694,90028,NEW BAROQUE LARGE NECKLACE BLK/WHIT
2958,90029,NEW BAROQUE SMALL NECKLACE BLACK
3476,90030A,SPOTTED WHITE NATURAL SEED NECKLACE
2370,90030B,RED KUKUI COCONUT SEED NECKLACE
2371,90030C,BROWN KUKUI COCONUT SEED NECKLACE
2461,90031,BILI NUT AND WOOD NECKLACE
2530,90032,IVORY SHELL HEART NECKLACE
2395,90033,IVORY SHELL HEART EARRINGS
2319,90034,WHITE SILVER NECKLACE SHELL GLASS
2594,90035A,"PEARL & SHELL 42""NECKL. GREEN"
3288,90035C,"PEARL & SHELL 42""NECKL. IVORY"
3244,90036A,FLOWER GARLAND NECKLACE RED
3373,90036B,"FLOWER GLASS GARLAND NECKL.36""GREEN"
3160,90036C,"FLOWER GLASS GARLAND NECKL.36""BLUE"
2360,90036D,"FLOWER GLASS GARLAND NECKL.36""BLACK"
2495,90036E,"FLOWER GLASS GARLD NECKL36""AMETHYST"
1301,90036F,"FLOWER GLASS GARLD NECKL36""TURQUOIS"
2896,90037A,TINY CRYSTAL BRACELET RED
2750,90037B,TINY CRYSTAL BRACELET GREEN
2808,90037C,TINY CRYSTAL BRACELET BLUE
2821,90038A,GLASS AND PAINTED BEADS BRACELET TO
2799,90038B,GLASS AND PAINTED BEADS BRACELET OL
3058,90038C,GLASS AND BEADS BRACELET IVORY
2830,90039A,FIRE POLISHED GLASS BRACELET RED
2372,90039B,FIRE POLISHED GLASS BRACELET MONTAN
2072,90039C,FIRE POLISHED GLASS BRACELET BLACK
2373,90039D,FIRE POLISHED GLASS BRACELET GREEN
2462,90040A,MURANO STYLE GLASS BRACELET RED
1302,90040B,MURANO STYLE GLASS BRACELET BLACK
2320,90040C,MURANO STYLE GLASS BRACELET GOLD
2751,90041,PEARL AND CHERRY QUARTZ BRACLET
2591,90042A,FRESHWATER PEARL BRACELET GOLD
2672,90042C,FRESHWATER PEARL BRACELET IVORY
3452,90043,COPPER AND BRASS BAG CHARM
3454,90046,WHITE WITH METAL BAG CHARM
3455,90048,GREEN WITH METAL BAG CHARM
3453,90049,IVORY GOLD METAL BAG CHARM
1815,90050,CRACKED GLAZE NECKLACE IVORY
1303,90051,CRACKED GLAZE NECKLACE RED
3532,90052,CRACKED GLAZE NECKLACE BROWN
1816,90053,CRACKED GLAZE EARRINGS IVORY
1304,90054,CRACKED GLAZE EARRINGS RED
2700,90055,CRACKED GLAZE EARRINGS BROWN
2073,90056,CHUNKY CRACKED GLAZE NECKLACE IVORY
2543,90057,DIAMANTE RING ASSORTED IN BOX.
3231,90058A,CRYSTAL STUD EARRINGS CLEAR DISPLAY
2573,90058B,CRYSTAL STUD EARRINGS ASSORTED COL
2170,90059A,DIAMANTE HAIR GRIP PACK/2 CRYSTAL
486,90059B,DIAMANTE HAIR GRIP PACK/2 BLACK DIA
489,90059C,DIAMANTE HAIR GRIP PACK/2 MONTANA
2321,90059D,DIAMANTE HAIR GRIP PACK/2 PERIDOT
488,90059E,DIAMANTE HAIR GRIP PACK/2 RUBY
2805,90059F,DIAMANTE HAIR GRIP PACK/2 LT ROSE
2593,90060B,FIRE POLISHED GLASS NECKL GOLD
2122,90060D,FIRE POLISHED GLASS NECKL BRONZE
1695,90060F,FIRE POLISHED GLASS NECKL GREEN
1951,90062,CARNIVAL BRACELET
2956,90063A,WHITE VINT ART DECO CRYSTAL NECKLAC
2957,90063B,BLACK VINT ART DEC CRYSTAL NECKLACE
2955,90064A,WHITE VINTAGE CRYSTAL EARRINGS
2954,90064B,BLACK VINTAGE  CRYSTAL EARRINGS
2999,90065A,WHITE VINTAGE CRYSTAL BRACELET
3711,90065B,BLACK VINT ART DEC CRYSTAL BRACELET
2474,90067A,PINK VINTAGE VICTORIAN EARRINGS
3466,90067B,BROWN VINTAGE VICTORIAN EARRINGS
3086,90068,"RUBY GLASS NECKLACE 42"""
3783,90069,RUBY GLASS CLUSTER NECKLACE
2417,90070,RUBY GLASS CLUSTER BRACELET
938,90071,RUBY GLASS CLUSTER EARRINGS
2665,90072,RUBY DROP CHANDELIER EARRINGS
2171,90073,VINTAGE ENAMEL & CRYSTAL EARRINGS
2172,90074,BLACK DIAMOND CLUSTER NECKLACE
3085,90075,MONTANA DIAMOND CLUSTER NECKLACE
2521,90076,MONTANA DIAMOND CLUSTER EARRINGS
1305,90077,BLACK DIAMOND CLUSTER EARRINGS
2529,90078,PINK/WHITE GLASS DEMI CHOKER
2822,90079,VINTAGE ENAMEL & CRYSTAL NECKLACE
1494,90081A,LILY BROOCH AMETHYST COLOUR
3301,90081B,LILY BROOCH WHITE/SILVER COLOUR
2074,90081C,LILY BROOCH OLIVE COLOUR
1492,90082A,DIAMANTE BOW BROOCH GREEN COLOUR
1493,90082B,DIAMANTE BOW BROOCH RED COLOUR
1491,90082D,DIAMANTE BOW BROOCH BLACK COLOUR
3245,90083,CRYSTAL CZECH CROSS PHONE CHARM
3056,90084,PINK CRYSTAL GUITAR PHONE CHARM
2030,90085,CRYSTAL STILETTO PHONE CHARM
1883,90086,CRYSTAL FROG PHONE CHARM
2231,90087,CRYSTAL SEA HORSE PHONE CHARM
2322,90089,PINK CRYSTAL SKULL PHONE CHARM
2818,90092,BLUE CRYSTAL BOOT PHONE CHARM
2374,90093,CLEAR CRYSTAL STAR PHONE CHARM
1626,90094,NECKLACE+BRACELET SET FRUIT SALAD
1734,90096,NECKLACE+BRACELET SET BLUE BLOSSOM
2935,90098,NECKLACE+BRACELET PINK BUTTERFLY
939,90099,NECKLACE+BRACELET SET BLUE HIBISCUS
3011,90100,NECKLACE+BRACELET SET PINK DAISY
2075,90101,WHITE FRANGIPANI NECKLACE
3338,90102,WHITE FRANGIPANI HAIR CLIP
2731,90103,PURPLE FRANGIPANI NECKLACE
2173,90104,PURPLE FRANGIPANI HAIRCLIP
2693,90108,BLUE BLOSSOM HAIR CLIP
2740,90112,PINK DOLLY HAIR CLIPS
1696,90114,SUMMER DAISIES BAG CHARM
1697,90115,SUMMER BUTTERFLIES BAG CHARM
940,90116,FRUIT SALAD BAG CHARM
2776,90118,PINK DAISY BAG CHARM
2784,90119,METALIC LEAVES BAG CHARMS
2323,90120A,PINK MURANO TWIST BRACELET
1698,90120B,BLUE MURANO TWIST BRACELET
941,90120C,GREEN MURANO TWIST BRACELET
2511,90120D,WHITE MURANO TWIST BRACELET
2661,90122A,PINK CRYSTAL+GLASS BRACELET
2809,90122B,JADE CRYSTAL+GLASS BRACELET
2792,90122C,TURQUOISE CRYSTAL+GLASS BRACELET
2906,90123A,PINK HEART OF GLASS BRACELET
2790,90123B,TURQUOISE HEART OF GLASS BRACELET
2791,90123C,GREEN HEART OF GLASS BRACELET
2905,90123D,WHITE HEART OF GLASS BRACELET
3017,90124A,PINK MURANO TWIST NECKLACE
1306,90124B,BLUE MURANO TWIST NECKLACE
3097,90124C,GREEN MURANO TWIST NECKLACE
2569,90125A,PINK BERTIE GLASS BEAD BAG CHARM
2463,90125B,AQUA BERTIE GLASS BEAD BAG CHARM
2752,90125C,TURQUOISE BERTIE GLASS BEAD CHARM
2464,90125D,PURPLE BERTIE GLASS BEAD BAG CHARM
2743,90125E,AMBER BERTIE GLASS BEAD BAG CHARM
2506,90126A,PINK BERTIE MOBILE PHONE CHARM
3473,90126C,AMBER BERTIE MOBILE PHONE CHARM
3474,90127A,PINK BEADS+HAND PHONE CHARM
2375,90128A,PINK LEAVES AND BEADS PHONE CHARM
1774,90128B,BLUE LEAVES AND BEADS PHONE CHARM
2376,90128C,GREEN LEAVES AND BEADS PHONE CHARM
2377,90128D,PURPLE LEAVES AND BEADS PHONE CHAR
942,90129A,PINK GLASS TASSLE BAG CHARM
943,90129B,TURQUOISE GLASS TASSLE BAG CHARM
2174,90129C,GREEN GLASS TASSLE BAG CHARM
2175,90129D,AMBER GLASS TASSLE BAG CHARM
2176,90129E,PURPLE GLASS TASSLE BAG CHARM
337,90129F,RED GLASS TASSLE BAG CHARM
3493,90130A,WHITE STONE/CRYSTAL EARRINGS
2076,90130B,TURQ STONE/CRYSTAL EARRINGS
2077,90130C,GREEN STONE/CRYSTAL EARRINGS
2838,90130D,RED STONE/CRYSTAL EARRINGS
3098,90131,PINK/AMETHYST/GOLD NECKLACE
2031,90132,LIGHT TOPAZ TEAL/AQUA COL NECKLACE
2595,90133,TEAL/FUSCHIA COL BEAD NECKLACE
1307,90134,OLD ROSE COMBO BEAD NECKLACE
3018,90135,ORANGE/WHT/FUSCHIA STONES NECKLACE
3162,90135A,ORANGE/FUSCHIA STONES NECKLACE
2592,90136,PALE PINK/AMETHYST STONE NECKLACE
2800,90137,PINK COMBO MINI CRYSTALS NECKLACE
1308,90138,WHITE/PINK MINI CRYSTALS NECKLACE
2032,90140,PINK SWEETIE NECKLACE
1699,90141A,GREEN PENDANT TRIPLE SHELL NECKLACE
2033,90141B,IVORY PENDANT TRIPLE SHELL NECKLACE
2673,90141C,TURQ PENDANT TRIPLE SHELL NECKLACE
2826,90141D,ROSE PENDANT TRIPLE SHELL NECKLACE
3477,90141E,ORANGE PENDANT TRIPLE SHELL NECKLAC
2674,90142A,GREEN PENDANT SHELL NECKLACE
2701,90142D,MOP PENDANT SHELL NECKLACE
1812,90143,SILVER BRACELET W PASTEL FLOWER
2651,90144,SILVER DROP EARRINGS WITH FLOWER
1811,90145,SILVER HOOP EARRINGS WITH FLOWER
2585,90146,FINE SILVER NECKLACE W PASTEL FLOWE
2418,90147,CHUNKY SILVER NECKLACE PASTEL FLOWE
2907,90148,LONG SILVER NECKLACE PASTEL FLOWER
3305,90149,SILVER FLOWR PINK SHELL NECKLACE
1778,90151,SILVER/NATURAL SHELL NECKLACE
2732,90152A,SILVER/NAT SHELL NECKLACE W PENDANT
1777,90152B,BLUE/GREEN SHELL NECKLACE W PENDANT
2969,90152C,BLUE/NAT SHELL NECKLACE W PENDANT
2678,90154,LAZER CUT NECKLACE W PASTEL BEADS
2771,90155,RESIN NECKLACE W PASTEL BEADS
2793,90156,RESIN BRACELET W PASTEL BEADS
3019,90157,RIVIERA NECKLACE
2034,90158,ST TROPEZ NECKLACE
3163,90159,COTE D'AZURE NECKLACE
2496,90160A,PURPLE BOUDICCA LARGE BRACELET
2497,90160B,RED BOUDICCA LARGE BRACELET
2177,90160C,TURQ+RED BOUDICCA LARGE BRACELET
2498,90160D,PINK BOUDICCA LARGE BRACELET
944,90161A,ANT COPPER RED BOUDICCA BRACELET
1309,90161B,ANT COPPER TURQ BOUDICCA BRACELET
2378,90161C,ANT COPPER LIME BOUDICCA BRACELET
2178,90161D,ANT COPPER PINK BOUDICCA BRACELET
3787,90162A,ANT SILVER TURQUOISE BOUDICCA RING
1834,90162B,ANT SILVER LIME GREEN BOUDICCA RING
2528,90162C,ANT SILVER FUSCHIA BOUDICCA RING
1835,90162D,ANT SILVER PURPLE BOUDICCA RING
2753,90163A,PINK ROSEBUD & PEARL NECKLACE
2754,90163B,WHITE ROSEBUD & PEARL NECKLACE
2522,90164A,PINK ROSEBUD PEARL BRACELET
2523,90164B,WHITE  ROSEBUD PEARL BRACELET
2675,90165A,PINK ROSEBUD PEARL EARRINGS
2652,90165B,WHITE ROSEBUD  PEARL EARRINGS
1310,90166,PINK & WHITE ROSEBUD RING
1837,90167,BEADED LOVE HEART JEWELLERY SET
2232,90168,2 DAISIES HAIR COMB
2233,90169,DAISY HAIR COMB
2267,90170,DAISY HAIR BAND
1311,90173,PAIR BUTTERFLY HAIR CLIPS
2379,90174,BUTTERFLY HAIR BAND
1832,90175A,WHITE GLASS CHUNKY CHARM BRACELET
2179,90175B,PINK GLASS CHUNKY CHARM BRACELET
1473,90175C,BLUE GLASS CHUNKY CHARM BRACELET
2254,90175D,TIGRIS EYE CHUNKY CHARM BRACELET
3020,90176A,CLASSIC DIAMANTE NECKLACE JET
2702,90176B,DIAMANTE NECKLACE BLACK
3021,90176C,DIAMANTE NECKLACE
3437,90176D,DIAMANTE NECKLACE PURPLE
3542,90176E,DIAMANTE NECKLACE GREEN
3022,90177A,CLASSIC DIAMANTE EARRINGS JET
2676,90177B,DROP DIAMANTE EARRINGS BLACK DIAMON
1312,90177C,DROP DIAMANTE EARRINGS CRYSTAL
2180,90177D,DROP DIAMANTE EARRINGS PURPLE
1313,90177E,DROP DIAMANTE EARRINGS GREEN
1475,90178A,AMBER CHUNKY GLASS+BEAD NECKLACE
2681,90178B,PURPLE CHUNKY GLASS+BEAD NECKLACE
2596,90179A,AMBER FINE BEAD NECKLACE W TASSEL
3811,90179B,PURPLE FINE BEAD NECKLACE W TASSEL
2121,90179C,BLACK FINE BEAD NECKLACE W TASSEL
1474,90180A,BLACK+WHITE NECKLACE W TASSEL
2968,90180B,PURPLE AMETHYST NECKLACE W TASSEL
2803,90181A,AMBER GLASS/SHELL/PEARL NECKLACE
1314,90181B,AMETHYST GLASS/SHELL/PEARL NECKLACE
3155,90181C,BLACK GLASS/SHELL/PEARL NECKLACE
3482,90182A,AMBER 3 BEAD DROP EARRINGS
3095,90182B,AMETHYST 3 BEAD DROP EARRINGS
2777,90182C,BLACK 3 BEAD DROP EARRINGS
2035,90183A,AMBER DROP EARRINGS W LONG BEADS
2036,90183B,AMETHYST DROP EARRINGS W LONG BEADS
2912,90183C,BLACK DROP EARRINGS W LONG BEADS
2311,90184A,AMBER CHUNKY BEAD BRACELET W STRAP
2310,90184B,AMETHYST CHUNKY BEAD BRACELET W STR
2181,90184C,BLACK CHUNKY BEAD BRACELET W STRAP
2182,90185A,AMBER DIAMANTE EXPANDABLE RING
1496,90185B,AMETHYST DIAMANTE EXPANDABLE RING
487,90185C,BLACK DIAMANTE EXPANDABLE RING
1831,90185D,CRYSTAL DIAMANTE EXPANDABLE RING
1501,90186A,AMETHYST HOOP EARRING FLORAL LEAF
2268,90186B,CRYSTAL HOOP EARRING FLORAL LEAF
3023,90187A,BLUE DROP EARRINGS W BEAD CLUSTER
2234,90187B,GREEN DROP EARRINGS W BEAD CLUSTER
2380,90188,DROP EARRINGS W FLOWER & LEAF
3706,90189A,SILVER 2 STRAND NECKLACE-LEAF CHARM
2819,90190A,SILVER/CRYSTAL DROP EARRINGS W LEAF
2507,90190B,GOLD/AMBER DROP EARRINGS W LEAF
945,90190C,SILVER/AMETHYST DROP EARRINGS LEAF
2865,90191,SILVER LARIAT 40CM
1315,90192,JADE DROP EARRINGS W FILIGREE
946,90194,SILVER LARIAT BLACK STONE EARRINGS
1497,90195A,PURPLE GEMSTONE BRACELET
1498,90195B,BLACK GEMSTONE BRACELET
1499,90196A,PURPLE GEMSTONE NECKLACE 45CM
1775,90196B,BLACK GEMSTONE NECKLACE 45CM
2662,90197B,BLACK GLASS BRACELET W HEART CHARMS
2269,90198A,VINTAGE ROSE BEAD BRACELET RASPBERR
1776,90198B,VINTAGE ROSE BEAD BRACELET BLACK
1500,90199A,5 STRAND GLASS NECKLACE BLACK
1700,90199B,5 STRAND GLASS NECKLACE AMETHYST
327,90199C,5 STRAND GLASS NECKLACE CRYSTAL
2679,90199D,5 STRAND GLASS NECKLACE AMBER
492,90200A,PURPLE SWEETHEART BRACELET
485,90200B,BLACK SWEETHEART BRACELET
490,90200C,BLUE SWEETHEART BRACELET
491,90200D,PINK SWEETHEART BRACELET
1950,90200E,GREEN SWEETHEART BRACELET
2646,90201A,PURPLE ENAMEL FLOWER RING
2037,90201B,BLACK ENAMEL FLOWER RING
2419,90201C,RED ENAMEL FLOWER RING
2324,90201D,GREEN ENAMEL FLOWER RING
2647,90202A,PURPLE ENAMEL FLOWER HAIR TIE
2884,90202B,WHITE ENAMEL FLOWER HAIR TIE
2235,90202C,GREEN ENAMEL FLOWER HAIR TIE
2677,90202D,PINK ENAMEL FLOWER HAIR TIE
1495,90204,PAIR OF ENAMEL BUTTERFLY HAIRCLIP
1701,90205A,LARGE MINT DIAMANTE HAIRSLIDE
2733,90205C,LARGE CRYSTAL DIAMANTE HAIRSLIDE
2648,90206A,GOLD DIAMANTE STAR BROOCH
1316,90206C,CRYSTAL DIAMANTE STAR BROOCH
2183,90208,PAIR OF PINK FLOWER CLUSTER SLIDE
3519,90209A,PURPLE ENAMEL+GLASS HAIR COMB
947,90209B,GREEN ENAMEL+GLASS HAIR COMB
1317,90209C,PINK ENAMEL+GLASS HAIR COMB
2541,90210A,GREY ACRYLIC FACETED BANGLE
338,90210B,CLEAR ACRYLIC FACETED BANGLE
2236,90210C,RED   ACRYLIC FACETED BANGLE
2544,90210D,PURPLE ACRYLIC FACETED BANGLE
1318,90211A,DIAMOND LAS VEGAS NECKLACE 45CM
2270,90211B,JET BLACK LAS VEGAS NECKLACE 45CM
2038,90212B,JET BLACK LAS VEGAS BRACELET ROUND
2278,90212C,PURPLE LAS VEGAS BRACELET ROUND
1319,90214A,"LETTER ""A"" BLING KEY RING"
1702,90214B,"LETTER ""B"" BLING KEY RING"
1703,90214C,"LETTER ""C"" BLING KEY RING"
948,90214D,"LETTER ""D"" BLING KEY RING"
1320,90214E,"LETTER ""E"" BLING KEY RING"
1704,90214F,"LETTER ""F"" BLING KEY RING"
949,90214G,"LETTER ""G"" BLING KEY RING"
950,90214H,"LETTER ""H"" BLING KEY RING"
1705,90214I,"LETTER ""I"" BLING KEY RING"
951,90214J,"LETTER ""J"" BLING KEY RING"
2271,90214K,"LETTER ""K"" BLING KEY RING"
1706,90214L,"LETTER ""L"" BLING KEY RING"
1136,90214M,"LETTER ""M"" BLING KEY RING"
1707,90214N,"LETTER ""N"" BLING KEY RING"
2381,90214O,"LETTER ""O"" BLING KEY RING"
2272,90214P,"LETTER ""P"" BLING KEY RING"
952,90214R,"LETTER ""R"" BLING KEY RING"
1138,90214S,"LETTER ""S"" BLING KEY RING"
2666,90214T,"LETTER ""T"" BLING KEY RING"
3827,90214U,"LETTER ""U"" BLING KEY RING"
1137,90214V,"LETTER ""V"" BLING KEY RING"
2804,90214W,"LETTER ""W"" BLING KEY RING"
1708,90214Y,"LETTER ""Y"" BLING KEY RING"
2273,90214Z,"LETTER ""Z"" BLING KEY RING"
2198,AMAZONFEE,AMAZON FEE
3531,B,ADJUST BAD DEBT
1534,BANK CHARGES,BANK CHARGES
774,C2,CARRIAGE
3550,CRUK,CRUK COMMISSION
112,D,DISCOUNT
2465,DCGS0003,BOXED GLASS ASHTRAY
3206,DCGS0004,HAYNES CAMPER SHOULDER BAG
2913,DCGS0069,OOH LA LA DOGS COLLAR
2715,DCGS0070,CAMOUFLAGE DOG COLLAR
2382,DCGS0076,SUNJAR LED NIGHT NIGHT LIGHT
2943,DCGSSBOY,BOYS PARTY BAG
2944,DCGSSGIRL,GIRLS PARTY BAG
953,DOT,DOTCOM POSTAGE
3060,GIFT_0001_10,DOTCOMGIFTSHOP GIFT VOUCHER £10.00
2761,GIFT_0001_20,DOTCOMGIFTSHOP GIFT VOUCHER £20.00
2760,GIFT_0001_30,DOTCOMGIFTSHOP GIFT VOUCHER £30.00
2703,GIFT_0001_40,DOTCOMGIFTSHOP GIFT VOUCHER £40.00
2735,GIFT_0001_50,DOTCOMGIFTSHOP GIFT VOUCHER £50.00
1108,M,MANUAL
3147,PADS,PADS TO MATCH ALL CUSHIONS
46,POST,POSTAGE
2195,S,SAMPLES
