StockCode,TotalRevenue,TotalQuantity,TimesOrdered,Description
DOT,206245.48,705,707,DOTCOM POSTAGE
22423,164459.49,12996,2168,REGENCY CAKESTAND 3 TIER
85123A,99790.93000000001,35355,2307,WHITE HANGING HEART T-LIGHT HOLDER
47566,98243.88,18006,1705,PARTY BUNTING
85099B,92175.79,47256,2132,JUMBO BAG RED RETROSPOT
23084,66661.63,30631,1009,RABBIT NIGHT LIGHT
POST,66230.64,3003,1250,POSTAGE
22086,63715.240000000005,18876,1170,PAPER CHAIN KIT 50'S CHRISTMAS
84879,58792.42,36282,1467,ASSORTED COLOUR BIRD ORNAMENT
79321,53746.66,10222,667,CHILLI LIGHTS
22502,51023.520000000004,1862,472,PICNIC BASKET WICKER SMALL
22197,50967.92,56427,1442,SMALL POPCORN HOLDER
23298,42665.37,8356,1158,SPOTTY BUNTING
22386,41584.43,20992,1231,JUMBO BAG PINK POLKADOT
23203,40953.94,19895,1248,JUMBO BAG DOILEY PATTERNS
21137,40578.21,11636,380,BLACK RECORD COVER FRAME
22720,37378.79,7329,1458,SET OF 3 CAKE TINS PANTRY DESIGN
23284,36532.39,5262,735,DOORMAT KEEP CALM AND COME IN
22960,36069.34,8448,1219,JAM MAKING SET WITH JARS
82484,35795.97,5988,696,WOOD BLACK BOARD ANT WHITE FINISH
20725,35007.659999999996,18858,1608,LUNCH BAG RED RETROSPOT
22114,32663.34,5658,648,HOT WATER BOTTLE TEA AND SYMPATHY
22178,32508.42,23825,1062,VICTORIAN GLASS HANGING T-LIGHT
85099F,32279.16,17033,835,JUMBO BAG STRAWBERRY
22112,32277.7,5889,866,CHOCOLATE HOT WATER BOTTLE
22910,31912.390000000003,10243,832,PAPER CHAIN KIT VINTAGE CHRISTMAS
22469,31886.649999999998,17828,1212,HEART OF WICKER SMALL
23245,30697.050000000003,6255,910,SET OF 3 REGENCY CAKE TINS
22727,30378.62,7729,1081,ALARM CLOCK BAKELIKE RED
21931,30161.68,13317,1201,JUMBO STORAGE BAG SUKI
22470,29908.61,9819,941,HEART OF WICKER LARGE
23199,29141.44,14185,999,JUMBO BAG APPLES
22355,29140.559999999998,17974,894,CHARLOTTE BAG SUKI DESIGN
23355,28301.2,5720,790,HOT WATER BOTTLE KEEP CALM
22411,27954.63,12220,1187,JUMBO SHOPPER VINTAGE RED PAISLEY
22699,27906.57,9427,1119,ROSES REGENCY TEACUP AND SAUCER
22457,27839.010000000002,9067,1266,NATURAL SLATE HEART CHALKBOARD
20685,27588.32,4022,703,DOORMAT RED RETROSPOT
85099C,27536.86,13619,947,JUMBO  BAG BAROQUE BLACK WHITE
22726,27001.53,6378,1001,ALARM CLOCK BAKELIKE GREEN
23201,26774.81,12772,920,JUMBO BAG ALPHABET
21915,26210.33,21836,670,RED  HARMONICA IN BOX
84347,26103.98,85,453,ROTATING SILVER ANGELS T-LIGHT HLDR
22666,25798.9,8118,1158,RECIPE BOX PANTRY YELLOW DESIGN
22629,25626.32,14195,908,SPACEBOY LUNCH BOX
84946,25470.420000000002,18874,932,ANTIQUE SILVER TEA GLASS ETCHED
48138,25436.65,3739,623,DOORMAT UNION FLAG
22961,25212.03,16065,1174,JAM MAKING SET PRINTED
21181,25055.780000000002,12187,855,PLEASE ONE PERSON METAL SIGN
23173,24442.73,2714,429,REGENCY TEAPOT ROSES
22722,24318.260000000002,5936,846,SET OF 6 SPICE TINS PANTRY DESIGN
21621,24287.83,2759,479,VINTAGE UNION JACK BUNTING
22326,24246.870000000003,8495,749,ROUND SNACK BOXES SET OF4 WOODLAND
48187,24076.59,3803,602,DOORMAT NEW ENGLAND
22111,23910.940000000002,4526,778,SCOTTIE DOG HOT WATER BOTTLE
22138,23874.170000000002,4869,961,BAKING SET 9 PIECE RETROSPOT
21731,23638.48,13815,861,RED TOADSTOOL LED NIGHT LIGHT
22189,23404.22,8276,529,CREAM HEART CARD HOLDER
15056N,23400.52,4020,547,EDWARDIAN PARASOL NATURAL
23344,23285.11,10023,723,JUMBO BAG 50'S CHRISTMAS
21175,23254.64,10177,816,GIN + TONIC DIET METAL SIGN
21733,23046.29,7815,754,RED HANGING HEART T-LIGHT HOLDER
23243,22943.87,4683,505,SET OF TEA COFFEE SUGAR TINS PANTRY
21623,22940.44,3265,225,VINTAGE UNION JACK MEMOBOARD
21929,22791.99,10784,877,JUMBO BAG PINK VINTAGE PAISLEY
22139,22672.960000000003,4476,978,RETROSPOT TEA SET CERAMIC 11 PC
22090,22588.66,7490,805,PAPER BUNTING RETROSPOT
20713,22569.63,11186,663,JUMBO BAG OWLS
82482,22475.510000000002,8753,1118,WOODEN PICTURE FRAME WHITE FINISH
22697,22362.45,7135,1055,GREEN REGENCY TEACUP AND SAUCER
84997D,22277.24,5393,549,PINK 3 PIECE POLKADOT CUTLERY SET
22383,22262.54,12370,1305,LUNCH BAG SUKI  DESIGN
85066,22146.15,1743,544,CREAM SWEETHEART MINI CHEST
20727,22144.76,12067,1295,LUNCH BAG  BLACK SKULL.
48194,22090.57,3413,594,DOORMAT HEARTS
84029E,21769.280000000002,4667,435,RED WOOLLY HOTTIE WHITE HEART.
20712,21665.96,9533,872,JUMBO BAG WOODLAND ANIMALS
20724,21603.079999999998,17538,1048,RED RETROSPOT CHARLOTTE BAG
21523,21553.69,3240,505,DOORMAT FANCY FONT HOME SWEET HOME
20728,21371.98,11572,1173,LUNCH BAG CARS BLUE
23202,21367.97,10699,885,JUMBO BAG VINTAGE LEAF
23209,21353.02,13130,1109,LUNCH BAG DOILEY PATTERN
22630,21131.14,11505,860,DOLLY GIRL LUNCH BOX
21212,21047.07,36016,1334,PACK OF 72 RETROSPOT CAKE CASES
82494L,20900.140000000003,6646,987,WOODEN FRAME ANTIQUE WHITE
23206,20755.43,12088,1049,LUNCH BAG APPLE DESIGN
21166,20713.34,10237,734,COOK WITH WINE METAL SIGN
21928,20659.88,10200,816,JUMBO BAG SCANDINAVIAN PAISLEY
22728,20518.4,5315,799,ALARM CLOCK BAKELIKE PINK
22659,20235.649999999998,11182,725,LUNCH BOX I LOVE LONDON
21479,19946.27,3730,503,WHITE SKULL HOT WATER BOTTLE
48185,19318.01,2941,368,DOORMAT FAIRY CAKE
84997B,18971.39,4544,440,RED 3 PIECE RETROSPOT CUTLERY SET
21843,18873.8,1690,581,RED RETROSPOT CAKE STAND
22969,18585.35,12380,654,HOMEMADE JAM SCENTED CANDLES
22467,18461.170000000002,7779,711,GUMBALL COAT RACK
22501,18429.06,1502,462,PICNIC BASKET WICKER LARGE
20726,18148.88,9827,1036,LUNCH BAG WOODLAND
15036,18064.16,23082,522,ASSORTED COLOURS SILK FAN
20914,18056.9,6254,914,SET/5 RED RETROSPOT LID GLASS BOWLS
22693,17837.45,16172,307,GROW A FLYTRAP OR SUNFLOWER IN TIN
22382,17788.96,10268,1170,LUNCH BAG SPACEBOY DESIGN
82486,17758.02,2066,626,WOOD S/3 CABINET ANT WHITE FINISH
21485,17564.98,3504,631,RETROSPOT HEART HOT WATER BOTTLE
22865,17528.08,8316,665,HAND WARMER OWL DESIGN
22328,17403.47,6177,597,ROUND SNACK BOXES SET OF 4 FRUITS
71477,17207.04,5520,347,COLOUR GLASS. STAR T-LIGHT HOLDER
22384,17152.79,10335,1110,LUNCH BAG PINK POLKADOT
22077,17130.52,9138,961,6 RIBBONS RUSTIC CHARM
22698,17058.06,5650,800,PINK REGENCY TEACUP AND SAUCER
22385,16856.45,8548,690,JUMBO BAG SPACEBOY DESIGN
84997C,16848.57,4061,399,BLUE 3 PIECE POLKADOT CUTLERY SET
82583,16812.8,7186,617,HOT BATHS METAL SIGN
22492,16810.420000000002,26437,390,MINI PAINT SET VINTAGE
21754,16804.870000000003,2739,787,HOME BUILDING BLOCK WORD
23240,16793.47,4127,553,SET OF 4 KNICK KNACK TINS DOILEY
20719,16657.05,13178,841,WOODLAND CHARLOTTE BAG
22993,16393.48,12581,1082,SET OF 4 PANTRY JELLY MOULDS
15056BL,16263.220000000001,2801,388,EDWARDIAN PARASOL BLACK
84978,16247.19,12318,758,HANGING HEART JAR T-LIGHT HOLDER
22624,16241.01,1866,720,IVORY KITCHEN SCALES
22835,16213.26,3047,663,HOT WATER BOTTLE I AM SO POORLY
23301,16158.449999999999,8693,924,GARDENERS KNEELING PAD KEEP CALM
84029G,16090.04,3305,463,KNITTED UNION FLAG HOT WATER BOTTLE
21232,15806.800000000001,11458,888,STRAWBERRY CERAMIC TRINKET BOX
85152,15793.51,8172,680,HAND OVER THE CHOCOLATE   SIGN
23313,15734.31,2977,403,VINTAGE CHRISTMAS BUNTING
22379,15484.94,6832,753,RECYCLING BAG RETROSPOT
84078A,15115.050000000001,380,163,SET/4 WHITE RETRO STORAGE CUBES
22084,14978.42,5140,438,PAPER CHAIN KIT EMPIRE
22900,14385.83,4691,544,SET 2 TEA TOWELS I LOVE LONDON
48184,14252.45,2029,410,DOORMAT ENGLISH ROSE
22507,14159.4,2953,464,MEMO BOARD RETROSPOT  DESIGN
22866,14157.420000000002,6500,553,HAND WARMER SCOTTY DOG DESIGN
21930,13999.960000000001,6435,708,JUMBO STORAGE BAG SKULLS
22867,13950.590000000002,6380,560,HAND WARMER BIRD DESIGN
23200,13945.33,6933,601,JUMBO BAG PEARS
82483,13898.07,2183,583,WOOD 2 DRAWER CABINET WHITE FINISH
22083,13886.44,4560,615,PAPER CHAIN KIT RETROSPOT
22625,13884.15,1596,564,RED KITCHEN SCALES
22622,13779.96,1329,272,BOX OF VINTAGE ALPHABET BLOCKS
22847,13677.539999999999,861,407,BREAD BIN DINER STYLE IVORY
23077,13620.77,10335,347,DOUGHNUT LIP GLOSS
84077,13560.089999999998,53751,540,WORLD WAR 2 GLIDERS ASSTD DESIGNS
22551,13554.259999999998,8045,681,PLASTERS IN TIN SPACEBOY
21524,13523.16,1746,483,DOORMAT SPOTTY HOME SWEET HOME
22752,13475.970000000001,1663,385,SET 7 BABUSHKA NESTING BOXES
23343,13467.03,5807,483,JUMBO BAG VINTAGE CHRISTMAS
22941,13366.67,1619,331,CHRISTMAS LIGHTS 10 REINDEER
23356,13280.77,2350,478,LOVE HOT WATER BOTTLE
22554,13280.419999999998,7774,709,PLASTERS IN TIN WOODLAND ANIMALS
22558,13259.289999999999,8634,783,CLOTHES PEGS RETROSPOT PACK 24
23328,13239.85,2833,410,SET 6 SCHOOL MILK BOTTLES IN CRATE
23108,12972.92,2155,390,SET OF 10 LED DOLLY LIGHTS
22499,12768.45,2087,409,WOODEN UNION JACK BUNTING
82600,12759.880000000001,5975,549,NO SINGING METAL SIGN
22171,12752.460000000001,1684,398,3 HOOK PHOTO SHELF ANTIQUE WHITE
23207,12665.95,7382,753,LUNCH BAG ALPHABET DESIGN
22113,12658.83,3193,565,GREY HEART HOT WATER BOTTLE
20750,12587.279999999999,1741,389,RED RETROSPOT MINI CASES
22607,12494.67,1323,362,WOODEN ROUNDERS GARDEN SET
20749,12486.97,1754,389,ASSORTED COLOUR MINI CASES
20723,12485.44,9718,734,STRAWBERRY CHARLOTTE BAG
22188,12479.27,4869,190,BLACK HEART CARD HOLDER
21790,12437.759999999998,14436,929,VINTAGE SNAP CARDS
20971,12423.09,9672,526,PINK BLUE FELT CRAFT TRINKET BOX
21755,12412.060000000001,2007,631,LOVE BUILDING BLOCK WORD
22427,12403.36,2064,519,ENAMEL FLOWER JUG CREAM
22776,12215.779999999999,1151,576,SWEETHEART CAKESTAND 3 TIER
21977,12170.77,24719,875,PACK OF 60 PINK PAISLEY CAKE CASES
48188,12066.97,2059,290,DOORMAT WELCOME PUPPIES
47590B,12055.5,2309,406,PINK HAPPY BIRTHDAY BUNTING
22424,12015.73,845,471,ENAMEL BREAD BIN CREAM
23174,11997.230000000001,2967,339,REGENCY SUGAR BOWL GREEN
22568,11873.23,3215,477,FELTCRAFT CUSHION OWL
21430,11761.92,2993,489,SET/3 RED GINGHAM ROSE STORAGE BOX
22158,11725.630000000001,3388,311,3 HEARTS HANGING DECORATION RUSTIC
22193,11664.12,1376,469,RED DINER WALL CLOCK
22087,11648.78,4006,334,PAPER BUNTING WHITE LACE
23300,11554.39,6657,765,GARDENERS KNEELING PAD CUP OF TEA
22692,11515.210000000001,1519,445,DOORMAT WELCOME TO OUR HOME
21936,11508.09,3929,543,RED RETROSPOT PICNIC BAG
21108,11464.86,7091,265,FAIRY CAKE FLANNEL ASSORTED COLOUR
21217,11432.89,1079,351,RED RETROSPOT ROUND CAKE TINS
23581,11357.07,4898,342,JUMBO BAG PAISLEY PARK
21216,11304.31,2112,440,"SET 3 RETROSPOT TEA,COFFEE,SUGAR"
21080,11298.11,13185,988,SET/20 RED RETROSPOT PAPER NAPKINS
22730,11265.9,2835,583,ALARM CLOCK BAKELIKE IVORY
22041,11260.81,4336,365,"RECORD FRAME 7"" SINGLE SIZE"
85014B,11253.36,1933,375,RED RETROSPOT UMBRELLA
22356,11216.21,9450,759,CHARLOTTE BAG PINK POLKADOT
21481,11204.27,3219,497,FAWN BLUE HOT WATER BOTTLE
22149,11198.78,5447,556,FELTCRAFT 6 FLOWER FRIENDS
22605,11179.21,774,306,WOODEN CROQUET GARDEN SET
22413,11042.84,3756,415,METAL SIGN TAKE IT OR LEAVE IT
22662,11032.83,6689,690,LUNCH BAG DOLLY GIRL DESIGN
21340,11001.82,947,297,CLASSIC METAL BIRDCAGE PLANT HOLDER
20711,10974.31,4985,529,JUMBO BAG TOYS
84997A,10762.67,2666,328,GREEN 3 PIECE POLKADOT CUTLERY SET
71459,10753.01,13476,451,HANGING JAM JAR T-LIGHT HOLDER
22988,10725.53,8961,426,SOLDIERS EGG CUP
22617,10602.9,2180,479,BAKING SET SPACEBOY DESIGN
85048,10602.66,1318,283,15CM CHRISTMAS GLASS BALL 20 LIGHTS
22734,10523.34,3231,426,SET OF 6 RIBBONS VINTAGE CHRISTMAS
21791,10459.4,7828,610,VINTAGE HEADS AND TAILS CARD GAME
21891,10445.529999999999,8084,431,TRADITIONAL WOODEN SKIPPING ROPE
84755,10442.2,16332,633,COLOUR GLASS T-LIGHT HOLDER HANGING
47590A,10376.95,1966,393,BLUE HAPPY BIRTHDAY BUNTING
22570,10372.62,2841,389,FELTCRAFT CUSHION RABBIT
23208,10332.06,6235,672,LUNCH BAG VINTAGE LEAF DESIGN
21914,10294.81,7840,605,BLUE HARMONICA IN BOX
22846,10259.92,639,296,BREAD BIN DINER STYLE RED
48173C,10212.66,1809,198,DOORMAT BLACK FLOCK
84947,10191.480000000001,8620,357,ANTIQUE SILVER TEA GLASS ENGRAVED
22970,10107.0,4318,320,LONDON BUS COFFEE MUG
22169,10088.21,1165,389,FAMILY ALBUM WHITE PICTURE FRAME
23170,10050.949999999999,6139,457,REGENCY TEA PLATE ROSES
22621,9988.9,6097,613,TRADITIONAL KNITTING NANCY
23582,9983.73,4681,262,VINTAGE DOILY JUMBO BAG RED
22633,9969.12,4825,486,HAND WARMER UNION JACK
20679,9967.87,1701,329,EDWARDIAN PARASOL RED
22556,9952.96,6047,581,PLASTERS IN TIN CIRCUS PARADE
21218,9951.24,2384,405,RED SPOTTY BISCUIT TIN
23171,9905.74,6150,386,REGENCY TEA PLATE GREEN
23076,9900.76,8048,279,ICE CREAM SUNDAE LIP GLOSS
22690,9895.4,1613,289,DOORMAT HOME SWEET HOME BLUE
22619,9880.04,2476,444,SET OF 6 SOLDIER SKITTLES
22555,9807.179999999998,5989,519,PLASTERS IN TIN STRONGMAN
21559,9700.13,3919,583,STRAWBERRY LUNCH BOX WITH CUTLERY
22654,9699.65,1378,342,DELUXE SEWING KIT
22791,9681.130000000001,7778,355,T-LIGHT GLASS FLUTED ANTIQUE
22766,9598.74,3214,520,PHOTO FRAME CORNICE
22560,9571.26,8143,390,TRADITIONAL MODELLING CLAY
22144,9569.880000000001,4029,547,CHRISTMAS CRAFT LITTLE FRIENDS
21314,9528.83,4107,581,SMALL GLASS HEART TRINKET POT
22569,9452.45,2565,351,FELTCRAFT CUSHION BUTTERFLY
22844,9433.52,975,424,VINTAGE CREAM DOG FOOD CONTAINER
21174,9405.76,4175,538,POTTERING IN THE SHED METAL SIGN
35970,9391.56,4977,462,ZINC FOLKART SLEIGH BELLS
22952,9371.67,15744,623,60 CAKE CASES VINTAGE CHRISTMAS
85150,9371.13,4032,482,LADIES & GENTLEMEN METAL SIGN
23175,9361.65,3080,340,REGENCY MILK JUG PINK
84375,9355.85,4298,519,SET OF 20 KIDS COOKIE CUTTERS
22561,9336.57,5607,436,WOODEN SCHOOL COLOURING SET
22978,9292.369999999999,2389,250,PANTRY ROLLING PIN
22191,9257.95,1101,431,IVORY DINER WALL CLOCK
47566B,9233.470000000001,1154,474,TEA TIME PARTY BUNTING
22749,9216.16,2362,449,FELTCRAFT PRINCESS CHARLOTTE DOLL
22456,9207.87,1659,508,NATURAL SLATE CHALKBOARD LARGE
22966,9195.9,7435,672,GINGERBREAD MAN COOKIE CUTTER
22992,9180.59,4517,356,REVOLVER WOODEN RULER
20972,9098.06,7313,618,PINK CREAM FELT CRAFT TRINKET BOX
84991,9074.27,18015,836,60 TEATIME FAIRY CAKE CASES
48116,9056.53,1488,203,DOORMAT MULTICOLOUR STRIPE
23080,9026.87,1063,264,RED METAL BOX TOP SECRET
22759,8987.839999999998,5411,424,SET OF 3 NOTEBOOKS IN PARCEL
23319,8974.560000000001,3604,409,BOX OF 6 MINI 50'S CRACKERS
22729,8953.06,2292,462,ALARM CLOCK BAKELIKE ORANGE
22632,8923.68,4439,400,HAND WARMER RED POLKA DOT
22989,8921.27,2787,376,SET 2 PANTRY DESIGN TEA TOWELS
22771,8892.94,6509,445,CLEAR DRAWER KNOB ACRYLIC EDWARDIAN
23439,8855.51,3986,397,HAND WARMER RED LOVE HEART
82582,8818.890000000001,4346,441,AREA PATROLLED METAL SIGN
21889,8814.79,6364,589,WOODEN BOX OF DOMINOES
23318,8793.7,3641,383,BOX OF 6 MINI VINTAGE CRACKERS
21155,8785.7,2917,498,RED RETROSPOT PEG BAG
23322,8708.36,3006,572,LARGE WHITE HEART OF WICKER
84945,8646.97,10442,366,MULTI COLOUR SILVER T-LIGHT HOLDER
22947,8641.32,740,141,WOODEN ADVENT CALENDAR RED
22652,8587.32,5076,472,TRAVEL SEWING KIT
23534,8567.25,1380,261,STOP FOR TEA WALL ART
23078,8493.34,6783,259,ICE CREAM PEN LIP GLOSS
22795,8492.8,1194,371,SWEETHEART RECIPE BOOK STAND
22273,8488.94,3062,336,FELTCRAFT DOLL MOLLY
23493,8486.58,3958,418,VINTAGE DOILY TRAVEL SEWING KIT
23082,8455.6,2300,303,SET 6 PAPER TABLE LANTERN HEARTS
23535,8434.29,1323,216,BICYCLE SAFTEY WALL ART
84378,8428.4,6260,689,SET OF 3 HEART COOKIE CUTTERS
21213,8388.19,15121,664,PACK OF 72 SKULL CAKE CASES
23321,8374.189999999999,4677,633,SMALL WHITE HEART OF WICKER
21484,8347.82,1823,404,CHICK GREY HOT WATER BOTTLE
23256,8329.07,2025,376,CHILDRENS CUTLERY SPACEBOY
71053,8279.55,1905,342,WHITE METAL LANTERN
21210,8194.74,5675,458,SET OF 72 RETROSPOT PAPER  DOILIES
72741,8159.75,5933,300,GRAND CHOCOLATECANDLE
84970S,8126.599999999999,9092,609,HANGING HEART ZINC T-LIGHT HOLDER
22838,8093.51,561,182,3 TIER CAKE TIN RED AND CREAM
84380,8054.81,5724,696,SET OF 3 BUTTERFLY COOKIE CUTTERS
22192,8020.99,933,372,BLUE DINER WALL CLOCK
21035,7986.85,2399,396,SET/2 RED RETROSPOT TEA TOWELS
22725,7973.6,1932,441,ALARM CLOCK BAKELIKE CHOCOLATE
22616,7967.82,26095,514,PACK OF 12 LONDON TISSUES
21121,7908.85,6534,382,SET/10 RED POLKADOT PARTY CANDLES
22768,7903.29,831,285,FAMILY PHOTO FRAME CORNICE
21770,7894.2300000000005,1632,389,OPEN CLOSED METAL SIGN
22909,7845.99,8717,617,SET OF 20 VINTAGE CHRISTMAS NAPKINS
22352,7820.17,3072,491,LUNCH BOX WITH CUTLERY RETROSPOT
22667,7819.75,2801,485,RECIPE BOX RETROSPOT
22940,7790.75,1881,326,FELTCRAFT CHRISTMAS FAIRY
21136,7777.93,4678,372,PAINTED METAL PEARS ASSORTED
22557,7717.689999999999,4685,570,PLASTERS IN TIN VINTAGE PAISLEY
23238,7706.01,1833,282,SET OF 4 KNICK KNACK TINS LONDON
21908,7697.620000000001,3745,471,CHOCOLATE THIS WAY METAL SIGN
48111,7692.58,1170,234,DOORMAT 3 SMILEY CATS
22487,7676.48,759,446,WHITE WOOD GARDEN PLANT LADDER
22968,7663.13,774,199,ROSE COTTAGE KEEPSAKE BOX
22804,7647.75,2955,482,CANDLEHOLDER PINK HANGING HEART
23007,7640.049999999999,492,187,SPACEBOY BABY GIFT SET
23204,7603.599999999999,7790,591,CHARLOTTE BAG APPLES DESIGN
21955,7580.82,1228,206,DOORMAT UNION JACK GUNS AND ROSES
22147,7517.49,5349,489,FELTCRAFT BUTTERFLY HEARTS
22585,7491.64,6176,398,PACK OF 6 BIRDY GIFT TAGS
84406B,7490.67,1973,290,CREAM CUPID HEARTS COAT HANGER
22173,7488.03,2343,499,METAL 4 HOOK HANGER FRENCH CHATEAU
22750,7469.33,1995,415,FELTCRAFT PRINCESS LOLA DOLL
22367,7440.33,3714,561,CHILDRENS APRON SPACEBOY DESIGN
21231,7429.2,5897,536,SWEETHEART CERAMIC TRINKET BOX
22627,7404.68,837,370,MINT KITCHEN SCALES
21668,7378.49,5410,447,RED STRIPE CERAMIC DRAWER KNOB
22381,7377.29,3412,476,TOY TIDY PINK POLKADOT
84836,7374.32,5902,537,ZINC METAL HEART DECORATION
22741,7320.509999999999,8496,236,FUNKY DIVA PEN
23382,7292.43,1858,223,BOX OF 6 CHRISTMAS CAKE DECORATIONS
84030E,7279.7,1602,377,ENGLISH ROSE HOT WATER BOTTLE
21169,7272.55,4395,455,YOU'RE CONFUSING ME METAL SIGN
84949,7210.289999999999,4526,325,SILVER HANGING T-LIGHT HOLDER
22631,7135.219999999999,3644,401,CIRCUS PARADE LUNCH BOX
22485,7113.849999999999,520,212,SET OF 2 WOODEN MARKET CRATES
22505,7059.67,1452,316,MEMO BOARD COTTAGE DESIGN
21912,7047.7,1786,396,VINTAGE SNAKES & LADDERS
22179,7047.25,937,295,SET 10 LIGHTS NIGHT OWL
23083,7036.7300000000005,1869,249,SET 6 PAPER TABLE LANTERN STARS
22663,7029.75,3408,452,JUMBO BAG DOLLY GIRL DESIGN
23320,7016.0,2648,335,GIANT 50'S CHRISTMAS CRACKER
23543,7010.76,1236,103,KEEP CALM WALL ART
21258,6995.05,471,181,VICTORIAN SEWING BOX LARGE
22553,6993.5199999999995,4158,567,PLASTERS IN TIN SKULLS
C2,6986.0,140,143,CARRIAGE
21259,6985.0,1163,293,VICTORIAN SEWING BOX SMALL
21669,6976.14,5172,435,BLUE STRIPE CERAMIC DRAWER KNOB
22637,6974.9800000000005,2705,352,PIGGY BANK RETROSPOT
23236,6964.6,2460,344,DOILEY STORAGE TIN
23293,6962.98,8439,557,SET OF 12 FAIRY CAKE BAKING CASES
23283,6945.93,987,235,DOORMAT VINTAGE LEAVES DESIGN
21922,6944.360000000001,898,208,UNION STRIPE WITH FRINGE  HAMMOCK
21094,6933.259999999999,8758,527,SET/6 RED SPOTTY PAPER PLATES
21165,6915.42,4142,450,BEWARE OF THE CAT METAL SIGN
22333,6908.639999999999,4410,329,RETROSPOT PARTY BAG + STICKER SET
85014A,6868.34,1175,293,BLACK/BLUE POLKADOT UMBRELLA
22170,6858.95,1049,270,PICTURE FRAME WOOD TRIPLE PORTRAIT
21326,6845.62,10514,345,AGED GLASS SILVER T-LIGHT HOLDER
22767,6825.299999999999,739,235,TRIPLE PHOTO FRAME CORNICE
23215,6823.6,3444,211,JINGLE BELL HEART ANTIQUE SILVER
23254,6820.110000000001,1683,307,CHILDRENS CUTLERY DOLLY GIRL
84970L,6819.099999999999,6253,508,SINGLE HEART ZINC T-LIGHT HOLDER
21257,6813.0199999999995,676,266,VICTORIAN SEWING BOX MEDIUM
23541,6807.41,870,153,WALL ART CLASSIC PUDDINGS
22109,6806.76,1607,301,FULL ENGLISH BREAKFAST PLATE
23103,6799.959999999999,4044,368,BELL HEART DECORATION
22834,6799.28,4738,375,HAND WARMER BABUSHKA DESIGN
22946,6792.47,436,144,WOODEN ADVENT CALENDAR CREAM
22634,6779.45,722,245,CHILDS BREAKFAST SET SPACEBOY
22839,6772.37,431,211,3 TIER CAKE TIN GREEN AND CREAM
22620,6769.3099999999995,4879,485,4 TRADITIONAL SPINNING TOPS
22294,6762.58,5423,302,HEART FILIGREE DOVE  SMALL
23297,6749.33,4277,165,SET 40 HEART SHAPE PETIT FOUR CASES
22840,6745.79,893,286,ROUND CAKE TIN VINTAGE RED
21787,6741.1,8347,246,RAIN PONCHO RETROSPOT
20969,6737.52,1815,307,RED FLORAL FELTCRAFT SHOULDER BAG
47591D,6720.79,3339,497,PINK FAIRY CAKE CHILDRENS APRON
22950,6717.9,4884,189,36 DOILIES VINTAGE CHRISTMAS
23229,6698.82,1858,261,VINTAGE DONKEY TAIL GAME
21672,6698.45,4933,416,WHITE SPOT RED CERAMIC DRAWER KNOB
84988,6652.4,4298,512,SET OF 72 PINK HEART PAPER DOILIES
23480,6651.04,1778,217,MINI LIGHTS WOODLAND MUSHROOMS
82001S,6634.8,1697,158,VINYL RECORD FRAME SILVER
75049L,6608.78,6874,225,LARGE CIRCULAR MIRROR MOBILE
21888,6603.29,1673,383,BINGO SET
23008,6600.959999999999,426,137,DOLLY GIRL BABY GIFT SET
23109,6595.9800000000005,2290,269,LED TEA LIGHTS
22943,6589.97,1321,220,CHRISTMAS LIGHTS 10 VINTAGE BAUBLES
23247,6562.71,2148,314,BISCUIT TIN 50'S CHRISTMAS
20718,6561.3,4734,580,RED RETROSPOT SHOPPER BAG
22580,6533.24,1250,250,ADVENT CALENDAR GINGHAM SACK
22668,6520.969999999999,2119,348,PINK BABY BUNTING
21533,6503.820000000001,1319,350,RETROSPOT LARGE MILK JUG
84992,6470.64,13189,619,72 SWEETHEART FAIRY CAKE CASES
23311,6449.95,2375,348,VINTAGE CHRISTMAS STOCKING
23553,6444.65,568,68,LANDMARK FRAME CAMDEN TOWN
22508,6443.38,1572,300,DOORSTOP RETROSPOT HEART
23134,6431.110000000001,1065,38,LARGE ZINC HEART WALL ORGANISER
22141,6430.1900000000005,2775,461,CHRISTMAS CRAFT TREE TOP ANGEL
21122,6427.29,5276,347,SET/10 PINK POLKADOT PARTY CANDLES
23188,6424.669999999999,3457,336,VINTAGE  2 METER FOLDING RULER
22991,6418.99,3173,280,GIRAFFE WOODEN RULER
23571,6406.91,2841,257,TRADITIONAL NAUGHTS & CROSSES
22655,6394.5,50,46,VINTAGE RED KITCHEN CABINET
20676,6347.31,5001,451,RED RETROSPOT BOWL
23307,6323.490000000001,11961,634,SET OF 60 PANTRY DESIGN CAKE CASES
22895,6316.6,2052,285,SET OF 2 TEA TOWELS APPLE AND PEARS
21380,6304.56,2164,291,WOODEN HAPPY BIRTHDAY GARLAND
21935,6296.96,3392,531,SUKI  SHOULDER BAG
23169,6283.6900000000005,1463,348,CLASSIC GLASS SWEET JAR
22979,6274.2699999999995,3999,386,PANTRY WASHING UP BRUSH
23172,6190.11,3759,314,REGENCY TEA PLATE PINK
22303,6167.1,2742,271,COFFEE MUG APPLES DESIGN
22784,6160.14,1231,326,LANTERN CREAM GAZEBO
23192,6109.289999999999,3513,347,BUNDLE OF 3 ALPHABET EXERCISE BOOKS
21154,6093.51,3822,455,RED RETROSPOT OVEN GLOVE
21975,6066.45,12241,604,PACK OF 60 DINOSAUR CAKE CASES
47556B,6045.0,2600,2,TEA TIME TEA TOWELS
21156,6015.05,3131,366,RETROSPOT CHILDRENS APRON
22151,6000.25,14236,337,PLACE SETTING WHITE HEART
21670,5987.74,4259,381,BLUE SPOT CERAMIC DRAWER KNOB
22174,5978.78,3218,321,PHOTO CUBE
22783,5961.25,463,33,SET 3 WICKER OVAL BASKETS W LIDS
23312,5960.0,1422,215,VINTAGE CHRISTMAS GIFT SACK
23296,5951.8,4952,384,SET OF 6 TEA TIME BAKING CASES
23052,5941.09,653,279,RECYCLED ACAPULCO MAT TURQUOISE
21871,5938.62,4768,369,SAVE THE PLANET MUG
23526,5926.2,996,145,DOG LICENCE WALL ART
23118,5922.18,789,275,PARISIENNE JEWELLERY DRAWER
22584,5908.71,2315,198,PACK OF 6 PANNETONE GIFT BOXES
21535,5905.3099999999995,2455,359,RED RETROSPOT SMALL MILK JUG
21673,5897.25,4269,373,WHITE SPOT BLUE CERAMIC DRAWER KNOB
22150,5886.389999999999,3010,472,3 STRIPEY MICE FELTCRAFT
17003,5853.15,23017,242,BROCADE RING PURSE
48129,5850.69,881,209,DOORMAT TOPIARY
22366,5840.83,773,223,DOORMAT AIRMAIL
21671,5839.98,4250,383,RED SPOT CERAMIC DRAWER KNOB
22971,5811.64,2415,277,QUEENS GUARD COFFEE MUG
21877,5798.46,4359,364,HOME SWEET HOME MUG
22751,5793.97,1561,291,FELTCRAFT PRINCESS OLIVIA DOLL
22740,5793.62,6842,170,POLKADOT PEN
22365,5738.13,787,180,DOORMAT RESPECTABLE HOUSE
62018,5716.85,4415,61,SOMBRERO
23154,5716.0,2640,238,SET OF 4 JAM JAR MAGNETS
22826,5692.5,54,45,LOVE SEAT ANTIQUE WHITE METAL
22635,5685.28,597,201,CHILDS BREAKFAST SET DOLLY GIRL
22779,5683.6,1512,155,WOODEN OWLS LIGHT GARLAND
22646,5642.2699999999995,4129,399,CERAMIC STRAWBERRY CAKE MONEY BANK
21242,5640.5599999999995,3338,308,RED RETROSPOT PLATE
22907,5625.8,6521,676,PACK OF 20 NAPKINS PANTRY DESIGN
22595,5616.53,6644,468,CHRISTMAS GINGHAM HEART
23205,5586.13,5666,475,CHARLOTTE BAG VINTAGE ALPHABET
22466,5569.94,3048,212,FAIRY TALE COTTAGE NIGHTLIGHT
22207,5551.34,1258,212,FRYING PAN UNION FLAG
21558,5540.0199999999995,2127,416,SKULL LUNCH BOX WITH CUTLERY
23531,5538.26,976,112,WALL ART BIG LOVE
23133,5517.15,781,156,LARGE IVORY HEART WALL ORGANISER
22488,5515.929999999999,3160,424,NATURAL SLATE RECTANGLE CHALKBOARD
22088,5511.85,1837,241,PAPER BUNTING COLOURED LACE
22837,5500.280000000001,1136,180,HOT WATER BOTTLE BABUSHKA
23583,5480.83,3375,326,LUNCH BAG PAISLEY PARK
23177,5476.29,2512,272,TREASURE ISLAND BOOK BOX
22904,5461.360000000001,1832,272,CALENDAR PAPER CUT DESIGN
22297,5459.91,4164,378,HEART IVORY TRELLIS SMALL
23126,5452.84,1093,297,DOLLCRAFT GIRL AMELIE KIT
22964,5443.290000000001,2610,385,3 PIECE SPACEBOY COOKIE CUTTER SET
22418,5439.25,6392,326,10 COLOUR SPACEBOY PEN
23485,5436.52,244,96,BOTANICAL GARDENS WALL CLOCK
22798,5428.55,1753,284,ANTIQUE GLASS DRESSING TABLE POT
23135,5416.18,1541,45,SMALL ZINC HEART WALL ORGANISER
23158,5389.03,2573,258,SET OF 5 LUCKY CAT MAGNETS
22429,5366.93,1229,392,ENAMEL MEASURING JUG CREAM
22349,5332.7699999999995,1353,133,DOG BOWL CHASING BALL DESIGN
21172,5319.78,3472,469,PARTY METAL SIGN
22845,5308.83,788,325,VINTAGE CREAM CAT FOOD CONTAINER
22464,5298.73,3280,362,HANGING METAL HEART LANTERN
22796,5263.4,527,254,PHOTO FRAME 3 CLASSIC HANGING
22296,5246.07,3139,319,HEART IVORY TRELLIS LARGE
22998,5188.48,12189,545,TRAVEL CARD WALLET KEEP CALM
22623,5151.110000000001,921,240,BOX OF VINTAGE JIGSAW BLOCKS
22898,5150.92,2414,365,CHILDRENS APRON APPLES DESIGN
23162,5143.6900000000005,1412,176,REGENCY TEA STRAINER
21164,5138.280000000001,1760,283,HOME SWEET HOME METAL SIGN
22665,5129.9800000000005,1494,365,RECIPE BOX BLUE SKETCHBOOK DESIGN
22120,5127.69,511,190,WELCOME  WOODEN BLOCK LETTERS
23132,5115.6,1016,155,SMALL IVORY HEART WALL ORGANISER
22772,5112.95,3790,256,PINK DRAWER KNOB ACRYLIC EDWARDIAN
21844,5109.09,1827,167,RED RETROSPOT MUG
22302,5103.69,2317,215,COFFEE MUG PEARS  DESIGN
23263,5088.44,3816,450,SET OF 3 WOODEN HEART DECORATIONS
23295,5062.66,6121,449,SET OF 12 MINI LOAF BAKING CASES
23397,5037.95,483,222,FOOT STOOL HOME SWEET HOME
21098,5036.849999999999,3680,250,CHRISTMAS TOILET ROLL
23234,5033.54,1706,282,BISCUIT TIN VINTAGE CHRISTMAS
22848,5032.0,312,136,BREAD BIN DINER STYLE PINK
21428,5027.38,1172,268,SET3 BOOK BOX GREEN GINGHAM FLOWER
22371,5014.54,1072,402,AIRLINE BAG VINTAGE TOKYO 78
22827,5000.0,32,29,RUSTIC  SEVENTEEN DRAWER SIDEBOARD
21907,4999.88,2358,369,I'M ON HOLIDAY METAL SIGN
23310,4997.28,12050,245,BUBBLEGUM RING ASSORTED
21756,4994.360000000001,807,271,BATH BUILDING BLOCK WORD
23165,4986.5599999999995,3012,298,LARGE CERAMIC TOP STORAGE JAR
22271,4983.75,1693,303,FELTCRAFT DOLL ROSIE
23198,4969.8,3278,489,PANTRY MAGNETIC  SHOPPING LIST
23494,4967.26,744,216,VINTAGE DOILY DELUXE SEWING KIT
23314,4950.46,402,119,VINTAGE CHRISTMAS TABLECLOTH
22957,4942.75,1749,218,SET 3 PAPER VINTAGE CHICK PAPER EGG
21932,4940.03,2687,449,SCANDINAVIAN PAISLEY PICNIC BAG
22780,4938.09,1321,140,LIGHT GARLAND BUTTERFILES PINK
84212,4934.87,10315,111,"ASSORTED FLOWER COLOUR ""LEIS"""
23570,4931.87,2772,276,TRADITIONAL PICK UP STICKS GAME
22142,4930.24,3236,379,CHRISTMAS CRAFT WHITE FAIRY
23556,4924.51,435,54,LANDMARK FRAME COVENT GARDEN
21933,4922.98,2659,414,PINK VINTAGE PAISLEY PICNIC BAG
22301,4921.43,2181,263,COFFEE MUG CAT + BIRD DESIGN
22110,4907.04,1170,280,BIRD HOUSE HOT WATER BOTTLE
23503,4858.05,3641,337,PLAYING CARDS KEEP CALM & CARRY ON
21937,4851.65,1691,257,STRAWBERRY   PICNIC BAG
21086,4851.5,7121,428,SET/6 RED SPOTTY PAPER CUPS
21033,4849.94,1931,301,JUMBO BAG CHARLIE AND LOLA TOYS
22748,4845.13,2100,440,POPPY'S PLAYHOUSE KITCHEN
21390,4844.38,3900,213,FILIGRIS HEART WITH BUTTERFLY
22781,4838.66,572,245,GUMBALL MAGAZINE RACK
23010,4828.75,312,113,CIRCUS PARADE BABY GIFT SET
22689,4822.25,621,148,DOORMAT MERRY CHRISTMAS RED
23554,4805.53,422,57,LANDMARK FRAME OXFORD STREET
21124,4801.8,3962,243,SET/10 BLUE POLKADOT PARTY CANDLES
22549,4798.38,3188,356,PICTURE DOMINOES
22849,4793.48,308,137,BREAD BIN DINER STYLE MINT
23555,4780.57,421,50,LANDMARK FRAME NOTTING HILL
23351,4770.77,3439,357,ROLL WRAP 50'S CHRISTMAS
22636,4769.86,566,212,CHILDS BREAKFAST SET CIRCUS PARADE
21876,4766.46,3747,341,POTTERING MUG
23389,4743.1900000000005,1113,238,SPACEBOY MINI BACKPACK
20677,4741.09,3669,334,PINK POLKADOT BOWL
22243,4733.49,3087,134,5 HOOK HANGER RED MAGIC TOADSTOOL
84050,4730.83,3215,259,PINK HEART SHAPE EGG FRYING PAN
15056P,4709.2,799,174,EDWARDIAN PARASOL PINK
23569,4707.76,952,193,TRADTIONAL ALPHABET STAMP SET
23286,4705.97,4999,225,BLUE VINTAGE SPOT BEAKER
23558,4703.87,415,52,LANDMARK FRAME LONDON BRIDGE
23184,4700.150000000001,861,268,BULL DOG BOTTLE OPENER
23157,4699.06,2317,164,SET OF 6 NATIVITY MAGNETS
22645,4685.29,2337,355,CERAMIC HEART FAIRY CAKE MONEY BANK
82552,4674.83,3012,364,WASHROOM METAL SIGN
22721,4671.81,1020,297,SET OF 3 CAKE TINS SKETCHBOOK
37449,4670.59,513,179,CERAMIC CAKE STAND + HANGING CAKES
23159,4661.52,2268,226,SET OF 5 PANCAKE DAY MAGNETS
23241,4654.99,2158,368,TREASURE TIN GYMKHANA DESIGN
22813,4640.78,2372,218,PACK 3 BOXES BIRD PANNETONE
85049A,4640.2,3233,360,TRADITIONAL CHRISTMAS RIBBONS
47599A,4636.900000000001,2450,166,PINK PARTY BAGS
21539,4634.950000000001,946,254,RED RETROSPOT BUTTER DISH
22745,4634.490000000001,2008,426,POPPY'S PLAYHOUSE BEDROOM
22082,4628.88,2660,411,RIBBON REEL STRIPES DESIGN
22295,4594.169999999999,2777,251,HEART FILIGREE DOVE LARGE
23176,4591.83,2120,236,ABC TREASURE BOOK BOX
23285,4570.71,4805,192,PINK VINTAGE SPOT BEAKER
21833,4543.73,2696,171,CAMOUFLAGE LED TORCH
22504,4542.07,242,72,CABIN BAG VINTAGE RETROSPOT
22417,4537.9400000000005,8374,522,PACK OF 60 SPACEBOY CAKE CASES
82551,4537.69,2914,354,LAUNDRY 15C METAL SIGN
20979,4523.7300000000005,3574,341,36 PENCILS TUBE RED RETROSPOT
22606,4520.21,302,150,WOODEN SKITTLES GARDEN SET
22628,4516.96,944,201,PICNIC BOXES SET OF 3 RETROSPOT
23168,4493.0599999999995,3237,355,CLASSIC SUGAR DISPENSER
21934,4463.78,2411,412,SKULL SHOULDER BAG
23309,4460.65,8211,411,SET OF 60 I LOVE LONDON CAKE CASES
22089,4457.43,1423,272,PAPER BUNTING VINTAGE PAISLEY
84987,4449.42,3036,337,SET OF 36 TEATIME PAPER DOILIES
23530,4436.27,1056,87,WALL ART ONLY ONE PERSON
22775,4434.37,3077,239,PURPLE DRAWERKNOB ACRYLIC EDWARDIAN
23288,4429.0599999999995,4607,189,GREEN VINTAGE SPOT BEAKER
23275,4426.31,3643,329,SET OF 3 HANGING OWLS OLLIE BEAK
23404,4418.21,982,183,HOME SWEET HOME BLACKBOARD
23163,4400.820000000001,1777,211,REGENCY SUGAR TONGS
22938,4371.63,2307,190,CUPCAKE LACE PAPER SET 6
21906,4356.0599999999995,564,179,PHARMACIE FIRST AID TIN
16014,4335.76,13328,54,SMALL CHINESE STYLE SCISSOR
22626,4325.36,508,203,BLACK KITCHEN SCALES
22899,4315.93,2064,316,CHILDREN'S APRON DOLLY GIRL
84692,4314.36,7872,586,BOX OF 24 COCKTAIL PARASOLS
23349,4312.6,3197,339,ROLL WRAP VINTAGE CHRISTMAS
20975,4305.27,6513,366,12 PENCILS SMALL TUBE RED RETROSPOT
21892,4300.91,3179,414,TRADITIONAL WOODEN CATCH CUP GAME
21498,4290.92,10476,338,RED RETROSPOT WRAP
23050,4278.3,496,206,RECYCLED ACAPULCO MAT GREEN
23112,4267.2300000000005,513,260,PARISIENNE CURIO CABINET
22327,4260.0,1152,293,ROUND SNACK BOXES SET OF 4 SKULLS
22723,4254.92,1162,297,SET OF 6 HERB TINS SKETCHBOOK
23166,4221.28,3539,257,MEDIUM CERAMIC TOP STORAGE JAR
20970,4220.88,1113,264,PINK FLORAL FELTCRAFT SHOULDER BAG
23237,4205.04,1036,187,SET OF 4 KNICK KNACK TINS LEAVES
22661,4204.16,5181,419,CHARLOTTE BAG DOLLY GIRL DESIGN
23089,4190.13,2339,232,GLASS BON BON JAR
23012,4165.51,1063,251,GLASS APOTHECARY BOTTLE PERFUME
22550,4164.89,1154,219,HOLIDAY FUN LUDO
23144,4161.3099999999995,5045,277,ZINC T-LIGHT HOLDER STARS SMALL
20974,4159.530000000001,6410,358,12 PENCILS SMALL TUBE SKULL
84509A,4159.37,991,301,SET OF 4 ENGLISH ROSE PLACEMATS
22694,4142.52,1790,409,WICKER STAR
22801,4133.0,1008,231,ANTIQUE GLASS PEDESTAL BOWL
72760B,4130.79,407,155,VINTAGE CREAM 3 BASKET CAKE STAND
85049E,4125.57,2954,453,SCANDINAVIAN REDS RIBBONS
21874,4113.469999999999,2952,302,GIN AND TONIC MUG
23306,4113.23,2801,279,SET OF 36 DOILIES PANTRY DESIGN
23167,4110.82,5322,240,SMALL CERAMIC TOP STORAGE JAR
20682,4106.33,1215,243,RED RETROSPOT CHILDRENS UMBRELLA
23009,4082.5199999999995,263,103,I LOVE LONDON BABY GIFT SET
22596,4079.7000000000003,3451,268,CHRISTMAS STAR WISH LIST CHALKBOARD
22489,4071.29,9717,445,PACK OF 12 TRADITIONAL CRAYONS
22061,4069.0099999999998,566,161,LARGE CAKE STAND  HANGING STRAWBERY
23255,4059.8700000000003,1005,161,CHILDRENS CUTLERY CIRCUS PARADE
21116,4051.79,695,251,OWL DOORSTOP
21704,4035.4199999999996,5139,251,BAG 250G SWIRLY MARBLES
23193,4034.28,1902,181,BUFFALO BILL TREASURE BOOK BOX
23340,4034.08,2500,151,VINTAGE CHRISTMAS CAKE FRILL
22219,4011.6299999999997,4107,547,LOVEBIRD HANGING DECORATION WHITE
72351B,4001.55,2093,189,SET/6 PINK  BUTTERFLY T-LIGHTS
22841,3998.42,516,222,ROUND CAKE TIN VINTAGE GREEN
22896,3997.46,1566,290,PEG BAG APPLES DESIGN
23129,3995.3500000000004,949,173,HEART SHAPED HOLLY WREATH
23194,3994.12,1798,222,GYMKHANNA TREASURE BOOK BOX
22577,3992.3099999999995,10507,540,WOODEN HEART CHRISTMAS SCANDINAVIAN
23081,3988.75,477,142,GREEN METAL BOX ARMY SUPPLIES
22431,3983.1099999999997,2050,337,WATERING CAN BLUE ELEPHANT
20675,3968.12,3108,324,BLUE POLKADOT BOWL
23130,3951.63,953,186,MISTLETOE HEART WREATH GREEN
23486,3945.82,262,80,ANTIQUE HEART SHELF UNIT
22649,3937.6800000000003,755,220,STRAWBERRY FAIRY CAKE TEAPOT
22131,3934.64,2030,292,FOOD CONTAINER SET 3 LOVE HEART
22274,3932.8300000000004,1333,269,FELTCRAFT DOLL EMILY
23557,3930.27,350,32,LANDMARK FRAME BAKER STREET
22951,3924.2000000000003,7361,442,60 CAKE CASES DOLLY GIRL DESIGN
22117,3896.4500000000003,1320,95,METAL SIGN HER DINNER IS SERVED
22148,3888.2,1918,188,EASTER CRAFT 4 CHICKS
23552,3881.91,1863,116,BICYCLE PUNCTURE REPAIR KIT
22222,3880.2,1057,222,CAKE PLATE LOVEBIRD WHITE
21041,3880.13,911,258,RED RETROSPOT OVEN GLOVE DOUBLE
23049,3872.09,453,188,RECYCLED ACAPULCO MAT RED
21749,3860.2900000000004,1955,143,LARGE RED RETROSPOT WINDMILL
84792,3859.63,804,245,ENCHANTED BIRD COATHANGER 5 HOOK
22942,3856.19,532,164,CHRISTMAS LIGHTS 10 SANTAS
23110,3853.93,649,283,PARISIENNE KEY CABINET
21716,3852.52,1417,245,BOYS VINTAGE TIN SEASIDE BUCKET
22350,3819.5699999999997,1409,121,ILLUSTRATED CAT BOWL
23253,3816.96,256,72,16 PIECE CUTLERY SET PANTRY DESIGN
21243,3813.64,2277,211,PINK  POLKADOT PLATE
37370,3811.21,2544,164,RETRO COFFEE MUGS ASSORTED
23131,3811.0800000000004,936,117,MISTLETOE HEART WREATH CREAM
21110,3802.2,1103,135,LARGE CAKE TOWEL PINK SPOTS
22980,3785.9599999999996,2282,297,PANTRY SCRUBBING BRUSH
23032,3777.7799999999997,2282,210,DRAWER KNOB CRACKLE GLAZE IVORY
22578,3764.0499999999997,10327,515,WOODEN STAR CHRISTMAS SCANDINAVIAN
21244,3763.97,2267,199,BLUE POLKADOT PLATE
23542,3751.46,500,92,70'S ALPHABET WALL ART
21746,3748.18,3060,229,SMALL RED RETROSPOT WINDMILL
23299,3742.88,1004,148,FOOD COVER WITH BEADS SET 2
22195,3719.0099999999998,1975,374,LARGE HEART MEASURING SPOONS
22956,3700.1900000000005,1898,201,36 FOIL HEART CAKE CASES
22809,3697.5000000000005,1210,207,SET OF 6 T-LIGHTS SANTA
22842,3695.76,570,176,BISCUIT TIN VINTAGE RED
23127,3694.65,723,197,DOLLCRAFT GIRL NICOLE
22854,3693.67,764,164,CREAM SWEETHEART EGG HOLDER
23092,3680.03,513,144,LARGE ANTIQUE WHITE PHOTO FRAME
23182,3676.5899999999997,3727,439,TOILET SIGN OCCUPIED OR VACANT
22890,3671.62,356,177,NOVELTY BISCUITS CAKE STAND 3 TIER
21890,3655.71,1141,236,S/6 WOODEN SKITTLES IN COTTON BAG
22212,3650.5400000000004,1585,407,FOUR HOOK  WHITE LOVEBIRDS
23013,3650.46,918,226,GLASS APOTHECARY BOTTLE TONIC
21531,3645.72,1501,257,RED RETROSPOT SUGAR JAM BOWL
22738,3639.17,2043,277,RIBBON REEL SNOWY VILLAGE
23497,3638.62,2546,196,CLASSIC CHROME BICYCLE BELL
22378,3636.47,2282,294,WALL TIDY RETROSPOT
23191,3623.9399999999996,2198,283,BUNDLE OF 3 RETRO NOTE BOOKS
22468,3613.72,514,155,BABUSHKA LIGHTS STRING OF 10
23091,3612.57,573,213,ZINC HERB GARDEN CONTAINER
22053,3605.1699999999996,4243,29,EMPIRE DESIGN ROSETTE
23294,3597.02,4379,358,SET OF 6 SNACK LOAF BAKING CASES
85053,3592.3300000000004,1665,331,FRENCH ENAMEL CANDLEHOLDER
22493,3590.1899999999996,2188,224,PAINT YOUR OWN CANVAS SET
21658,3585.2,846,236,GLASS  BEURRE DISH
21260,3582.48,1118,168,FIRST AID TIN
85132C,3577.44,1518,218,CHARLIE AND LOLA FIGURES TINS
22348,3573.0899999999997,4072,359,TEA BAG PLATE RED RETROSPOT
21494,3568.83,1926,314,ROTATING LEAVES T-LIGHT HOLDER
22926,3567.6000000000004,579,201,IVORY GIANT GARDEN THERMOMETER
22812,3567.35,1704,188,PACK 3 BOXES CHRISTMAS PANNETONE
22908,3567.0299999999997,4377,377,PACK OF 20 NAPKINS RED APPLES
23111,3556.04,288,154,PARISIENNE SEWING BOX
22739,3540.47,1808,319,RIBBON REEL CHRISTMAS SOCK BAUBLE
23332,3539.41,2057,288,IVORY WICKER HEART LARGE
84968C,3534.99,313,106,SET OF 16 VINTAGE PISTACHIO CUTLERY
20717,3534.48,2833,414,STRAWBERRY SHOPPER BAG
22800,3523.24,860,209,ANTIQUE TALL SWIRLGLASS TRINKET POT
22688,3519.6600000000003,705,32,DOORMAT PEACE ON EARTH BLUE
21992,3510.72,1901,436,VINTAGE PAISLEY STATIONERY SET
21715,3507.17,1330,231,GIRLS VINTAGE TIN SEASIDE BUCKET
23189,3504.62,1248,142,SET OF 12 FORK CANDLES
21703,3492.35,9303,300,BAG 125G SWIRLY MARBLES
23353,3490.1299999999997,3983,329,6 GIFT TAGS VINTAGE CHRISTMAS
21527,3464.69,443,165,RED RETROSPOT TRADITIONAL TEAPOT
21745,3460.73,931,215,GAOLERS KEYS DECORATIVE GARDEN
21974,3457.1499999999996,2158,366,SET OF 36 PAISLEY FLOWER DOILIES
23085,3454.48,363,83,ANTIQUE SILVER BAUBLE LAMP
84508A,3445.5000000000005,1630,37,CAMOUFLAGE DESIGN TEDDY
21238,3445.22,3918,396,RED RETROSPOT CUP
21385,3440.7499999999995,3881,318,IVORY HANGING DECORATION  HEART
22065,3440.23,6707,249,CHRISTMAS PUDDING TRINKET POT
21588,3439.95,1493,133,RETROSPOT GIANT TUBE MATCHES
23388,3432.09,821,154,WOODLAND MINI BACKPACK
22669,3431.5,1078,235,RED BABY BUNTING
22435,3430.5,2745,267,SET OF 9 HEART SHAPED BALLOONS
23426,3427.09,1269,207,METAL SIGN DROP YOUR PANTS
23536,3418.33,622,86,VILLAGE SHOW WALL ART
22760,3417.16,269,86,"TRAY, BREAKFAST IN BED"
23232,3415.5,8475,241,WRAP VINTAGE PETALS  DESIGN
23350,3415.08,2688,307,ROLL WRAP VINTAGE SPOT
23065,3414.94,272,100,LARGE DECO JEWELLERY STAND
21497,3409.0,8550,230,FANCY FONTS BIRTHDAY WRAP
22782,3399.95,241,74,SET 3 WICKER STORAGE BASKETS
23014,3384.03,847,212,GLASS APOTHECARY BOTTLE ELIXIR
22311,3383.11,1125,144,OFFICE MUG WARMER BLACK+SILVER
22029,3382.5299999999997,8149,528,SPACEBOY BIRTHDAY CARD
23354,3379.6,3680,325,6 GIFT TAGS 50'S CHRISTMAS
22300,3376.06,1515,201,COFFEE MUG DOG + BALL DESIGN
23156,3373.37,1641,207,SET OF 5 MINI GROCERY MAGNETS
47567B,3368.2000000000003,594,138,TEA TIME KITCHEN APRON
22687,3354.22,590,52,DOORMAT CHRISTMAS VILLAGE
79000,3351.29,4153,129,MOROCCAN TEA GLASS
22563,3346.9300000000003,2822,282,HAPPY STENCIL CRAFT
82580,3346.21,5591,636,BATHROOM METAL SIGN
21993,3340.84,1925,426,FLORAL FOLK STATIONERY SET
23210,3331.77,2649,196,WHITE ROCKING HORSE HAND PAINTED
22180,3326.89,310,167,RETROSPOT LAMP
22653,3320.0,1846,252,BUTTON BOX
21429,3317.0499999999997,1698,295,RED GINGHAM ROSE JEWELLERY BOX
22432,3315.52,1702,280,WATERING CAN PINK BUNNY
22165,3315.45,414,147,"DIAMANTE HEART SHAPED WALL MIRROR,"
84032A,3302.38,975,315,CHARLIE+LOLA PINK HOT WATER BOTTLE
22855,3286.73,2630,238,FINE WICKER HEART
22079,3275.79,1867,326,RIBBON REEL HEARTS DESIGN
23308,3272.61,6139,382,SET OF 60 VINTAGE LEAF CAKE CASES
22460,3249.75,2527,217,EMBOSSED GLASS TEALIGHT HOLDER
23053,3246.07,363,165,RECYCLED ACAPULCO MAT PINK
22244,3245.0099999999998,1687,167,3 HOOK HANGER MAGIC GARDEN
23239,3238.0400000000004,814,187,SET OF 4 KNICK KNACK TINS POPPIES
22187,3230.98,1262,195,GREEN CHRISTMAS TREE CARD HOLDER
23395,3230.83,741,215,BELLE JARDINIERE CUSHION COVER
22567,3218.9,2422,227,20 DOLLY PEGS RETROSPOT
21463,3218.15,607,142,MIRRORED DISCO BALL
22962,3215.99,3811,363,JAM JAR WITH PINK LID
22746,3211.34,1435,330,POPPY'S PLAYHOUSE LIVINGROOM
20973,3207.67,4493,357,12 PENCIL SMALL TUBE WOODLAND
23051,3206.99,363,164,RECYCLED ACAPULCO MAT BLUE
22967,3206.51,1149,142,SET 3 SONG BIRD PAPER EGGS ASSORTED
23035,3186.9399999999996,2182,193,DRAWER KNOB CERAMIC IVORY
23230,3186.42,7901,238,WRAP ALPHABET DESIGN
22491,3173.43,3935,220,PACK OF 12 COLOURED PENCILS
23342,3167.91,372,164,MINT DINER WALL CLOCK
21115,3162.24,562,162,ROSE CARAVAN DOORSTOP
21868,3160.34,2392,312,POTTING SHED TEA MUG
22430,3142.34,597,202,ENAMEL WATERING CAN CREAM
23323,3140.48,1466,297,WHITE WICKER STAR
84968A,3137.13,262,104,SET OF 16 VINTAGE ROSE CUTLERY
23393,3129.16,780,235,HOME SWEET HOME CUSHION COVER
21561,3122.2799999999997,1279,215,DINOSAUR LUNCH BOX WITH CUTLERY
22236,3115.6499999999996,263,99,CAKE STAND 3 TIER MAGIC GARDEN
23346,3104.84,2622,185,SPACEBOY BEAKER
22465,3099.39,2026,205,HANGING METAL STAR LANTERN
21381,3088.99,1786,226,MINI WOODEN HAPPY BIRTHDAY GARLAND
20754,3086.76,1456,305,RETROSPOT RED WASHING UP GLOVES
21240,3079.92,3534,330,BLUE POLKADOT CUP
21135,3077.2799999999997,2573,180,VICTORIAN  METAL POSTCARD SPRING
20828,3074.7799999999997,1128,241,GLITTER BUTTERFLY CLIPS
22604,3039.66,1251,125,SET OF 4 NAPKIN CHARMS CUTLERY
23329,3033.24,1764,234,DECORATIVE WICKER HEART LARGE
22894,3027.3799999999997,305,122,TABLECLOTH RED APPLES DESIGN
23461,3024.61,843,95,SWEETHEART BIRD HOUSE
23390,3021.44,746,164,DOLLY GIRL MINI BACKPACK
22592,3013.62,656,137,CARDHOLDER HOLLY WREATH METAL
22972,3011.5399999999995,1761,237,CHILDREN'S SPACEBOY MUG
23231,3008.34,7277,260,WRAP DOILEY DESIGN
85184C,2997.42,1654,195,S/4 VALENTINE DECOUPAGE HEART BOX
21714,2985.65,1631,230,CITRONELLA CANDLE GARDEN POT
21201,2985.27,1239,102,TROPICAL  HONEYCOMB PAPER GARLAND
22644,2973.92,2205,280,CERAMIC CHERRY CAKE MONEY BANK
22331,2971.8399999999997,1838,185,WOODLAND PARTY BAG + STICKER SET
16161P,2969.92,7176,249,WRAP ENGLISH ROSE
23242,2968.4700000000003,1443,217,TREASURE TIN BUFFALO BILL
22906,2946.22,1732,252,12 MESSAGE CARDS WITH ENVELOPES
21918,2943.5299999999997,7183,372,SET 12 KIDS COLOUR  CHALK STICKS
21625,2939.51,407,169,VINTAGE UNION JACK APRON
21411,2936.33,779,242,GINGHAM HEART  DOORSTOP RED
22778,2923.7,744,161,GLASS CLOCHE SMALL
22078,2923.21,1369,192,RIBBON REEL LACE DESIGN
85174,2912.93,610,160,S/4 CACTI CANDLES
22360,2910.82,906,230,GLASS JAR ENGLISH CONFECTIONERY
22777,2909.88,347,62,GLASS BELL JAR LARGE
21810,2908.0899999999997,5781,254,CHRISTMAS HANGING STAR WITH BELL
22892,2906.41,2376,216,SET OF SALT AND PEPPER TOADSTOOLS
23211,2900.57,2305,161,RED ROCKING HORSE HAND PAINTED
47559B,2890.05,2150,317,TEA TIME OVEN GLOVE
21112,2885.13,1359,82,"SWISS ROLL TOWEL, PINK  SPOTS"
22656,2885.0,20,26,VINTAGE BLUE KITCHEN CABINET
22810,2881.98,890,167,SET OF 6 T-LIGHTS SNOWMEN
23290,2877.8500000000004,2420,216,SPACEBOY CHILDRENS BOWL
23345,2877.5,2444,176,DOLLY GIRL BEAKER
21313,2870.1499999999996,3290,224,GLASS HEART T-LIGHT HOLDER
22354,2857.59,749,84,RETROSPOT PADDED SEAT CUSHION
21990,2855.0,1660,367,MODERN FLORAL STATIONERY SET
21976,2853.9500000000003,5170,395,PACK OF 60 MUSHROOM CAKE CASES
22774,2851.94,2238,143,RED DRAWER KNOB ACRYLIC EDWARDIAN
23504,2848.89,1927,208,PLAYING CARDS JUBILEE UNION JACK
23427,2837.68,235,116,STOOL HOME SWEET HOME
22843,2837.02,440,134,BISCUIT TIN VINTAGE GREEN
22965,2830.8100000000004,1333,241,3 TRADITIONAL COOKIE CUTTERS  SET
23196,2823.39,1859,301,RETRO LEAVES MAGNETIC NOTEPAD
22426,2810.21,730,212,ENAMEL WASH BOWL CREAM
22945,2808.3399999999997,2733,177,CHRISTMAS METAL TAGS ASSORTED
21563,2803.13,1395,159,RED HEART SHAPE LOVE BUCKET
22476,2799.61,872,126,EMPIRE UNION JACK TV DINNER TRAY
35004B,2798.01,547,119,SET OF 3 BLACK FLYING DUCKS
23212,2785.89,2236,189,HEART WREATH DECORATION WITH BELL
21109,2763.2,936,112,"LARGE CAKE TOWEL, CHOCOLATE SPOTS"
23190,2758.5999999999995,1700,204,BUNDLE OF 3 SCHOOL EXERCISE BOOKS
22224,2752.26,830,166,WHITE LOVEBIRD LANTERN
22794,2745.15,321,186,SWEETHEART WIRE MAGAZINE RACK
22823,2745.0,24,13,CHEST NATURAL WOOD 20 DRAWERS
23341,2741.35,307,121,PINK DINER WALL CLOCK
22072,2739.92,829,171,RED RETROSPOT TEA CUP AND SAUCER
22773,2739.4,2075,191,GREEN DRAWER KNOB ACRYLIC EDWARDIAN
23100,2738.13,2165,258,SILVER BELLS TABLE DECORATION
22380,2737.76,1275,291,TOY TIDY SPACEBOY
23396,2735.5299999999997,650,197,BUTTERFLY CUSHION COVER
23147,2730.45,1853,267,SINGLE ANTIQUE ROSE HOOK IVORY
22196,2730.0299999999997,2818,476,SMALL HEART MEASURING SPOONS
21985,2729.5099999999998,8775,427,PACK OF 12 HEARTS DESIGN TISSUES
23266,2728.82,2041,320,SET OF 3 WOODEN STOCKING DECORATION
21499,2726.84,6702,219,BLUE POLKADOT WRAP
23164,2713.7000000000003,577,93,REGENCY CAKE SLICE
47599B,2713.12,1428,120,BLUE PARTY BAGS
22925,2709.8700000000003,441,187,BLUE GIANT GARDEN THERMOMETER
23489,2709.23,913,159,"GARLAND, VINTAGE BELLS"
84832,2702.5,2921,269,ZINC WILLIE WINKIE  CANDLE STICK
22974,2696.6899999999996,1578,211,CHILDRENS DOLLY GIRL MUG
22283,2694.63,295,157,6 EGG HOUSE PAINTED WOOD
23264,2689.56,1962,300,SET OF 3 WOODEN SLEIGH DECORATIONS
21239,2689.49,2995,309,PINK  POLKADOT CUP
22963,2687.13,3175,319,JAM JAR WITH GREEN LID
22702,2684.6499999999996,1363,49,BLACK AND WHITE CAT BOWL
23333,2680.45,2077,234,IVORY WICKER HEART MEDIUM
22660,2678.96,364,102,DOORMAT I LOVE LONDON
84568,2678.33,12442,147,GIRLS ALPHABET IRON ON PATCHES
23292,2677.08,2160,228,SPACE BOY CHILDRENS CUP
22278,2674.65,399,181,OVERNIGHT BAG VINTAGE ROSE PAISLEY
72807C,2669.8,592,172,SET/3 VANILLA SCENTED CANDLE IN BOX
21811,2663.68,4802,246,CHRISTMAS HANGING HEART WITH BELL
22433,2661.6499999999996,1391,230,WATERING CAN GREEN DINOSAUR
22691,2654.62,368,122,DOORMAT WELCOME SUNRISE
23407,2649.73,259,137,SET OF 2 TRAYS HOME SWEET HOME
22930,2645.2,1012,190,BAKING MOULD HEART MILK CHOCOLATE
22045,2641.84,6452,211,SPACEBOY GIFT WRAP
22329,2633.8399999999997,1586,241,ROUND CONTAINER SET OF 5 RETROSPOT
35961,2628.96,2985,245,FOLKART ZINC HEART CHRISTMAS DEC
22737,2628.15,1348,261,RIBBON REEL CHRISTMAS PRESENT
22927,2621.4100000000003,416,155,GREEN GIANT GARDEN THERMOMETER
22582,2618.75,1049,103,PACK OF 6 SWEETIE GIFT BOXES
22797,2614.06,149,101,CHEST OF DRAWERS GINGHAM HEART
22792,2612.73,2773,207,FLUTED ANTIQUE CANDLE HOLDER
22830,2610.29,131,6,UTILTY CABINET WITH HOOKS
21012,2607.75,1166,200,ANTIQUE ALL GLASS CANDLESTICK
22241,2604.62,1948,242,GARLAND WOODEN HAPPY EASTER
22833,2603.5299999999997,76,5,HALL CABINET WITH 3 DRAWERS
23054,2596.68,294,131,RECYCLED ACAPULCO MAT LAVENDER
22564,2593.1,2260,188,ALPHABET STENCIL CRAFT
21500,2593.0,6350,213,PINK POLKADOT WRAP
22175,2588.3300000000004,875,173,PINK OWL SOFT TOY
22902,2582.88,1264,138,TOTE BAG I LOVE LONDON
22610,2571.4,9572,216,PENS ASSORTED FUNNY FACE
22700,2570.88,1174,56,BLACK AND WHITE DOG BOWL
22822,2570.85,431,160,CREAM WALL PLANTER HEART SHAPED
72351A,2561.02,1279,165,SET/6 TURQUOISE BUTTERFLY T-LIGHTS
22130,2560.1,2132,112,PARTY CONE CHRISTMAS DECORATION
22805,2559.78,1877,197,BLUE DRAWER KNOB ACRYLIC EDWARDIAN
84596B,2558.27,5014,528,SMALL DOLLY MIX DESIGN ORANGE BOWL
22361,2557.33,715,274,GLASS JAR DAISY FRESH COTTON WOOL
22762,2541.13,153,119,CUPBOARD 3 DRAWER MA CAMPAGNE
21078,2531.04,2769,313,SET/20 STRAWBERRY PAPER NAPKINS
22937,2530.0899999999997,959,162,BAKING MOULD CHOCOLATE CUPCAKES
22358,2527.6200000000003,690,259,KINGS CHOICE TEA CADDY
23681,2525.04,1576,132,LUNCH BAG RED VINTAGE DOILY
20829,2517.69,1194,200,GLITTER HANGING BUTTERFLY STRING
21556,2512.97,976,115,CERAMIC STRAWBERRY MONEY BOX
22670,2510.5,1877,303,FRENCH WC SIGN BLUE METAL
23424,2504.67,461,136,GINGHAM RECIPE BOOK BOX
85178,2499.73,2229,145,VICTORIAN SEWING KIT
21107,2492.71,901,97,CREAM SLICE FLANNEL PINK SPOT
23316,2491.69,249,111,RED REFECTORY CLOCK
22064,2490.1499999999996,1693,255,PINK DOUGHNUT TRINKET POT
22672,2484.8199999999997,1460,222,FRENCH BATHROOM SIGN BLUE METAL
23146,2481.16,748,249,TRIPLE HOOK ANTIQUE IVORY ROSE
23367,2480.8,3262,283,SET 12 COLOUR PENCILS SPACEBOY
22075,2469.23,1761,201,6 RIBBONS ELEGANT CHRISTMAS
21452,2468.9100000000003,789,196,TOADSTOOL MONEY BOX
21903,2462.8300000000004,1147,182,MAN FLU METAL SIGN
22215,2454.39,341,103,CAKE STAND WHITE TWO TIER LACE
21730,2445.83,503,139,GLASS STAR FROSTED T-LIGHT HOLDER
23352,2444.2,1788,213,ROLL WRAP 50'S RED CHRISTMAS
22573,2423.0,2684,221,STAR WOODEN CHRISTMAS DECORATION
85062,2422.8999999999996,1458,161,PEARL CRYSTAL PUMPKIN T-LIGHT HLDR
22807,2417.73,818,195,SET OF 6 T-LIGHTS TOADSTOOLS
22811,2416.34,880,109,SET OF 6 T-LIGHTS CACTI
22374,2410.52,542,226,AIRLINE BAG VINTAGE JET SET RED
21328,2410.43,1337,346,BALLOONS  WRITING SET
22437,2408.74,2818,227,SET OF 9 BLACK SKULL BALLOONS
23406,2403.9100000000003,453,113,HOME SWEET HOME KEY HOLDER
23400,2396.84,459,108,SHELF WITH 4 HOOKS HOME SWEET HOME
21875,2394.38,2027,153,KINGS CHOICE MUG
84796B,2393.5899999999997,256,124,BLUE SAVANNAH PICNIC HAMPER FOR 2
22743,2390.84,924,207,MAKE YOUR OWN FLOWERPOWER CARD KIT
23265,2386.04,1754,295,SET OF 3 WOODEN TREE DECORATIONS
84969,2381.02,556,212,BOX OF 6 ASSORTED COLOUR TEASPOONS
21781,2378.65,147,109,MA CAMPAGNE CUTLERY BOX
20978,2375.05,1779,264,36 PENCILS TUBE SKULLS
23498,2372.68,1640,99,CLASSIC BICYCLE CLIPS
23437,2371.13,1937,132,50'S CHRISTMAS GIFT BAG LARGE
22440,2370.84,6000,155,BALLOON WATER BOMB PACK OF 35
20983,2368.8599999999997,2730,271,12 PENCILS TALL TUBE RED RETROSPOT
22282,2365.77,148,100,12 EGG HOUSE PAINTED WOOD
23028,2365.58,1362,140,DRAWER KNOB CRACKLE GLAZE BLUE
22990,2363.73,507,175,COTTON APRON PANTRY DESIGN
22851,2357.5899999999997,2728,352,SET 20 NAPKINS FAIRY CAKES DESIGN
22548,2348.94,1975,209,HEADS AND TAILS SPORTING FUN
23436,2348.64,1964,116,GIFT BAG LARGE VINTAGE CHRISTMAS
21495,2345.5,5775,166,SKULLS AND CROSSBONES WRAP
22167,2341.37,231,159,OVAL WALL MIRROR DIAMANTE
23412,2339.8,356,77,HEART MIRROR ANTIQUE WHITE
23401,2336.12,456,86,RUSTIC MIRROR WITH LACE HEART
37500,2335.83,377,116,TEA TIME TEAPOT IN GIFT BOX
16156S,2331.0,5800,167,WRAP PINK FAIRY CAKES
22939,2323.37,455,127,APRON APPLE DELIGHT
22425,2316.42,454,169,ENAMEL COLANDER CREAM
23371,2304.78,1705,185,SET 36 COLOUR PENCILS SPACEBOY
21700,2304.3399999999997,1690,199,BIG DOUGHNUT FRIDGE MAGNETS
22483,2299.9900000000002,769,170,RED GINGHAM TEDDY BEAR
84950,2290.9300000000003,3609,124,ASSORTED COLOUR T-LIGHT HOLDER
84032B,2288.09,870,259,CHARLIE + LOLA RED HOT WATER BOTTLE
22441,2286.61,1044,222,GROW YOUR OWN BASIL IN ENAMEL MUG
23360,2286.4,1182,114,SET 8 CANDLES VINTAGE DOILEY
23330,2279.47,1788,217,DECORATIVE WICKER HEART MEDIUM
22736,2275.65,1209,225,RIBBON REEL MAKING SNOWMEN
23197,2267.25,1453,256,SKETCHBOOK MAGNETIC SHOPPING LIST
21896,2263.04,975,113,POTTING SHED TWINE
85049G,2258.11,1707,311,CHOCOLATE BOX RIBBONS
23029,2257.72,1324,164,DRAWER KNOB CRACKLE GLAZE GREEN
22933,2248.1200000000003,784,124,BAKING MOULD EASTER EGG MILK CHOC
21813,2245.82,542,114,GARLAND WITH STARS AND BELLS
22030,2237.89,5527,274,SWALLOWS GREETING CARD
85175,2237.74,5223,147,CACTI T-LIGHT CANDLES
23326,2237.08,3442,76,HANGING MINI COLOURED BOTTLES
22914,2236.46,462,158,BLUE COAT RACK PARIS FASHION
22185,2235.9399999999996,1472,162,SLATE TILE NATURAL HANGING
20977,2234.89,1664,189,36 PENCILS TUBE WOODLAND
21989,2233.1,2409,335,PACK OF 20 SKULL PAPER NAPKINS
23093,2231.77,936,144,SMALL PARISIENNE HEART PHOTO FRAME
23048,2231.42,544,104,SET OF 10 LANTERNS FAIRY LIGHT STAR
23128,2224.01,441,141,FELTCRAFT BOY JEAN-PAUL KIT
23501,2217.87,1821,112,KEY RING BASEBALL BOOT UNION JACK
22601,2216.43,2475,203,CHRISTMAS RETROSPOT ANGEL WOOD
21982,2215.22,7172,360,PACK OF 12 SUKI TISSUES
22478,2210.62,1537,140,BIRDHOUSE GARDEN MARKER
23438,2209.92,1809,109,RED SPOT GIFT BAG LARGE
22829,2207.5299999999997,217,111,SWEETHEART WIRE WALL TIDY
21471,2205.59,635,166,STRAWBERRY RAFFIA FOOD COVER
10135,2203.64,2228,176,COLOURING PENCILS BROWN TUBE
23064,2203.51,150,33,CINDERELLA CHANDELIER
21794,2201.57,519,108,CLASSIC FRENCH STYLE BASKET NATURAL
21735,2194.5,179,96,TWO DOOR CURIO CABINET
21900,2193.92,3223,374,"KEY FOB , SHED"
23403,2192.86,622,137,LETTER HOLDER HOME SWEET HOME
46000S,2192.4,1512,188,POLYESTER FILLER PAD 40X40CM
22983,2187.8,5109,446,CARD BILLBOARD FONT
85038,2171.26,1061,142,6 CHOCOLATE LOVE HEART T-LIGHTS
21042,2165.1200000000003,328,136,RED RETROSPOT APRON
22732,2162.75,1645,188,3D VINTAGE CHRISTMAS STICKERS
21878,2161.15,2510,226,PACK OF 6 SANDCASTLE FLAGS ASSORTED
21249,2160.0,724,119,WOODLAND  HEIGHT CHART STICKERS
22121,2153.75,351,134,NOEL WOODEN BLOCK LETTERS
22377,2153.08,1321,209,BOTTLE BAG RETROSPOT
11001,2152.39,1430,118,ASSTD DESIGN RACING CAR PEN
23370,2150.35,1549,152,SET 36 COLOUR PENCILS DOILEY
21592,2149.07,2149,216,RETROSPOT CIGAR BOX MATCHES
72349B,2145.2000000000003,888,196,SET/6 PURPLE BUTTERFLY T-LIGHTS
82581,2144.73,3862,410,TOILET METAL SIGN
23445,2144.64,2648,102,ICE CREAM BUBBLES
37448,2139.58,1406,199,CERAMIC CAKE DESIGN SPOTTED MUG
23252,2137.86,570,145,VINTAGE RED ENAMEL TRIM JUG
22704,2137.26,5203,176,WRAP RED APPLES
40016,2136.34,5556,97,CHINESE DRAGON PAPER LANTERNS
23161,2130.3,1703,99,REGENCY CAKE FORK
23066,2129.56,258,86,SMALL DECO JEWELLERY STAND
23302,2127.18,1500,235,KNEELING MAT HOUSEWORK  DESIGN
22763,2126.5699999999997,201,111,KEY CABINET MA CAMPAGNE
23005,2126.13,4732,242,TRAVEL CARD WALLET I LOVE LONDON
84356,2124.15,424,82,POMPOM CURTAIN
23213,2123.42,1670,153,STAR WREATH DECORATION WITH BELL
23031,2119.2999999999997,1258,164,DRAWER KNOB CRACKLE GLAZE PINK
23020,2118.19,174,82,GLASS  SONGBIRD STORAGE JAR
72802C,2116.67,891,110,VANILLA SCENT CANDLE JEWELLED BOX
22498,2116.04,333,150,WOODEN REGATTA BUNTING
21718,2112.14,1492,230,RED METAL BEACH SPADE
23046,2111.4900000000002,349,36,PAPER LANTERN 9 POINT DELUXE STAR
22571,2105.31,2325,257,ROCKING HORSE RED CHRISTMAS
23079,2100.1499999999996,237,113,TOADSTOOL BEDSIDE LIGHT
22973,2099.7099999999996,1233,149,CHILDREN'S CIRCUS PARADE MUG
22357,2098.54,450,188,KINGS CHOICE BISCUIT TIN
22733,2095.08,1583,197,3D TRADITIONAL CHRISTMAS STICKERS
23233,2095.0,5150,159,WRAP POPPIES  DESIGN
21609,2086.69,763,76,SET 12 LAVENDER  BOTANICAL T-LIGHTS
22996,2084.0099999999998,4775,412,TRAVEL CARD WALLET VINTAGE TICKET
21980,2082.8999999999996,6553,300,PACK OF 12 RED RETROSPOT TISSUES
21506,2080.85,4910,324,"FANCY FONT BIRTHDAY CARD,"
22107,2076.81,571,183,PIZZA PLATE IN BOX
22831,2070.9,706,121,WHITE BROCANTE SOAP DISH
22747,2068.25,948,228,POPPY'S PLAYHOUSE BATHROOM
23227,2062.56,1636,119,FILIGREE HEART BUTTERFLY WHITE
22574,2061.35,2141,223,HEART WOODEN CHRISTMAS DECORATION
22744,2061.25,859,174,MAKE YOUR OWN MONSOON CARD KIT
22128,2057.53,1706,79,PARTY CONES CANDY ASSORTED
23152,2054.4,547,162,IVORY SWEETHEART WIRE LETTER RACK
22955,2053.3500000000004,1040,134,36 FOIL STAR CAKE CASES
23291,2046.53,1624,198,DOLLY GIRL CHILDRENS CUP
22059,2045.78,1756,181,CERAMIC STRAWBERRY DESIGN MUG
22055,2045.4399999999998,1352,227,MINI CAKE STAND  HANGING STRAWBERY
20751,2039.42,970,199,FUNKY WASHING UP GLOVES ASSORTED
47504K,2039.18,2006,213,ENGLISH ROSE GARDEN SECATEURS
23500,2038.33,1626,98,KEY RING BASEBALL BOOT ASSORTED
22803,2038.0900000000001,54,31,IVORY EMBROIDERED QUILT
23251,2033.25,1654,125,VINTAGE RED ENAMEL TRIM MUG
22863,2032.38,706,112,SOAP DISH BROCANTE
22156,2024.9199999999998,2091,269,HEART DECORATION WITH PEARLS
22414,2022.19,277,97,DOORMAT NEIGHBOURHOOD WITCH
23490,2021.52,539,102,T-LIGHT HOLDER HANGING LOVE BIRD
37450,2021.3400000000001,678,146,CERAMIC CAKE BOWL + HANGING CAKES
22115,2020.91,1549,228,METAL SIGN EMPIRE TEA
22070,2017.86,652,121,SMALL RED RETROSPOT MUG IN BOX
23529,2011.9900000000002,637,37,DOLLY GIRL WALL ART
20674,2008.73,1557,206,GREEN POLKADOT BOWL
23268,2000.74,1435,90,SET OF 2 CERAMIC CHRISTMAS REINDEER
23274,2000.0499999999997,1177,122,STAR T-LIGHT HOLDER WILLIE WINKIE
21864,1999.69,808,185,UNION JACK FLAG PASSPORT COVER
23289,1998.7,1610,195,DOLLY GIRL CHILDRENS BOWL
23315,1996.44,201,87,IVORY REFECTORY CLOCK
22602,1989.87,2175,275,CHRISTMAS RETROSPOT HEART WOOD
22080,1986.98,1196,156,RIBBON REEL POLKADOTS
23357,1982.0500000000002,450,102,HOT WATER BOTTLE SEX BOMB
22593,1981.9599999999998,2119,199,CHRISTMAS GINGHAM STAR
22891,1980.68,390,186,TEA FOR ONE POLKADOT
84596F,1976.26,3732,448,SMALL MARSHMALLOWS PINK BOWL
22788,1969.16,214,64,BROCANTE COAT RACK
23145,1969.0299999999997,2073,171,ZINC T-LIGHT HOLDER STAR LARGE
23068,1966.93,809,136,ALUMINIUM STAMPED HEART
22477,1966.65,1363,128,WATERING CAN GARDEN MARKER
21916,1963.4099999999999,4575,360,SET 12 RETRO WHITE CHALK STICKS
22931,1963.3,813,129,BAKING MOULD HEART WHITE CHOCOLATE
22928,1958.0500000000002,282,119,YELLOW GIANT GARDEN THERMOMETER
84880,1957.64,303,78,WHITE WIRE EGG HOLDER
15039,1956.54,2064,148,SANDALWOOD FAN
22897,1952.2,1308,216,OVEN MITT APPLES DESIGN
22859,1950.2699999999998,1171,164,EASTER TIN BUNNY BOUQUET
23374,1949.7099999999998,2440,134,RED SPOT PAPER GIFT BAG
20992,1944.6299999999999,4425,277,JAZZ HEARTS PURSE NOTEBOOK
51014A,1938.86,3770,240,"FEATHER PEN,HOT PINK"
84031A,1937.54,411,166,CHARLIE+LOLA RED HOT WATER BOTTLE
22639,1935.1599999999999,805,148,SET OF 4 NAPKIN CHARMS HEARTS
84968F,1931.1699999999998,178,66,SET OF 16 VINTAGE SKY BLUE CUTLERY
21591,1928.6399999999999,1320,148,COSY HOUR CIGAR BOX MATCHES
22412,1927.65,909,148,METAL SIGN NEIGHBOURHOOD WITCH
22101,1926.81,1114,70,MIRROR MOSAIC VOTIVE HOLDER
21192,1923.2899999999997,1092,88,WHITE BELL HONEYCOMB PAPER
20963,1911.17,1336,229,APPLE BATH SPONGE
23235,1910.2,722,112,STORAGE TIN VINTAGE LEAF
22183,1907.0600000000002,320,131,CAKE STAND VICTORIAN FILIGREE MED
22579,1906.4199999999998,5071,339,WOODEN TREE CHRISTMAS SCANDINAVIAN
22594,1904.9199999999998,2005,197,CHRISTMAS GINGHAM TREE
22824,1902.3000000000002,54,44,3 TIER SWEETHEART GARDEN SHELF
23094,1899.92,150,81,LE GRAND TRAY CHIC SET
21622,1893.54,362,110,VINTAGE UNION JACK CUSHION COVER
22199,1892.59,459,169,FRYING PAN RED RETROSPOT
23491,1889.51,227,79,VINTAGE JINGLE BELLS HEART
22959,1888.42,4601,145,WRAP CHRISTMAS VILLAGE
37446,1887.24,1285,195,MINI CAKE STAND WITH HANGING CAKES
22509,1885.34,193,88,SEWING BOX RETROSPOT DESIGN
23358,1882.44,556,91,HOT STUFF HOT WATER BOTTLE
23394,1877.65,435,150,POSTE FRANCE CUSHION COVER
20982,1877.27,2147,259,12 PENCILS TALL TUBE SKULLS
23434,1876.27,2085,200,3 RAFFIA RIBBONS 50'S CHRISTMAS
85061W,1876.1999999999998,2139,164,WHITE JEWELLED HEART DECORATION
22312,1873.7900000000002,619,133,OFFICE MUG WARMER POLKADOT
72807A,1873.6399999999999,392,117,SET/3 ROSE CANDLE IN JEWELLED BOX
22291,1871.2199999999998,1265,121,HANGING CHICK CREAM DECORATION
22534,1870.28,4494,262,MAGIC DRAWING SLATE SPACEBOY
22935,1868.82,618,66,BAKING MOULD ROSE MILK CHOCOLATE
23359,1866.4599999999998,990,79,SET OF 12 T-LIGHTS VINTAGE DOILEY
22186,1865.33,795,153,RED STAR CARD HOLDER
70006,1863.98,2702,120,LOVE HEART POCKET WARMER
21988,1862.75,2321,193,PACK OF 6 SKULL PAPER PLATES
23090,1862.56,2228,150,VINTAGE GLASS T-LIGHT HOLDER
15058B,1847.9199999999998,223,99,PINK POLKADOT GARDEN PARASOL
21068,1844.67,1596,201,VINTAGE BILLBOARD LOVE/HATE MUG
22858,1844.2799999999997,1116,139,EASTER TIN KEEPSAKE
21557,1843.6100000000001,551,162,SET OF 6 FUNKY BEAKERS
72807B,1842.62,396,115,SET/3 OCEAN SCENT CANDLE JEWEL BOX
23525,1841.3200000000002,576,54,BUFFALO BILL WALL ART
23378,1840.08,3997,176,PACK OF 12 50'S CHRISTMAS TISSUES
16169E,1839.96,4438,151,WRAP 50'S  CHRISTMAS
22944,1837.71,3362,113,CHRISTMAS METAL POSTCARD WITH BELLS
22651,1837.4699999999998,2166,170,GENTLEMAN SHIRT REPAIR KIT
22428,1833.91,243,116,ENAMEL FIRE BUCKET CREAM
15060B,1828.67,453,135,FAIRY CAKE DESIGN UMBRELLA
21564,1823.5700000000002,1039,126,PINK  HEART SHAPE LOVE BUCKET
22223,1821.6100000000001,441,78,CAKE PLATE LOVEBIRD PINK
23075,1819.2,438,86,DOUBLE CERAMIC PARLOUR HOOK
21870,1818.96,1381,166,I CAN ONLY PLEASE ONE PERSON MUG
22364,1818.8700000000001,549,178,GLASS JAR DIGESTIVE BISCUITS
21534,1814.8300000000002,357,163,DAIRY MAID LARGE MILK JUG
15044D,1814.26,642,86,RED PAPER PARASOL
22027,1811.79,4200,365,TEA PARTY BIRTHDAY CARD
22712,1811.7,4410,315,CARD DOLLY GIRL
23228,1810.24,1348,126,FILIGREE HEART BIRD WHITE
23148,1805.5199999999998,2126,254,MINIATURE ANTIQUE ROSE HOOK IVORY
22198,1801.56,982,101,LARGE POPCORN HOLDER
22200,1794.48,394,141,FRYING PAN PINK POLKADOT
21245,1787.1999999999998,1075,128,GREEN POLKADOT PLATE
23160,1786.98,1444,78,REGENCY TEA SPOON
21713,1785.39,770,162,CITRONELLA CANDLE FLOWERPOT
23317,1777.46,173,82,BLUE REFECTORY CLOCK
23155,1775.06,2052,149,KNICKERBOCKERGLORY MAGNET ASSORTED
47570B,1769.25,187,33,TEA TIME TABLE CLOTH
85035C,1769.13,1138,131,ROSE 3 WICK MORRIS BOX CANDLE
21114,1765.58,1331,139,LAVENDER SCENTED FABRIC HEART
21034,1764.1499999999999,1857,874,REX CASH+CARRY JUMBO SHOPPER
22562,1763.3700000000001,1413,211,MONSTERS STENCIL CRAFT
84510A,1759.55,1248,280,SET OF 4 ENGLISH ROSE COASTERS
22452,1757.3600000000001,721,145,MEASURING TAPE BABUSHKA PINK
22536,1756.13,4621,158,MAGIC DRAWING SLATE PURDEY
22710,1753.42,4451,106,WRAP I LOVE LONDON
22314,1753.2200000000003,568,134,OFFICE MUG WARMER CHOC+BLUE
21832,1748.85,929,199,CHOCOLATE CALCULATOR
21056,1747.5,182,74,DOCTOR'S BAG SOFT TOY
23399,1745.55,1914,225,HOME SWEET HOME HANGING HEART
21584,1741.7,1058,147,RETROSPOT SMALL TUBE MATCHES
23101,1739.6299999999999,2031,213,SILVER STARS TABLE DECORATION
22932,1738.0800000000002,764,74,BAKING MOULD TOFFEE CUP CHOCOLATE
23096,1736.6899999999998,1033,146,PETIT TRAY CHIC
22852,1736.6299999999999,385,127,DOG BOWL VINTAGE CREAM
21873,1734.23,1527,120,IF YOU CAN'T STAND THE HEAT MUG
23372,1730.29,1373,148,SET 36 COLOUR PENCILS DOLLY GIRL
21899,1730.02,2636,282,"KEY FOB , GARAGE DESIGN"
22588,1729.4499999999998,489,178,CARD HOLDER GINGHAM HEART
22119,1727.92,344,107,PEACE WOODEN BLOCK LETTERS
85034C,1727.0,1109,163,3 ROSE MORRIS BOXED CANDLES
20981,1724.4199999999998,1955,253,12 PENCILS TALL TUBE WOODLAND
21329,1723.6899999999998,941,287,DINOSAURS  WRITING SET
23122,1723.6,2248,135,PARTY CHARMS 50 PIECES
84968D,1723.6,159,59,SET OF 16 VINTAGE RED CUTLERY
84968E,1722.74,140,50,SET OF 16 VINTAGE BLACK CUTLERY
85015,1718.5400000000002,2180,143,SET OF 12  VINTAGE POSTCARD SET
35004C,1717.5,358,47,SET OF 3 COLOURED  FLYING DUCKS
23244,1717.03,927,117,ROUND STORAGE TIN VINTAGE LEAF
21055,1710.9399999999998,172,106,TOOL BOX SOFT TOY
22227,1706.77,2339,291,HANGING HEART MIRROR DECORATION
22832,1706.57,155,81,BROCANTE SHELF WITH HOOKS
22986,1701.6,4080,156,GINGHAM ROSE WRAP
23181,1700.57,197,86,BULL DOG BOTTLE TOP WALL CLOCK
22934,1698.6200000000001,586,79,BAKING MOULD EASTER EGG WHITE CHOC
22544,1696.86,4475,176,MINI JIGSAW SPACEBOY
21917,1696.47,4138,227,SET 12 KIDS  WHITE CHALK STICKS
22037,1695.32,3929,354,ROBOT BIRTHDAY CARD
23214,1695.04,789,103,JINGLE BELL HEART ANTIQUE GOLD
37340,1694.6899999999998,2541,137,MULTICOLOUR SPRING FLOWER MUG
23073,1694.0,142,62,GEORGIAN TRINKET BOX
22816,1691.76,3987,266,CARD MOTORBIKE SANTA
21586,1688.7,730,69,KINGS CHOICE GIANT TUBE MATCHES
21544,1687.6799999999998,1972,174,SKULLS  WATER TRANSFER TATTOOS
21207,1684.85,1067,132,SKULL AND CROSSBONES  GARLAND
85040A,1684.55,903,193,S/4 PINK FLOWER CANDLES IN BOWL
51008,1683.65,517,23,AFGHAN SLIPPER SOCK PAIR
20961,1682.93,1182,229,STRAWBERRY BATH SPONGE
16161U,1677.0,4050,135,WRAP SUKI AND FRIENDS
21812,1676.97,379,103,GARLAND WITH HEARTS AND BELLS
22674,1676.47,1333,189,FRENCH TOILET SIGN BLUE METAL
23368,1675.65,2373,234,SET 12 COLOUR PENCILS DOLLY GIRL
22419,1670.58,3332,273,LIPSTICK PEN RED
22335,1668.89,2380,225,HEART DECORATION PAINTED ZINC
23366,1667.95,2249,195,SET 12 COLOURING PENCILS DOILY
22076,1667.8799999999999,1259,225,6 RIBBONS EMPIRE
22479,1658.57,1139,98,DAISY GARDEN MARKER
84795B,1657.42,192,62,SUNSET CHECK HAMMOCK
22789,1655.07,843,139,T-LIGHT HOLDER SWEETHEART HANGING
22913,1653.3500000000001,348,114,RED COAT RACK PARIS FASHION
21578,1653.26,744,128,WOODLAND DESIGN  COTTON TOTE BAG
23505,1651.29,1200,115,PLAYING CARDS I LOVE LONDON
21111,1651.02,900,94,"SWISS ROLL TOWEL, CHOCOLATE  SPOTS"
85132A,1650.07,551,120,CHARLIE + LOLA BISCUITS TINS
21577,1649.1499999999999,713,177,SAVE THE PLANET COTTON TOTE BAG
21981,1648.57,5461,272,PACK OF 12 WOODLAND TISSUES
22220,1647.75,209,95,CAKE STAND LOVEBIRD 2 TIER WHITE
21845,1644.66,1854,90,DAIRY MAID STRIPE MUG
22526,1643.76,119,83,WHEELBARROW FOR CHILDREN
23273,1642.4499999999998,965,116,HEART T-LIGHT HOLDER WILLIE WINKIE
22161,1641.19,5059,341,HEART DECORATION RUSTIC HANGING
22332,1638.3999999999999,1008,152,SKULLS PARTY BAG + STICKER SET
23270,1637.62,1168,126,SET OF 2 CERAMIC PAINTED HEARTS
85034B,1637.07,946,121,3 WHITE CHOC MORRIS BOXED CANDLES
22853,1636.46,466,117,CAT BOWL VINTAGE CREAM
22154,1633.73,3738,165,ANGEL DECORATION 3 BUTTONS
15058A,1631.14,195,93,BLUE POLKADOT GARDEN PARASOL
23391,1628.17,389,87,I LOVE LONDON MINI BACKPACK
22375,1626.54,346,167,AIRLINE BAG VINTAGE JET SET BROWN
22975,1623.38,1203,187,SPACEBOY CHILDRENS EGG CUP
22799,1623.08,207,89,SWEETHEART WIRE FRUIT BOWL
22473,1623.04,503,112,TV DINNER TRAY VINTAGE PAISLEY
21706,1616.81,346,120,FOLDING UMBRELLA RED/WHITE POLKADOT
22445,1615.91,534,130,PENCIL CASE LIFE IS BEAUTIFUL
23217,1613.82,1309,97,LAUREL HEART ANTIQUE SILVER
23280,1612.5,2021,158,FOLDING BUTTERFLY MIRROR HOT PINK
23483,1610.12,1306,77,HANGING  BUTTERFLY T-LIGHT HOLDER
21206,1607.62,1288,110,STRAWBERRY HONEYCOMB  GARLAND
22671,1607.2499999999998,961,145,FRENCH LAUNDRY SIGN BLUE METAL
22292,1604.51,1136,112,HANGING CHICK  YELLOW DECORATION
35953,1603.6699999999998,3557,132,FOLKART STAR CHRISTMAS DECORATIONS
22305,1602.03,692,52,COFFEE MUG PINK PAISLEY DESIGN
21394,1595.1899999999998,3843,135,RED POLKADOT BEAKER
22095,1594.9,1634,145,LADS ONLY TISSUE BOX
22948,1593.09,1587,138,METAL DECORATION NAUGHTY CHILDREN
22475,1590.82,313,138,SKULL DESIGN TV DINNER TRAY
22166,1590.55,204,89,WALL MIRROR RECTANGLE DIAMANTE PINK
23348,1586.55,723,176,CHILDRENS TOY COOKING UTENSIL SET
21967,1582.1499999999999,5271,232,PACK OF 12 SKULL TISSUES
23369,1581.06,1105,126,SET 36 COLOUR PENCILS LOVE LONDON
46000M,1581.0,1020,138,POLYESTER FILLER PAD 45X45CM
22284,1575.62,914,133,HEN HOUSE DECORATION
21509,1572.28,3741,274,COWBOYS AND INDIANS BIRTHDAY CARD
85206A,1568.9299999999998,974,114,CREAM FELT EASTER EGG BASKET
22085,1566.99,548,97,PAPER CHAIN KIT SKULLS
22583,1565.3,571,113,PACK OF 6 HANDBAG GIFT BOXES
22676,1564.64,1144,201,FRENCH BLUE METAL DOOR SIGN 1
22449,1563.8500000000001,485,144,SILK PURSE BABUSHKA PINK
23287,1560.04,1828,200,RED VINTAGE SPOT BEAKER
22208,1559.8799999999999,1496,282,WOOD STAMP SET THANK YOU
21744,1557.65,529,127,SNOWFLAKE PORTABLE TABLE LIGHT
21913,1554.58,395,150,VINTAGE SEASIDE JIGSAW PUZZLES
22503,1548.27,80,37,CABIN BAG VINTAGE PAISLEY
20665,1546.2700000000002,461,156,RED RETROSPOT PURSE
21626,1541.8999999999999,772,104,VINTAGE UNION JACK PENNANT
21898,1541.11,493,25,POTTING SHED ROSE CANDLE
84971S,1539.6,1760,173,SMALL HEART FLOWERS HOOK
23226,1536.67,1199,99,FILIGREE HEART DAISY WHITE
10133,1535.4,2846,197,COLOURING PENCILS BROWN TUBE
22434,1535.31,775,126,BALLOON PUMP WITH 10 BALLOONS
23524,1535.13,475,64,HORSE & PONY WALL ART
21200,1531.1399999999999,1119,75,MULTICOLOUR HONEYCOMB PAPER GARLAND
22176,1530.9800000000002,510,117,BLUE OWL SOFT TOY
22828,1530.0,10,7,REGENCY MIRROR WITH SHUTTERS
22494,1522.27,1048,252,EMERGENCY FIRST AID TIN
22675,1521.41,1213,167,FRENCH KITCHEN SIGN BLUE METAL
20985,1521.16,1163,134,HEART CALCULATOR
22318,1520.9700000000003,455,144,FIVE HEART HANGING DECORATION
22600,1519.4299999999998,1670,196,CHRISTMAS RETROSPOT STAR WOOD
22731,1518.74,1158,144,3D CHRISTMAS STAMPS STICKERS
85049C,1518.15,1216,225,ROMANTIC PINKS RIBBONS
22472,1517.1100000000001,318,109,TV DINNER TRAY DOLLY GIRL
84884A,1515.68,338,105,ANT WHITE WIRE HEART SPIRAL
22982,1513.77,1130,214,PANTRY PASTRY BRUSH
22818,1510.08,3537,247,CARD CHRISTMAS VILLAGE
21069,1507.46,1248,87,VINTAGE BILLBOARD TEA MUG
22530,1506.38,3604,234,MAGIC DRAWING SLATE DOLLY GIRL
84828,1506.3600000000001,1075,183,JUNGLE POPSICLES ICE LOLLY HOLDERS
84279P,1505.71,361,133,CHERRY BLOSSOM  DECORATIVE FLASK
23528,1504.49,479,50,SPACEBOY WALL ART
22905,1502.2900000000002,581,110,CALENDAR IN SEASON DESIGN
20668,1501.4,12883,215,DISCO BALL CHRISTMAS DECORATION
22985,1500.44,3782,99,"WRAP, BILLBOARD FONTS DESIGN"
22474,1500.27,271,133,SPACEBOY TV DINNER TRAY
22471,1500.07,418,106,TV DINNER TRAY AIR HOSTESS
23271,1496.8899999999999,1731,104,CHRISTMAS TABLE CANDLE SILVER SPIKE
22285,1493.2499999999998,870,120,"DECORATION HEN ON NEST, HANGING"
23334,1491.75,2271,130,IVORY WICKER HEART SMALL
21327,1484.1299999999999,864,252,SKULLS WRITING SET
22398,1484.12,2491,252,MAGNETS PACK OF 4 SWALLOWS
84580,1482.43,389,165,MOUSE TOY WITH PINK T-SHIRT
23559,1482.41,649,124,WOODLAND BUNNIES LOLLY MAKERS
21447,1476.85,968,149,12 IVORY ROSE PEG PLACE SETTINGS
21619,1476.4,974,164,4 VANILLA BOTANICAL CANDLES
22203,1475.63,401,147,MILK PAN RED RETROSPOT
22802,1474.74,87,49,FAUX FUR CHOCOLATE THROW
23267,1471.95,1154,109,SET OF 4 SANTA PLACE SETTINGS
21528,1464.27,201,121,DAIRY MAID TRADITIONAL TEAPOT
23365,1463.0800000000002,1857,169,SET 12 COLOUR PENCILS LOVE LONDON
22770,1455.8799999999999,90,66,MIRROR CORNICE
21361,1454.96,102,71,LOVE LARGE WOOD LETTERS
85114C,1454.8799999999999,678,110,RED ENCHANTED FOREST PLACEMAT
22696,1452.55,729,151,WICKER WREATH LARGE
21191,1451.82,562,95,LARGE WHITE HONEYCOMB PAPER BELL
21470,1451.57,376,142,FLOWER VINE RAFFIA FOOD COVER
21352,1450.5100000000002,369,79,EUCALYPTUS & PINECONE  WREATH
22664,1447.65,701,165,TOY TIDY DOLLY GIRL DESIGN
37342,1443.33,1514,112,POLKADOT COFFEE CUP & SAUCER PINK
23034,1439.97,973,89,DRAWER KNOB CERAMIC BLACK
21792,1439.77,335,78,CLASSIC FRENCH STYLE BASKET GREEN
37495,1438.49,391,104,FAIRY CAKE BIRTHDAY CANDLE SET
21829,1438.06,6657,178,DINOSAUR KEYRINGS ASSORTED
21872,1437.26,1276,144,GLAMOROUS  MUG
15044A,1436.0700000000002,457,103,PINK PAPER PARASOL
22713,1434.0,3433,218,CARD I LOVE LONDON
23086,1431.43,1209,48,ZINC  STAR T-LIGHT HOLDER
21705,1430.57,1439,144,BAG 500G SWIRLY MARBLES
15058C,1429.82,240,72,ICE CREAM DESIGN GARDEN PARASOL
21620,1429.49,881,165,SET OF 4 ROSE BOTANICAL CANDLES
23392,1425.1100000000001,638,114,SPACEBOY ROCKET LOLLY MAKERS
85054,1422.23,583,118,FRENCH ENAMEL POT W LID
22458,1421.83,523,23,CAST IRON HOOK GARDEN FORK
21407,1416.86,289,139,BROWN CHECK CAT DOORSTOP
22531,1412.41,3382,200,MAGIC DRAWING SLATE CIRCUS PARADE
84031B,1411.4,283,144,CHARLIE LOLA BLUE HOT WATER BOTTLE
22714,1410.69,3475,226,CARD BIRTHDAY COWBOY
21507,1410.16,3296,264,"ELEPHANT, BIRTHDAY CARD,"
22576,1409.36,1532,174,SWALLOW WOODEN CHRISTMAS DECORATION
82567,1408.07,711,291,"AIRLINE LOUNGE,METAL SIGN"
84536A,1407.52,3120,346,ENGLISH ROSE NOTEBOOK A7 SIZE
22182,1405.73,369,124,CAKE STAND VICTORIAN FILIGREE SMALL
23104,1405.42,118,46,IVORY PANTRY HANGING LAMP
23527,1402.31,413,50,ANIMALS AND NATURE WALL ART
22949,1397.25,942,107,36 DOILIES DOLLY GIRL
23040,1394.03,253,41,PAPER LANTERN 9 POINT SNOW STAR
84813,1389.84,165,39,SET OF 4 DIAMOND NAPKIN RINGS
23470,1389.8,220,92,CARD HOLDER LOVE BIRD LARGE
23250,1389.23,1058,118,VINTAGE RED TRIM ENAMEL BOWL
22306,1387.15,1145,115,SILVER MUG BONE CHINA TREE OF LIFE
21424,1386.27,341,75,WOODLAND STORAGE BOX LARGE
22436,1385.51,2114,164,12 COLOURED PARTY BALLOONS
23119,1379.38,2246,153,PACK OF 6 LARGE FRUIT STRAWS
22735,1379.21,741,136,RIBBON REEL SOCKS AND MITTENS
22443,1375.8400000000001,162,92,GROW YOUR OWN HERBS SET OF 3
23376,1375.55,3015,156,PACK OF 12 VINTAGE CHRISTMAS TISSUE
22677,1375.32,990,190,FRENCH BLUE METAL DOOR SIGN 2
21519,1374.1,3263,249,GIN & TONIC DIET GREETING CARD
21071,1373.92,985,178,VINTAGE BILLBOARD DRINK ME MUG
22976,1372.76,1053,145,CIRCUS PARADE CHILDRENS EGG CUP
72802A,1371.82,326,69,ROSE SCENT CANDLE IN JEWELLED BOX
21382,1370.53,1135,129,SET/4 SPRING FLOWER DECORATION
22915,1368.62,3062,188,ASSORTED BOTTLE TOP  MAGNETS
23546,1365.0,3250,120,WRAP PAISLEY PARK
51014C,1363.6599999999999,2578,179,"FEATHER PEN,COAL BLACK"
22047,1363.0,3350,107,EMPIRE GIFT WRAP
22609,1361.26,5838,156,PENS ASSORTED SPACEBALL
22716,1360.91,3201,288,CARD CIRCUS PARADE
85227,1359.3999999999999,1477,223,SET OF 6 3D KIT CARDS FOR KIDS
84818,1359.36,1328,106,DANISH ROSE PHOTO FRAME
22591,1353.36,354,92,CARDHOLDER GINGHAM CHRISTMAS TREE
22304,1352.88,761,61,COFFEE MUG BLUE PAISLEY DESIGN
23000,1351.9,3130,282,TRAVEL CARD WALLET TRANSPORT
21123,1350.84,1119,155,SET/10 IVORY POLKADOT PARTY CANDLES
22754,1350.4699999999998,1951,266,SMALL RED BABUSHKA NOTEBOOK
22063,1349.75,577,125,CERAMIC BOWL WITH STRAWBERRY DESIGN
21615,1347.92,891,135,4 LAVENDER BOTANICAL DINNER CANDLES
22421,1346.26,2595,214,LIPSTICK PEN FUSCHIA
22911,1340.39,457,97,PAPER CHAIN KIT LONDON
23414,1338.9499999999998,137,65,ZINC BOX SIGN HOME
23469,1338.64,328,74,CARD HOLDER LOVE BIRD SMALL
23249,1338.3899999999999,787,88,VINTAGE RED ENAMEL TRIM PLATE
21987,1338.2,2100,173,PACK OF 6 SKULL PAPER CUPS
22293,1335.87,903,122,HANGING CHICK GREEN DECORATION
21439,1334.67,1022,131,BASKET OF TOADSTOOLS
21363,1334.64,229,131,HOME SMALL WOOD LETTERS
22917,1332.42,1925,241,HERB MARKER ROSEMARY
72802B,1331.24,574,88,OCEAN SCENT CANDLE IN JEWELLED BOX
23538,1329.54,331,32,WALL ART VINTAGE HEART
23061,1328.93,1012,118,VINTAGE EMBOSSED HEART
21246,1326.88,284,98,RED RETROSPOT BIG BOWL
85183B,1323.37,996,118,CHARLIE & LOLA WASTEPAPER BIN FLORA
21039,1323.09,511,92,RED RETROSPOT SHOPPING BAG
22299,1321.97,1327,83,PIG KEYRING WITH LIGHT & SOUND
21818,1320.41,2737,163,GLITTER CHRISTMAS HEART
22742,1317.67,637,102,MAKE YOUR OWN PLAYTIME CARD KIT
22399,1317.08,1128,101,MAGNETS PACK OF 4 CHILDHOOD MEMORY
22650,1316.35,848,145,CERAMIC PIRATE CHEST MONEY BANK
23221,1314.8999999999999,1478,148,REINDEER HEART DECORATION SILVER
23373,1313.3899999999999,1608,100,VINTAGE CHRISTMAS PAPER GIFT BAG
22912,1312.69,281,102,YELLOW COAT RACK PARIS FASHION
22920,1312.29,1896,244,HERB MARKER BASIL
21686,1311.69,34,21,MEDINA STAMPED METAL STOOL
90057,1311.3600000000001,1008,22,DIAMANTE RING ASSORTED IN BOX.
21179,1309.11,1928,267,NO JUNK MAIL METAL SIGN
21195,1308.56,693,80,PINK  HONEYCOMB PAPER BALL
23405,1306.53,251,71,HOME SWEET HOME 2 DRAWER CABINET
22916,1306.41,1893,238,HERB MARKER THYME
21624,1301.8100000000002,211,97,VINTAGE UNION JACK DOORSTOP
21627,1299.83,63,47,ELEPHANT CARNIVAL POUFFE
22028,1299.1,3030,263,PENNY FARTHING BIRTHDAY CARD
21793,1296.6100000000001,304,74,CLASSIC FRENCH STYLE BASKET BROWN
22310,1296.23,668,109,IVORY KNITTED MUG COSY
21866,1292.38,747,193,UNION JACK FLAG LUGGAGE TAG
85199S,1292.23,2636,262,SMALL HANGING IVORY/RED WOOD BIRD
21422,1291.6,1603,65,PORCELAIN ROSE SMALL
22073,1291.14,322,71,RED RETROSPOT STORAGE JAR
37447,1289.3899999999999,803,121,CERAMIC CAKE DESIGN SPOTTED PLATE
21616,1288.34,822,138,4 PEAR BOTANICAL DINNER CANDLES
22372,1285.24,278,148,AIRLINE BAG VINTAGE WORLD CHAMPION
21064,1281.2,296,101,BOOM BOX SPEAKER BOYS
22461,1280.13,216,66,SAVOY ART DECO CLOCK
22686,1278.38,969,160,FRENCH BLUE METAL DOOR SIGN NO
21408,1274.31,283,118,SPOTTY PINK DUCK DOORSTOP
47480,1274.1699999999998,746,86,HANGING PHOTO CLIP ROPE LADDER
21901,1272.04,1819,309,"KEY FOB , BACK DOOR"
21211,1270.07,883,103,SET OF 72 SKULL PAPER  DOILIES
21897,1268.1899999999998,405,3,POTTING SHED CANDLE CITRONELLA
22918,1267.5500000000002,1857,239,HERB MARKER PARSLEY
85114A,1266.91,698,71,BLACK ENCHANTED FOREST PLACEMAT
21090,1260.1499999999999,2377,220,SET/6 COLLAGE PAPER PLATES
23462,1256.94,62,58,ROCOCO WALL MIRROR WHITE
21902,1256.5200000000002,1953,212,"KEY FOB , FRONT  DOOR"
21820,1255.97,299,93,GLITTER HEART GARLAND WITH BELLS
22977,1251.36,949,136,DOLLY GIRL CHILDRENS EGG CUP
22999,1251.33,2891,224,TRAVEL CARD WALLET RETRO PETALS
85059,1250.61,403,130,FRENCH ENAMEL WATER BASIN
22439,1249.02,1830,200,6 ROCKET BALLOONS
22572,1244.6699999999998,1380,179,ROCKING HORSE GREEN CHRISTMAS
23511,1241.6100000000001,566,99,EMBROIDERED RIBBON REEL EMILY
22922,1239.6,1353,107,FRIDGE MAGNETS US DINER ASSORTED
23067,1236.66,294,78,HANGING ENGRAVED METAL HEART
22362,1232.0900000000001,375,140,GLASS JAR PEACOCK BATH SALTS
85132B,1230.78,538,84,CHARLIE AND LOLA TABLE TINS
47503A,1229.04,2698,165,ASS FLORAL PRINT MULTI SCREWDRIVER
23539,1227.95,247,41,WALL ART LOVES' SECRET
22129,1226.4199999999998,1188,100,PARTY CONES CANDY TREE DECORATION
22603,1224.33,1374,173,CHRISTMAS RETROSPOT TREE WOOD
22338,1221.64,4658,182,STAR DECORATION PAINTED ZINC
22074,1219.87,1390,200,6 RIBBONS SHIMMERING PINKS
22315,1218.93,916,172,200 RED + WHITE BENDY STRAWS
22597,1218.59,2787,188,CHRISTMAS MUSICAL ZINC HEART
82599,1217.73,508,141,FANNY'S REST STOPMETAL SIGN
23598,1215.53,427,47,PAPER BUNTING VINTAGE PARTY
23138,1214.11,867,83,SINGLE WIRE HOOK IVORY HEART
22613,1214.11,1528,146,PACK OF 20 SPACEBOY NAPKINS
22919,1214.0600000000002,1741,241,HERB MARKER MINT
22589,1212.82,379,79,CARDHOLDER GINGHAM STAR
71038,1212.25,233,49,WHITE HANGING BEADS CANDLE HOLDER
82578,1211.25,2046,306,KITCHEN METAL SIGN
72800E,1205.64,538,136,4 IVORY DINNER CANDLES SILVER FLOCK
22575,1204.52,630,91,METAL MERRY CHRISTMAS WREATH
22071,1203.8,443,91,SMALL WHITE RETROSPOT MUG IN BOX
72817,1202.27,1188,162,SET OF 2 CHRISTMAS DECOUPAGE CANDLE
22416,1202.12,862,77,SET OF 36 DOILIES SPACEBOY DESIGN
23142,1201.2700000000002,119,42,IVORY WIRE KITCHEN ORGANISER
21986,1197.73,4067,189,PACK OF 12 PINK POLKADOT TISSUES
22755,1187.96,1687,251,SMALL PURPLE BABUSHKA NOTEBOOK
23444,1185.0,78,80,NEXT DAY CARRIAGE
21070,1184.98,1106,107,VINTAGE BILLBOARD MUG
22453,1182.8400000000001,441,79,MEASURING TAPE BABUSHKA BLUE
84012,1181.99,1145,116,MAGIC SHEEP WOOL GROWING FROM PAPER
22711,1181.84,2852,105,WRAP CIRCUS PARADE
35924,1181.79,641,77,HANGING FAIRY CAKE DECORATION
21537,1179.21,277,68,RED RETROSPOT PUDDING BOWL
21262,1176.46,327,81,WHITE GOOSE FEATHER CHRISTMAS TREE
85039B,1174.6299999999999,806,172,S/4 IVORY MINI ROSE CANDLE IN BOWL
22921,1173.0700000000002,1704,210,HERB MARKER CHIVES
23026,1169.8400000000001,542,64,DRAWER KNOB VINTAGE GLASS STAR
21742,1167.58,194,91,LARGE ROUND WICKER PLATTER
22757,1166.49,1095,164,LARGE RED BABUSHKA NOTEBOOK
23418,1166.0,557,79,LAVENDER TOILETTE BOTTLE
84313C,1165.9099999999999,504,43,ORANGE TV TRAY TABLE
23515,1164.98,579,71,EMBROIDERED RIBBON REEL DAISY
23508,1162.6100000000001,2625,121,MINI PLAYING CARDS DOLLY GIRL
22334,1160.7099999999998,707,101,DINOSAUR PARTY BAG + STICKER SET
21065,1160.58,562,90,BOOM BOX SPEAKER GIRLS
22081,1160.0,634,139,RIBBON REEL FLORA + FAUNA
20984,1159.11,3761,171,12 PENCILS TALL TUBE POSY
23431,1157.9499999999998,1433,75,NATURAL HANGING QUILTED HEARTS
23507,1155.67,2882,119,MINI PLAYING CARDS BUFFALO BILL
21773,1154.17,1170,163,DECORATIVE ROSE BATHROOM BOTTLE
22442,1153.85,285,85,GROW YOUR OWN FLOWERS SET OF 3
23269,1152.98,779,94,SET OF 2 CERAMIC CHRISTMAS TREES
23566,1151.93,877,84,EGG CUP MILKMAID HEIDI
23523,1151.3100000000002,354,42,TREASURE AHOY WALL ART
21774,1151.15,1094,187,DECORATIVE CATS BATHROOM BOTTLE
22708,1149.5,2775,101,WRAP DOLLY GIRL
21846,1147.57,412,104,PINK DIAMANTE PEN IN GIFT BOX
23402,1147.28,296,68,HOME SWEEET HOME 3 PEG HANGER
85106,1142.31,649,20,CUT GLASS HEXAGON T-LIGHT HOLDER
22497,1140.9,224,100,SET OF 2 TINS VINTAGE BATHROOM
85039A,1140.78,743,192,SET/4 RED MINI ROSE CANDLE IN BOWL
20956,1140.27,817,103,PORCELAIN T-LIGHT HOLDERS ASSORTED
21043,1139.86,492,90,APRON MODERN VINTAGE COTTON
21947,1139.65,811,152,SET OF 6 HEART CHOPSTICKS
22678,1137.81,832,162,FRENCH BLUE METAL DOOR SIGN 3
22581,1135.58,1567,178,WOOD STOCKING CHRISTMAS SCANDISPOT
22446,1135.18,439,133,PIN CUSHION BABUSHKA PINK
21395,1135.1599999999999,2828,93,BLUE POLKADOT BEAKER
20801,1133.8,981,83,LARGE PINK GLASS SUNDAE DISH
22376,1133.2,252,122,AIRLINE BAG VINTAGE JET SET WHITE
84912B,1132.85,323,160,GREEN ROSE WASHBAG
23057,1132.52,340,51,GEMSTONE CHANDELIER T-LIGHT HOLDER
21628,1131.75,61,34,TRIANGULAR POUFFE VINTAGE
47585A,1129.44,264,83,PINK FAIRY CAKE CUSHION COVER
22539,1129.32,2918,136,MINI JIGSAW DOLLY GIRL
23506,1129.1200000000001,2723,146,MINI PLAYING CARDS SPACEBOY
85087,1127.04,338,126,CANDY SPOT CUSHION COVER
22680,1120.29,812,155,FRENCH BLUE METAL DOOR SIGN 5
22815,1118.84,2628,268,CARD PSYCHEDELIC APPLES
23510,1118.8,2521,120,MINI PLAYING CARDS GYMKHANA
21809,1117.92,1964,117,CHRISTMAS HANGING TREE WITH BELL
21466,1116.89,304,112,RED FLOWER CROCHET FOOD COVER
22817,1114.81,2639,290,CARD SUKI BIRTHDAY
23411,1113.66,226,57,TRELLIS COAT RACK
22155,1113.45,2404,143,STAR DECORATION RUSTIC
22608,1113.31,5204,145,PENS ASSORTED FUNKY JEWELED
22758,1110.25,1195,178,LARGE PURPLE BABUSHKA NOTEBOOK
21693,1107.91,361,50,SMALL HAMMERED SILVER CANDLEPOT
23225,1106.4499999999998,1271,92,CHERUB HEART DECORATION SILVER
22819,1104.81,2608,270,"BIRTHDAY CARD, RETRO SPOT"
23513,1101.78,560,71,EMBROIDERED RIBBON REEL SUSIE
21688,1101.2800000000002,348,57,SILVER PLATE CANDLE BOWL SMALL
23375,1099.87,1341,104,50'S CHRISTMAS PAPER GIFT BAG
22984,1096.09,2693,163,CARD GINGHAM ROSE
21984,1095.1999999999998,3398,214,PACK OF 12 PINK PAISLEY TISSUES
22094,1095.03,2101,205,RED RETROSPOT TISSUE BOX
22168,1094.8,130,85,ORGANISER WOOD ANTIQUE WHITE
22320,1093.72,180,77,BIRDS MOBILE VINTAGE DESIGN
22309,1091.05,369,121,TEA COSY RED  STRIPE
23432,1088.36,1276,74,PRETTY HANGING QUILTED HEARTS
22785,1087.57,245,74,SQUARECUSHION COVER PINK UNION FLAG
21830,1086.91,2573,101,ASSORTED CREEPY CRAWLIES
47580,1086.12,376,112,TEA TIME DES TEA COSY
22221,1084.6399999999999,129,53,CAKE STAND LOVEBIRD 2 TIER PINK
22325,1082.0,236,99,MOBILE VINTAGE HEARTS
85127,1081.79,182,52,SMALL SQUARE CUT GLASS CANDLESTICK
84459B,1079.67,721,91,YELLOW METAL CHICKEN HEART
22153,1079.65,2523,134,ANGEL DECORATION STARS ON DRESS
23041,1078.88,248,55,PAPER LANTERN 9 POINT SNOW STAR
21469,1077.82,288,91,POLKA DOT RAFFIA FOOD COVER
22611,1077.03,225,46,VINTAGE UNION JACK SHOPPING BAG
23102,1075.03,1274,157,SILVER HEARTS TABLE DECORATION
23087,1071.91,853,70,ZINC  HEART T-LIGHT HOLDER
22342,1071.3799999999999,961,130,HOME GARLAND PAINTED ZINC
23433,1069.57,1211,92,HANGING QUILTED PATCHWORK APPLES
22123,1068.3799999999999,508,122,PING MICROWAVE APRON
21824,1067.62,1892,118,PAINTED METAL STAR WITH HOLLY BELLS
21819,1066.65,2470,124,GLITTER CHRISTMAS STAR
22444,1066.62,806,60,GROW YOUR OWN PLANT IN A CAN
21991,1065.82,623,212,BOHEMIAN COLLAGE STATIONERY SET
22245,1065.75,1257,100,"HOOK, 1 HANGER ,MAGIC GARDEN"
23113,1065.44,208,63,PANTRY CHOPPING BOARD
21224,1065.0,902,167,SET/4 SKULL BADGES
85035B,1062.57,620,71,CHOCOLATE 3 WICK MORRIS BOX CANDLE
23331,1062.28,1596,109,DECORATIVE WICKER HEART SMALL
22997,1062.17,2467,230,TRAVEL CARD WALLET UNION JACK
23033,1058.8999999999999,714,74,DRAWER KNOB CERAMIC RED
23516,1058.6,296,42,EMBROIDERED RIBBON REEL SOPHIE
22190,1057.71,676,116,LOCAL CAFE MUG
21949,1054.44,801,144,SET OF 6 STRAWBERRY CHOPSTICKS
16016,1053.45,1273,65,LARGE CHINESE STYLE SCISSOR
22211,1052.79,960,197,WOOD STAMP SET FLOWERS
22152,1051.3999999999999,2403,107,PLACE SETTING WHITE STAR
21391,1049.29,1066,107,FRENCH LAVENDER SCENT HEART
85159B,1047.96,584,72,"WHITE TEA,COFFEE,SUGAR JARS"
23327,1046.42,1726,43,HANGING CLEAR MINI BOTTLE
35648,1045.9099999999999,954,130,VINTAGE BEAD PINK PURSE
22363,1045.3,350,85,GLASS JAR MARMALADE
85116,1043.88,911,91,BLACK CANDELABRA T-LIGHT HOLDER
22066,1042.86,2234,137,LOVE HEART TRINKET POT
23419,1041.64,472,87,HOME SWEET HOME BOTTLE
23056,1039.0500000000002,384,46,FLOWERS CHANDELIER T-LIGHT HOLDER
22995,1038.06,2332,269,TRAVEL CARD WALLET SUKI
79302M,1037.54,370,62,"ART LIGHTS,FUNK MONKEY"
21508,1036.9,2466,214,VINTAGE KID DOLLY CARD
16237,1035.33,4931,291,SLEEPING CAT ERASERS
22438,1034.9,1009,98,BALLOON ART MAKE YOUR OWN FLOWERS
23347,1034.8,826,100,I LOVE LONDON BEAKER
23088,1033.28,795,79,ZINC HEART FLOWER T-LIGHT HOLDER
21679,1028.58,1140,138,SKULLS  STICKERS
20967,1027.94,265,83,GREY FLORAL FELTCRAFT SHOULDER BAG
23545,1025.6,2480,84,WRAP RED DOILEY
84944,1024.56,652,85,SET OF 6 KASHMIR FOLKART BAUBLES
22060,1023.85,215,40,LARGE CAKE STAND HANGING HEARTS
22163,1023.03,850,124,HEART STRING MEMO HOLDER HANGING
20966,1022.8,719,97,SANDWICH BATH SPONGE
22286,1022.4899999999999,1123,115,"DECORATION , WOBBLY RABBIT , METAL"
21188,1021.9000000000001,326,50,3D HEARTS  HONEYCOMB PAPER GARLAND
22091,1021.35,1976,168,EMPIRE TISSUE BOX
23452,1019.81,517,88,HEART MINI PORTRAIT FRAME
18097C,1019.2099999999999,403,71,WHITE TALL PORCELAIN T-LIGHT HOLDER
22024,1018.6899999999999,2394,214,RAINY LADIES BIRTHDAY CARD
22459,1018.19,386,25,CAST IRON HOOK GARDEN TROWEL
22402,1018.16,1707,153,MAGNETS PACK OF 4 VINTAGE COLLAGE
85114B,1018.05,511,92,IVORY ENCHANTED FOREST PLACEMAT
21464,1017.0,240,109,DISCO BALL ROTATOR BATTERY OPERATED
84558A,1016.72,338,86,3D DOG PICTURE PLAYING CARDS
21803,1016.02,2353,198,CHRISTMAS TREE STAR DECORATION
20931,1015.8500000000001,284,71,BLUE POT PLANT CANDLE
15044C,1014.94,310,90,PURPLE PAPER PARASOL
85180A,1014.76,497,64,RED HEARTS LIGHT CHAIN
21788,1010.74,1271,88,KIDS RAIN MAC BLUE
22679,1010.53,730,153,FRENCH BLUE METAL DOOR SIGN 4
22614,1009.7899999999998,2995,223,PACK OF 12 SPACEBOY TISSUES
23107,1009.51,359,73,WHITE WIRE PLANT POT HOLDER
21617,1009.26,525,102,4 LILY  BOTANICAL DINNER CANDLES
21354,1007.71,799,95,TOAST ITS - BEST MUM
23544,1007.53,163,21,WALL ART MID CENTURY MODERN
23153,1005.69,259,91,ZINC SWEETHEART WIRE LETTER RACK
22929,1004.75,16,15,SCHOOL DESK AND CHAIR
51014L,1003.26,1975,151,"FEATHER PEN,LIGHT PINK"
22279,1002.15,830,129,POCKET BAG BLUE PAISLEY RED SPOT
22695,1001.49,741,123,WICKER WREATH SMALL
22673,1001.08,779,132,FRENCH GARDEN SIGN BLUE METAL
23281,1000.82,1280,101,FOLDING BUTTERFLY MIRROR RED
23121,1000.4399999999999,2501,111,PACK OF 6 COCKTAIL PARASOL STRAWS
21288,1000.21,331,111,STRIPEY CHOCOLATE NESTING BOXES
23533,998.64,215,36,WALL ART GARDEN HAVEN
21467,996.89,262,106,CHERRY CROCHET FOOD COVER
22923,996.77,1184,86,FRIDGE MAGNETS LES ENFANTS ASSORTED
23517,996.38,334,63,EMBROIDERED RIBBON REEL REBECCA
10125,993.99,1295,91,MINI FUNKY DESIGN TAPES
22069,993.5,414,146,BROWN  PIRATE TREASURE CHEST
22860,993.0199999999999,574,109,EASTER TIN CHICKS PINK DAISY
21355,992.58,789,120,TOAST ITS - I LOVE YOU
21821,992.05,239,63,GLITTER STAR GARLAND WITH BELLS
22808,985.7700000000001,327,76,SET OF 6 T-LIGHTS EASTER CHICKS
21648,981.54,728,67,ASSORTED TUTTI FRUTTI SMALL PURSE
21948,978.23,640,153,SET OF 6 CAKE CHOPSTICKS
85232D,977.6700000000001,190,70,SET/3 DECOUPAGE STACKING TINS
35471D,976.61,1846,225,SET OF 3 BIRD LIGHT PINK FEATHER
22924,975.55,1066,92,FRIDGE MAGNETS LA VIE EN ROSE
72816,975.3199999999999,868,70,SET/3 CHRISTMAS DECOUPAGE CANDLES
23512,975.24,500,57,EMBROIDERED RIBBON REEL ROSIE
20886,974.53,479,104,BOX OF 9 PEBBLE CANDLES
22098,971.44,1917,178,BOUDOIR SQUARE TISSUE BOX
23380,969.46,2308,123,PACK OF 12 VINTAGE DOILY TISSUES
84459A,968.78,656,94,PINK METAL CHICKEN HEART
22500,967.05,248,96,SET OF 2 TINS JARDIN DE PROVENCE
85064,966.95,213,32,CREAM SWEETHEART LETTER RACK
35651,966.04,439,59,VINTAGE BEAD PINK SCARF
22857,965.8599999999999,1145,61,ASSORTED EASTER GIFT TAGS
84509G,965.41,519,68,SET OF 4 FAIRY CAKE PLACEMATS
23514,964.9100000000001,472,75,EMBROIDERED RIBBON REEL SALLY
20802,964.4,700,65,SMALL GLASS SUNDAE DISH CLEAR
84843,963.85,171,49,WHITE SOAP RACK WITH 2 BOTTLES
21389,963.3799999999999,1112,129,IVORY HANGING DECORATION  BIRD
23518,963.07,355,45,EMBROIDERED RIBBON REEL RACHEL
22540,960.4399999999999,2518,92,MINI JIGSAW CIRCUS PARADE
47504H,959.38,974,119,ENGLISH ROSE SPIRIT LEVEL
22681,958.34,698,129,FRENCH BLUE METAL DOOR SIGN 6
22210,958.04,1017,187,WOOD STAMP SET BEST WISHES
23460,957.3299999999999,103,47,SWEETHEART WALL TIDY
20846,957.32,716,88,ZINC HEART LATTICE T-LIGHT HOLDER
84596G,956.4599999999999,1858,246,SMALL CHOCOLATES PINK BOWL
21058,955.4599999999999,1142,123,PARTY INVITES WOODLAND
22209,954.2599999999999,933,174,WOOD STAMP SET HAPPY BIRTHDAY
84913A,952.83,273,124,SOFT PINK ROSE TOWEL
47593B,951.1099999999999,1993,246,SCOTTIE DOGS BABY BIB
21683,948.7000000000002,310,58,MEDIUM MEDINA STAMPED METAL BOWL
22599,947.3599999999999,1929,124,CHRISTMAS MUSICAL ZINC STAR
23540,947.0600000000001,150,14,WALL ART THE MAGIC FOREST
21198,947.06,956,73,WHITE HEART CONFETTI IN TUBE
21717,946.93,408,41,EASTER TIN BUCKET
22262,946.2099999999999,1018,139,FELT EGG COSY CHICKEN
22994,944.34,2164,224,TRAVEL CARD WALLET RETROSPOT
15044B,943.8800000000001,320,61,BLUE PAPER PARASOL
22246,939.3699999999999,419,91,MAGIC GARDEN FELT GARLAND
22242,938.2799999999999,606,37,5 HOOK HANGER MAGIC TOADSTOOL
35646,937.25,619,94,VINTAGE BEAD PINK EVENING BAG
23183,937.17,218,87,MOTHER'S KITCHEN SPOON REST
70007,936.56,829,108,HI TEC ALPINE HAND WARMER
84819,934.79,807,64,DANISH ROSE ROUND SEWING BOX
22231,932.67,929,153,JIGSAW TREE WITH BIRDHOUSE
21462,932.4,198,73,"NURSERY A,B,C PAINTED LETTERS"
23179,930.48,324,53,CLOCK MAGNET MUM'S KITCHEN
22281,929.44,131,63,EASTER TREE YELLOW BIRDS
22132,928.8299999999999,1026,155,RED LOVE HEART SHAPE CUP
22313,927.3300000000002,315,66,OFFICE MUG WARMER PINK
22307,923.74,731,79,GOLD MUG BONE CHINA TREE OF LIFE
20686,922.67,267,77,DOLLY MIXTURE CHILDREN'S UMBRELLA
23178,922.44,322,71,JAM CLOCK MAGNET
22893,922.1999999999999,1851,147,MINI CAKE STAND T-LIGHT HOLDER
18098C,921.87,265,61,PORCELAIN BUTTERFLY OIL BURNER
17091J,920.67,2084,95,VANILLA INCENSE IN TIN
21802,918.72,2121,181,CHRISTMAS TREE HEART DECORATION
22270,916.31,236,56,HAPPY EASTER HANGING DECORATION
20752,916.2500000000001,405,150,BLUE POLKADOT WASHING UP GLOVES
21682,916.11,179,56,LARGE MEDINA STAMPED METAL BOWL
85034A,915.52,494,80,3 GARDENIA MORRIS BOXED CANDLES
22046,914.72,2216,77,TEA PARTY  WRAPPING PAPER
46776F,912.03,217,90,WOVEN ROSE GARDEN CUSHION COVER
21786,907.75,1915,227,POLKADOT RAIN HAT
22519,906.7500000000001,411,88,CHILDS GARDEN BRUSH PINK
84519A,905.55,512,88,TOMATO CHARLIE+LOLA COASTER SET
23338,902.9200000000001,425,110,EGG FRYING PAN RED
21894,902.08,592,130,POTTING SHED SEED ENVELOPES
23532,901.58,210,31,WALL ART WORK REST AND PLAY
72799E,899.2900000000001,445,77,IVORY PILLAR CANDLE SILVER FLOCK
21465,897.8,237,79,PINK FLOWER CROCHET FOOD COVER
22277,897.74,417,100,COSMETIC BAG VINTAGE ROSE PAISLEY
85185B,897.44,296,72,PINK HORSE SOCK PUPPET
23502,896.41,714,94,PLAYING CARDS VINTAGE DOILEY
21631,896.01,169,27,HIPPY CHIC DECORATIVE PARASOL
22118,895.26,230,89,JOY WOODEN BLOCK LETTERS
23472,894.42,58,33,NINE DRAWER OFFICE TIDY
37501,892.9300000000001,131,50,TEA TIME TEA SET IN GIFT BOX
84823,890.4000000000001,112,25,DANISH ROSE FOLDING CHAIR
85131A,890.2099999999999,983,122,BEADED PEARL HEART WHITE ON STICK
23072,889.76,262,32,MARIE ANTOINETTE TRINKET BOX SILVER
21189,888.67,355,72,WHITE HONEYCOMB PAPER GARLAND
22814,888.47,2129,235,CARD PARTY GAMES
22719,884.5500000000001,610,113,GUMBALL MONOCHROME COAT RACK
22524,883.1999999999999,642,81,CHILDRENS GARDEN GLOVES BLUE
22682,883.0,666,115,FRENCH BLUE METAL DOOR SIGN 7
21633,882.71,124,43,SUNFLOWER DECORATIVE PARASOL
22701,879.89,533,120,PINK DOG BOWL
22317,879.6700000000001,286,89,FIVE CATS HANGING DECORATION
85176,879.62,917,173,SEWING SUSAN 21 NEEDLE SET
21209,877.91,1205,94,MULTICOLOUR HONEYCOMB FAN
22308,877.38,250,105,TEA COSY BLUE STRIPE
22565,872.67,933,148,FELTCRAFT HAIRBANDS PINK AND WHITE
23479,872.38,113,44,WIRE EGG BASKET
23099,872.1500000000001,129,62,FRENCH CARRIAGE LANTERN
84536B,872.03,2059,181,FAIRY CAKES NOTEBOOK A7 SIZE
22251,869.49,696,140,BIRDHOUSE DECORATION MAGIC GARDEN
85049H,869.1,848,184,URBAN BLACK RIBBONS
21204,868.4399999999999,499,85,DAISIES  HONEYCOMB GARLAND
21199,868.17,918,79,PINK  HEART CONFETTI IN TUBE
21743,861.1,290,51,STAR PORTABLE TABLE LIGHT
23002,860.61,1991,200,TRAVEL CARD WALLET SKULLS
22321,860.0799999999999,892,133,BIRD DECORATION RED RETROSPOT
23413,859.5100000000001,161,59,VINTAGE COFFEE GRINDER BOX
23220,859.1899999999999,981,104,REINDEER HEART DECORATION GOLD
21708,858.1600000000001,189,65,FOLDING UMBRELLA CREAM POLKADOT
23423,858.15,214,69,PANTRY 3 HOOK ROLLING PIN HANGER
22343,858.03,1956,95,PARTY PIZZA DISH RED RETROSPOT
21695,857.6800000000001,284,41,SMALL SILVER FLOWER CANDLE POT
22683,856.49,632,121,FRENCH BLUE METAL DOOR SIGN 8
21823,854.3499999999999,1372,97,PAINTED METAL HEART WITH HOLLY BELL
22761,851.48,34,27,CHEST 7 DRAWER MA CAMPAGNE
21880,850.98,1891,241,RED RETROSPOT TAPE
85183A,849.54,665,88,CHARLIE & LOLA WASTEPAPER BIN BLUE
85135C,848.4300000000001,105,68,RED DRAGONFLY HELICOPTER
84006,847.8499999999999,917,106,MAGIC TREE -PAPER FLOWERS
84509B,843.34,222,83,SET OF 4 FAIRY CAKE PLACEMATS
23564,841.31,644,76,EGG CUP MILKMAID INGRID
20839,840.4399999999999,575,105,FRENCH PAISLEY CUSHION COVER
21694,840.33,307,24,SMALL REGAL  SILVER CANDLEPOT
23551,839.8399999999999,1840,136,PACK OF 12 PAISLEY PARK TISSUES
37327,838.52,1574,82,ASSTD MULTICOLOUR CIRCLES MUG
22706,837.44,2032,72,WRAP COWBOYS
22254,836.8000000000001,657,61,FELT TOADSTOOL LARGE
21359,836.38,127,31,RELAX LARGE WOOD LETTERS
22068,834.9399999999999,513,145,BLACK PIRATE TREASURE CHEST
85036C,834.61,549,87,ROSE 1 WICK MORRIS BOXED CANDLE
22587,830.52,918,161,FELTCRAFT HAIRBAND RED AND BLUE
21804,830.03,225,65,WHITE CHRISTMAS GARLAND STARS TREES
20986,829.74,654,113,BLUE CALCULATOR RULER
21125,828.48,655,105,SET 6 FOOTBALL CELEBRATION CANDLES
84660C,828.24,679,61,PINK STITCHED WALL CLOCK
22341,827.6299999999999,453,78,LOVE GARLAND PAINTED ZINC
22862,826.95,171,66,LOVE HEART NAPKIN BOX
21399,826.3199999999999,1943,74,BLUE POLKADOT COFFEE MUG
23004,825.88,1818,225,TRAVEL CARD WALLET PANTRY
21294,825.49,1618,71,ETCHED GLASS COASTER
22537,823.84,1881,172,MAGIC DRAWING SLATE DINOSAUR
84849D,821.8199999999999,472,116,HOT BATHS SOAP HOLDER
21905,821.61,760,160,MORE BUTTER METAL SIGN
84509C,821.16,173,78,SET OF 4 POLKADOT PLACEMATS
22276,821.01,283,87,WASH BAG VINTAGE ROSE PAISLEY
21291,819.64,943,52,SMALL POLKADOT CHOCOLATE GIFT BAG
23017,813.78,66,23,APOTHECARY MEASURING JAR
23186,810.2199999999999,1970,72,FRENCH STYLE STORAGE JAR CAFE
22249,809.4599999999999,924,146,DECORATION WHITE CHICK MAGIC GARDEN
22162,808.79,253,93,HEART GARLAND RUSTIC PADDED
84660A,808.75,845,46,WHITE STITCHED WALL CLOCK
22093,807.13,1818,161,MOTORING TISSUE BOX
22546,799.56,2102,87,MINI JIGSAW PURDEY
85194L,799.0899999999999,919,76,HANGING SPRING FLOWER EGG LARGE
85169A,798.02,800,89,IVORY LOVE BIRD CANDLE
72818,796.0600000000001,1809,77,CHRISTMAS DECOUPAGE CANDLE
22268,794.08,1969,160,EASTER DECORATION SITTING BUNNY
23521,793.37,413,44,CAT AND BIRD WALL ART
21162,792.98,1462,162,TOXIC AREA  DOOR HANGER
23519,792.31,224,24,EMBROIDERED RIBBON REEL CLAIRE
22566,789.78,873,150,FELTCRAFT HAIRBAND PINK AND PURPLE
22099,789.34,1431,154,CARAVAN SQUARE TISSUE BOX
85170D,788.99,446,102,SET/6 PINK BIRD T-LIGHT CANDLES
84535B,788.45,1237,157,FAIRY CAKES NOTEBOOK A6 SIZE
21789,786.65,905,94,KIDS RAIN MAC PINK
21680,786.31,868,103,WOODLAND  STICKERS
23568,786.27,629,49,EGG CUP HENRIETTA HEN CREAM
21642,784.1899999999999,2353,107,ASSORTED TUTTI FRUTTI PEN
22518,783.5400000000001,363,81,CHILDS GARDEN BRUSH BLUE
85173,782.27,474,87,SET/6 FROG PRINCE T-LIGHT CANDLES
22217,781.26,799,83,T-LIGHT HOLDER HANGING LACE
23106,780.9100000000001,279,54,ZINC HEARTS PLANT POT HOLDER
22705,780.36,1858,78,WRAP GREEN PEARS
79160,779.03,436,52,HEART SHAPE WIRELESS DOORBELL
21504,778.89,1891,115,SKULLS GREETING CARD
85032A,776.49,789,135,ROMANTIC IMAGES GIFT WRAP SET
22422,776.1,1273,205,TOOTHPASTE TUBE PEN
22228,776.0799999999999,998,148,BUNNY WOODEN PAINTED WITH BIRD
22451,775.8000000000001,222,51,SILK PURSE BABUSHKA RED
23409,775.4300000000001,208,45,PHOTO FRAME LINEN AND LACE LARGE
21272,775.0699999999999,546,105,SALLE DE BAIN HOOK
85035A,773.74,272,86,GARDENIA 3 WICK MORRIS BOXED CANDLE
84519B,773.3,471,126,CARROT CHARLIE+LOLA COASTER SET
85231B,773.15,860,155,CINAMMON SET OF 9 T-LIGHTS
21158,772.51,1445,171,MOODY GIRL DOOR HANGER
23071,771.1,239,23,MARIE ANTOIENETT TRINKET BOX GOLD
85163B,770.93,83,37,BLACK BAROQUE WALL CLOCK
22133,770.73,816,133,PINK LOVE HEART SHAPE CUP
21983,770.7099999999999,2277,156,PACK OF 12 BLUE PAISLEY TISSUES
23115,770.32,152,45,RED APPLES CHOPPING BOARD
22340,769.81,1386,129,NOEL GARLAND PAINTED ZINC
21084,768.58,2586,182,SET/6 COLLAGE PAPER CUPS
21618,768.37,404,91,4 WILDFLOWER BOTANICAL CANDLES
22685,768.3,584,100,FRENCH BLUE METAL DOOR SIGN 0
23335,765.82,365,98,EGG FRYING PAN IVORY
22786,764.63,123,47,CUSHION COVER PINK UNION JACK
21707,763.6600000000001,160,74,FOLDING UMBRELLA BLACKBLUE POLKADOT
23550,763.1,1855,64,WRAP ALPHABET POSTER
22522,762.39,918,129,CHILDS GARDEN FORK BLUE
85130B,760.4300000000001,834,62,BEADED CRYSTAL HEART GREEN LARGE
85125,760.39,161,33,SMALL ROUND CUT GLASS CANDLESTICK
17084R,760.3199999999999,4032,27,ASSORTED INCENSE PACK
21287,760.15,1790,55,SCENTED VELVET LOUNGE CANDLE
10002,759.89,860,71,INFLATABLE POLITICAL GLOBE
22753,758.13,1010,217,SMALL YELLOW BABUSHKA NOTEBOOK
23282,757.86,812,135,FOLDING BUTTERFLY MIRROR IVORY
22025,756.01,1823,131,RING OF ROSES BIRTHDAY CARD
22480,755.96,630,73,RED TEA TOWEL CLASSIC DESIGN
23123,754.5899999999999,929,97,COCKTAIL SWORDS 50 PIECES
22252,754.07,637,68,BIRDCAGE DECORATION TEALIGHT HOLDER
84913B,754.07,196,86,MINT GREEN ROSE TOWEL
84609,753.59,91,21,TALL ROCOCO CANDLE HOLDER
23124,751.38,567,43,18PC WOODEN CUTLERY SET DISPOSABLE
20748,751.17,57,34,KENSINGTON COFFEE SET
21383,749.98,989,168,PACK OF 12 STICKY BUNNIES
21126,748.95,592,126,SET OF 6 GIRLS CELEBRATION CANDLES
23324,748.5300000000001,364,46,RUSTIC STRAWBERRY JAMPOT LARGE
84279B,748.45,185,72,CHERRY BLOSSOM DECORATIVE FLASK
84660B,748.36,709,42,BLACK STITCHED WALL CLOCK
84763,748.34,601,57,ZINC FINISH 15CM PLANTER POTS
23025,748.32,344,55,DRAWER KNOB VINTAGE GLASS BALL
22481,747.3,825,128,BLACK TEA TOWEL CLASSIC DESIGN
23022,745.76,392,24,SMALL BONNE JAM JAR  T-LIGHT HOLDER
21215,744.35,1087,124,IVORY PAPER CUP CAKE CASES
22106,741.63,228,49,MIRROR MOSAIC HURRICANE LAMP
22316,741.12,659,56,200 BENDY SKULL STRAWS
22523,740.6099999999999,852,136,CHILDS GARDEN FORK PINK
20733,740.36,934,206,GOLD MINI TAPE MEASURE
23223,740.2299999999999,789,89,CHRISTMAS TREE HANGING SILVER
85212,740.15,2451,79,MINI PAINTED GARDEN DECORATION
85032B,739.99,786,133,BLOSSOM IMAGES GIFT WRAP SET
22336,739.08,2358,80,DOVE DECORATION PAINTED ZINC
22322,737.61,808,140,BIRD DECORATION GREEN POLKADOT
22264,736.98,1561,96,FELT FARM ANIMAL WHITE BUNNY
22258,735.14,905,79,FELT FARM ANIMAL RABBIT
22586,733.75,808,163,FELTCRAFT HAIRBAND PINK AND BLUE
79030G,733.49,1403,67,"TUMBLER, NEW ENGLAND"
22454,733.4200000000001,258,42,MEASURING TAPE BABUSHKA RED
23435,732.4200000000001,824,99,3 RAFFIA RIBBONS VINTAGE CHRISTMAS
84872A,732.2299999999999,66,53,TEATIME FUNKY FLOWER BACKPACK FOR 2
15034,731.73,5206,142,PAPER POCKET TRAVELING FAN
22495,731.1200000000001,276,99,SET OF 2 ROUND TINS CAMEMBERT
23006,729.99,1680,178,TRAVEL CARD WALLET FLOWER MEADOW
85036A,729.68,212,62,GARDENIA 1 WICK MORRIS BOXED CANDLE
21398,729.6,1532,63,RED POLKADOT COFFEE  MUG
22400,728.7,1392,151,MAGNETS PACK OF 4 HOME SWEET HOME
22097,728.49,1586,146,SWALLOW SQUARE TISSUE BOX
21643,728.31,538,61,ASSORTED TUTTI FRUTTI MIRROR
21677,727.64,823,120,HEARTS  STICKERS
22250,727.55,815,148,DECORATION  BUTTERFLY  MAGIC GARDEN
23522,727.4399999999999,354,32,DOG AND BALL WALL ART
20996,726.8900000000001,3191,225,JAZZ HEARTS ADDRESS BOOK
22393,726.68,506,73,PAPERWEIGHT VINTAGE COLLAGE
90200D,725.32,175,78,PINK SWEETHEART BRACELET
85131D,725.26,850,206,BEADED CRYSTAL HEART PINK ON STICK
21883,725.23,1652,134,STARS GIFT TAPE
23454,724.9000000000001,172,53,SET OF 3 MINI HANGING PORTRAITS
23562,724.59,251,43,SET OF 6 RIBBONS PERFECTLY PRETTY
23114,723.1,146,47,VINTAGE LEAF CHOPPING BOARD
21927,722.4,584,107,BLUE/CREAM STRIPE CUSHION COVER
21530,721.38,716,112,DAIRY MAID TOASTRACK
46775D,720.93,60,39,SUNSET COLOUR CHUNKY KNITTED THROW
79067,719.69,172,38,CORONA MEXICAN TRAY
23140,716.3000000000001,170,53,TRIPLE WIRE HOOK IVORY HEART
22821,714.87,1159,140,GIFT BAG PSYCHEDELIC APPLES
21822,714.61,695,99,GLITTER CHRISTMAS TREE WITH BELLS
72803A,713.97,527,43,ROSE SCENT CANDLE JEWELLED DRAWER
21775,713.11,512,140,DECORATIVE FLORE BATHROOM BOTTLE
22287,712.18,782,81,"DECORATION , WOBBLY CHICKEN, METAL"
23325,711.2399999999999,444,38,RUSTIC STRAWBERRY JAMPOT SMALL
85032C,710.74,671,141,CURIOUS IMAGES GIFT WRAP SET
22684,709.82,518,101,FRENCH BLUE METAL DOOR SIGN 9
84581,709.71,187,90,DOG TOY WITH PINK CROCHET SKIRT
23070,709.5400000000001,160,44,EDWARDIAN HEART PHOTO FRAME
84796A,709.2399999999999,78,55,PINK HAWAIIAN PICNIC HAMPER FOR 2
21630,709.1899999999999,68,36,FLOOR CUSHION ELEPHANT CARNIVAL
22201,708.3,191,89,FRYING PAN BLUE POLKADOT
22718,707.15,1609,170,CARD CAT AND TREE
22026,707.04,1632,161,BANQUET BIRTHDAY  CARD
79066K,706.91,788,159,RETRO MOD TRAY
22103,706.58,766,29,MIRROR MOSAIC T-LIGHT HOLDER ROUND
23487,706.03,71,50,SWEET HEART CAKE CARRIER
21636,705.16,913,73,MADRAS NOTEBOOK MEDIUM
23055,704.46,225,43,IVORY CHANDELIER T-LIGHT HOLDER
22514,704.45,302,99,CHILDS GARDEN SPADE BLUE
85103,704.14,106,29,SILVER T-LIGHT SETTING
21143,703.3299999999999,325,38,ANTIQUE GLASS HEART DECORATION
22856,703.32,548,29,ASSORTED EASTER DECORATIONS  BELLS
21356,703.3,642,151,TOAST ITS - FAIRY FLOWER
21739,703.08,254,111,COSY SLIPPER SHOES SMALL GREEN
21106,702.51,237,53,CREAM SLICE FLANNEL CHOCOLATE SPOT
85159A,700.9499999999999,413,53,"BLACK TEA,COFFEE,SUGAR JARS"
85049D,699.91,549,109,BRIGHT BLUES RIBBONS
21476,699.63,41,24,STEEL SWEETHEART ROUND TABLE CREAM
23222,698.61,775,77,CHRISTMAS TREE HANGING GOLD
22936,697.97,207,51,BAKING MOULD ROSE WHITE CHOCOLATE
85078,696.8,1932,124,SCANDINAVIAN 3 HEARTS NAPKIN RING
22981,695.43,465,107,PANTRY APPLE CORER
84707A,695.23,95,45,SILVER JEWELLED MIRROR TRINKET TRAY
16235,695.1899999999999,3067,169,RECYCLED PENCIL WITH RABBIT ERASER
79164,692.6700000000001,1663,20,BLACK WINE GLASS
35923,690.13,1317,63,CANDY HEART HANGING DECORATION
16225,689.35,813,102,RATTLE SNAKE EGGS
22324,688.3,286,74,BLUE POLKADOT KIDS BAG
21650,688.29,2526,133,ASSORTED TUTTI FRUTTI BRACELET
23458,687.6999999999999,46,34,DOLLY CABINET 3 DRAWERS
20902,686.86,112,56,VINTAGE KEEPSAKE BOX PARIS DAYS
46776B,683.8,162,89,WOVEN BERRIES CUSHION COVER
21289,683.75,547,51,LARGE STRIPES CHOCOLATE GIFT BAG
85019B,682.97,512,36,BLOSSOM  IMAGES NOTEBOOK SET
21208,681.78,899,87,PASTEL COLOUR HONEYCOMB FAN
21163,679.3,1195,128,DO NOT TOUCH MY STUFF DOOR HANGER
21317,679.13,110,35,GLASS SPHERE CANDLE STAND MEDIUM
85071B,678.72,1288,126,RED CHARLIE+LOLA PERSONAL DOORSIGN
23187,678.5699999999999,2301,78,FRENCH STYLE STORAGE JAR BONBONS
21066,678.47,690,55,VINTAGE RED MUG
79191C,678.23,947,78,RETRO PLASTIC ELEPHANT TRAY
22136,677.8299999999999,377,85,LOVE HEART SOCK HANGER
35001G,677.34,198,30,HAND OPEN SHAPE GOLD
22806,677.0400000000001,260,38,SET OF 6 T-LIGHTS WEDDING CAKE
22403,674.28,1310,127,MAGNETS PACK OF 4 VINTAGE LABELS
84659A,673.72,279,90,WHITE TRAVEL ALARM CLOCK
22267,673.17,836,83,EASTER DECORATION EGG BUNNY
22062,672.88,577,74,CERAMIC BOWL WITH LOVE HEART DESIGN
46776A,672.6,160,71,WOVEN BUBBLE GUM CUSHION COVER
21261,672.09,187,45,GREEN GOOSE FEATHER CHRISTMAS TREE
21629,672.05,71,42,SQUARE FLOOR CUSHION VINTAGE RED
84923,671.62,162,98,PINK BUTTERFLY HANDBAG W BOBBLES
20704,669.9,212,45,MR ROBOT SOFT TOY
22339,666.38,2437,85,CHRISTMAS TREE PAINTED ZINC
47574A,663.7,546,115,ENGLISH ROSE SCENTED HANGING FLOWER
40001,663.0699999999999,802,62,WHITE BAMBOO RIBS LAMPSHADE
23024,662.8700000000001,253,12,LARGE BONNE JAM JAR  T-LIGHT HOLDER
37475,661.9799999999999,70,43,SET/4 COLOURFUL MIXING BOWLS
21613,661.9300000000001,227,42,S/12 VANILLA  BOTANICAL T-LIGHTS
23547,661.5,1575,62,WRAP FLOWER SHOP
23597,661.37,243,32,PAPER BUNTING PAISLEY PARK
23482,661.02,418,39,PEARLISED IVORY HEART LARGE
23428,659.61,75,34,IVORY RETRO KITCHEN WALL CLOCK
22756,656.52,599,123,LARGE YELLOW BABUSHKA NOTEBOOK
22448,656.4300000000001,201,45,PIN CUSHION BABUSHKA RED
20767,656.06,250,79,BLUE PAISLEY JOURNAL
22615,655.4699999999999,2061,103,PACK OF 12 CIRCUS PARADE TISSUES
85199L,654.98,964,97,LARGE HANGING IVORY & RED WOOD BIRD
22450,654.4100000000001,193,59,SILK PURSE BABUSHKA BLUE
23120,652.15,1613,102,PACK OF 6 SMALL FRUIT STRAWS
22204,650.79,192,81,MILK PAN BLUE POLKADOT
22535,649.59,1715,135,MAGIC DRAWING SLATE BUNNIES
22525,648.97,489,74,CHILDRENS GARDEN GLOVES PINK
21187,648.4499999999999,369,48,WHITE BELL HONEYCOMB PAPER GARLAND
22953,647.11,502,98,BIRTHDAY PARTY CORDON BARRIER TAPE
22715,645.64,1543,130,CARD WEDDING DAY
23042,645.01,93,29,PAPER LANTERN 7 POINT SNOW STAR
85177,643.3599999999999,811,64,BASKET OF FLOWERS SEWING KIT
84789,640.72,186,48,ENCHANTED BIRD PLANT CAGE
35810A,640.0899999999999,633,75,ENAMEL PINK COFFEE CONTAINER
21808,637.83,180,48,"CHRISTMAS GARLAND STARS,TREES"
23224,637.4,724,73,CHERUB HEART DECORATION GOLD
20658,637.11,421,106,RED RETROSPOT LUGGAGE TAG
21696,637.0000000000001,212,34,SMALL SILVER TRELLIS CANDLEPOT
23492,635.38,76,28,VINTAGE JINGLE BELLS WREATH
21054,634.53,70,29,NURSE'S BAG SOFT TOY
22533,634.31,1758,89,MAGIC DRAWING SLATE BAKE A CAKE
21640,633.8299999999999,650,78,ASSORTED TUTTI FRUTTI  FOB NOTEBOOK
84817,632.94,914,61,DANISH ROSE DECORATIVE PLATE
17021,632.34,2391,47,NAMASTE SWAGAT INCENSE
84596L,631.8399999999999,1255,173,BISCUITS SMALL BOWL LIGHT BLUE
21446,630.92,449,105,12 RED ROSE PEG PLACE SETTINGS
23216,630.73,525,44,LAUREL HEART ANTIQUE GOLD
21747,630.61,473,55,SMALL SKULL WINDMILL
72232,630.23,3317,65,FENG SHUI PILLAR CANDLE
22067,629.52,402,73,CHOC TRUFFLE GOLD TRINKET POT
23019,629.0500000000001,81,28,SMALL APOTHECARY MEASURING JAR
23027,627.95,295,30,DRAWER KNOB VINTAGE GLASS HEXAGON
21417,627.7,339,69,COCKLE SHELL DISH
22559,626.53,505,81,SEASIDE FLYING DISC
21205,626.1899999999999,233,71,MULTICOLOUR 3D BALLS GARLAND
23456,625.8000000000001,156,37,MEDIUM PARLOUR PICTURE FRAME
20735,625.8,623,112,BLACK MINI TAPE MEASURE
21351,625.63,97,36,CINAMMON & ORANGE WREATH
84086C,622.27,218,53,PINK/PURPLE RETRO RADIO
20840,622.12,521,75,FRENCH FLORAL CUSHION COVER
22520,622.0999999999999,719,113,CHILDS GARDEN TROWEL BLUE
22269,621.49,932,125,EGG CUP NATURAL CHICKEN
79163,621.39,1519,38,BLACK CHAMPAGNE GLASS
22105,619.82,334,34,MIRROR MOSAIC GOBLET CANDLE HOLDER
84637,619.59,116,83,KITCHEN FLOWER POTS WALL PLAQUE
21865,618.9300000000001,271,106,PINK UNION JACK  PASSPORT COVER
21473,618.66,27,21,SWEETHEART CREAM STEEL TABLE RECT
20772,618.64,246,66,GARDEN PATH JOURNAL
22035,617.3199999999999,1452,137,VINTAGE CARAVAN GREETING CARD
22288,616.95,474,58,HANGING METAL RABBIT DECORATION
23471,616.79,65,27,SIX DRAWER OFFICE TIDY
21426,616.1800000000001,252,49,WOODLAND STORAGE BOX SMALL
23180,616.14,121,50,MUM'S KITCHEN CLOCK
23453,615.98,316,47,OVAL  MINI PORTRAIT FRAME
23408,615.6800000000001,296,62,PHOTO FRAME LINEN AND LACE SMALL
22396,615.37,1214,130,MAGNETS PACK OF 4 RETRO PHOTO
21784,613.17,55,45,SHOE SHINE BOX
21171,613.14,438,73,BATHROOM METAL SIGN
23018,612.1600000000001,51,21,LARGE APOTHECARY MEASURING JAR
21684,612.1,771,47,SMALL MEDINA STAMPED METAL BOWL
22420,611.3,1333,126,LIPSTICK PEN BABY PINK
22021,610.4499999999999,365,71,BLUE FELT EASTER EGG BASKET
22116,610.22,563,149,METAL SIGN HIS DINNER IS SERVED
22194,608.6899999999999,64,45,BLACK DINER WALL CLOCK
85170C,608.53,335,72,SET/6 EAU DE NIL BIRD T-LIGHTS
21769,607.6500000000001,11,2,VINTAGE POST OFFICE CABINET
21709,607.23,133,59,FOLDING UMBRELLA CHOCOLATE POLKADOT
72598,605.89,607,93,SET/12 TAPER CANDLES
22515,604.75,264,85,CHILDS GARDEN SPADE PINK
23425,604.01,268,59,STORAGE TIN HOME SWEET HOME
20764,603.3100000000001,142,76,ABSTRACT CIRCLES SKETCHBOOK
22255,602.63,629,77,FELT TOADSTOOL  SMALL
21159,601.79,1126,124,MOODY BOY  DOOR HANGER
23520,600.55,167,32,EMBROIDERED RIBBON REEL RUBY
20932,599.2900000000001,194,37,PINK POT PLANT CANDLE
21014,598.8199999999999,1385,119,SWISS CHALET TREE DECORATION
84800L,598.8000000000001,336,23,LARGE WHITE/PINK ROSE ART FLOWER
22359,596.9200000000001,180,83,GLASS JAR KINGS CHOICE
22057,596.4,536,65,CERAMIC PLATE STRAWBERRY DESIGN
22642,596.36,269,51,SET OF 4 NAPKIN CHARMS STARS
17012B,595.85,525,85,ORIGAMI JASMINE INCENSE/CANDLE SET
22266,595.85,1887,92,EASTER DECORATION HANGING BUNNY
21292,594.51,867,28,SMALL STRIPES CHOCOLATE GIFT BAG
21448,592.6199999999999,344,77,12 DAISY PEGS IN WOOD BOX
22247,591.4399999999999,668,113,BUNNY DECORATION MAGIC GARDEN
21253,590.4200000000001,134,62,SET OF PICTURE FRAME  STICKERS
85017B,590.09,1065,159,ENVELOPE 50 BLOSSOM IMAGES
23377,589.3299999999999,1343,134,PACK OF 12 DOLLY GIRL TISSUES
21015,588.39,1479,143,DARK BIRD HOUSE TREE DECORATION
85180B,587.2,271,48,PINK HEARTS LIGHT CHAIN
23499,586.23,1312,110,SET 12 VINTAGE DOILY CHALK
21576,585.34,252,78,LETS GO SHOPPING COTTON TOTE BAG
22703,583.33,360,123,PINK CAT BOWL
85144,582.7,220,41,JARDIN ETCHED GLASS BUTTER DISH
20866,582.5,477,91,BLUE ROSE FABRIC MIRROR
84625A,582.18,458,44,PINK NEW BAROQUECANDLESTICK CANDLE
22096,581.75,1360,118,PINK PAISLEY SQUARE TISSUE BOX
23537,581.13,111,34,I LOVE LONDON WALL ART
21096,581.09,1259,105,SET/6 FRUIT SALAD  PAPER PLATES
23565,580.06,405,65,EGG CUP MILKMAID HELGA
35971,579.68,445,90,ROSE FOLKART HEART DECORATIONS
85141,579.39,111,42,JARDIN ETCHED GLASS FRUITBOWL
23125,574.88,459,38,6PC WOOD PLATE SET DISPOSABLE
22337,574.5400000000001,912,77,ANGEL DECORATION PAINTED ZINC
22820,574.12,938,78,GIFT BAG BIRTHDAY
22260,574.04,548,105,FELT EGG COSY BLUE RABBIT
22233,573.55,575,109,JIGSAW RABBIT AND BIRDHOUSE
20702,573.54,134,42,PINK PADDED MOBILE
84754,572.88,414,63,S/15 SILVER GLASS BAUBLES IN BAG
85136A,572.41,71,53,YELLOW SHARK HELICOPTER
21468,572.23,148,66,BUTTERFLY CROCHET FOOD COVER
20832,571.8199999999999,1066,83,RED FLOCK LOVE HEART PHOTO FRAME
22825,570.87,71,29,DECORATIVE PLANT POT WITH FRIEZE
84748,570.86,204,61,FOLK FELT HANGING MULTICOL GARLAND
47310M,570.4499999999999,410,121,"SMALL POP BOX,FUNKY MONKEY"
23455,569.4300000000001,207,35,SMALL PARLOUR PICTURE FRAME
85130D,569.29,565,62,BEADED CRYSTAL HEART PINK LARGE
21251,568.98,182,46,DINOSAUR HEIGHT CHART STICKER SET
85161,568.65,35,20,ACRYLIC GEOMETRIC LAMP
23219,568.6,430,61,LAUREL STAR ANTIQUE SILVER
22319,568.36,1316,62,HAIRCLIPS FORTIES FABRIC ASSORTED
21488,566.1700000000001,69,16,RED WHITE SCARF  HOT WATER BOTTLE
22482,565.86,478,53,BLUE TEA TOWEL CLASSIC DESIGN
85036B,564.4,356,51,CHOCOLATE 1 WICK MORRIS BOX CANDLE
85019A,564.35,414,33,ROMANTIC IMAGES NOTEBOOK SET
21581,563.67,240,80,SKULLS  DESIGN  COTTON TOTE BAG
23381,562.88,1496,80,PACK OF 12 VINTAGE LEAF TISSUES
23272,562.2199999999999,364,44,TREE T-LIGHT HOLDER WILLIE WINKIE
22272,561.97,195,49,FELTCRAFT DOLL MARIA
21219,561.84,448,89,SET/4 BADGES BALLOON GIRL
84569D,560.62,467,98,PACK 6 HEART/ICE-CREAM PATCHES
84912A,560.62,156,74,PINK ROSE WASHBAG
85016,560.11,563,42,SET OF 6 VINTAGE NOTELETS KIT
85163A,559.0,66,32,WHITE BAROQUE WALL CLOCK
21675,558.06,616,111,BUTTERFLIES STICKERS
21662,557.3000000000001,86,26,VINTAGE GLASS COFFEE CADDY
85187,556.53,337,69,S/12 MINI RABBIT EASTER
23069,556.21,88,32,EDWARDIAN PHOTO FRAME
23451,556.17,277,52,SQUARE MINI PORTRAIT FRAME
21264,556.05,275,50,WHITE GOOSE FEATHER TREE 60CM
23016,555.3,71,25,GLASS TWIST BON BON JAR
84951B,554.78,451,82,SET OF 4 BLACK LOVEBIRD COASTERS
85032D,553.5400000000001,675,94,YULETIDE IMAGES GIFT WRAP SET
85025B,553.4699999999999,328,39,EAU DE NILE HEART SHAPE PHOTO FRAME
35599D,553.07,201,34,PINK AND WHITE CHRISTMAS TREE 120CM
17129F,552.13,586,58,BLUE GLASS GEMS IN BAG
23473,552.02,678,51,WOODLAND SMALL RED FELT HEART
35599B,551.13,217,27,BLACK CHRISTMAS TREE 120CM
22102,551.04,902,32,MIRROR MOSAIC T-LIGHT HOLDER
22903,550.6,193,59,CALENDAR FAMILY FAVOURITES
21397,550.43,1075,65,BLUE POLKADOT EGG CUP
23457,549.88,112,31,LARGE PARLOUR PICTURE FRAME
22232,549.74,626,88,JIGSAW TOADSTOOLS 3 PIECE
21194,549.47,488,68,PINK  HONEYCOMB PAPER FAN
21849,548.93,173,66,SILVER DIAMANTE PEN IN GIFT BOX
84929,548.2700000000001,2249,69,ASSTD FRUIT+FLOWERS FRIDGE MAGNETS
23549,548.1,1305,52,WRAP BIRD GARDEN
21638,547.76,247,40,ASSORTED TUTTI FRUTTI NOTEBOOK
23484,547.35,185,35,HEART TRELLISTRIPLE T-LIGHT HOLDER
17012D,547.24,461,97,ORIGAMI ROSE INCENSE/CANDLE SET
21128,546.6,68,36,GOLD FISHING GNOME
47563A,546.51,281,106,RETRO LONGBOARD IRONING BOARD COVER
90062,545.28,43,27,CARNIVAL BRACELET
71279,543.62,170,42,PINK GLASS CANDLEHOLDER
23043,543.51,81,23,PAPER LANTERN 9 POINT HOLLY STAR 40
85107,541.39,249,27,CUT GLASS T-LIGHT HOLDER OCTAGON
22261,541.31,575,108,FELT EGG COSY WHITE RABBIT
22513,539.9,152,67,DOORSTOP FOOTBALL DESIGN
22717,535.78,1229,131,CARD DOG AND BALL
85172,535.66,1233,45,HYACINTH BULB T-LIGHT CANDLES
23074,534.79,240,49,EMBOSSED HEART TRINKET BOX
23398,534.5,605,70,HANGING HEART BONHEUR
84951A,534.05,451,94,SET OF 4 PISTACHIO LOVEBIRD COASTER
22023,533.68,1194,147,EMPIRE BIRTHDAY CARD
20893,533.42,232,27,HANGING BAUBLE T-LIGHT HOLDER SMALL
35965,532.17,342,70,FOLKART HEART NAPKIN RINGS
22543,530.8,1453,55,MINI JIGSAW BAKE A CAKE
85088,530.63,257,52,CANDY SPOT HAND BAG
17012F,530.6,448,94,ORIGAMI SANDLEWOOD INCENSE/CAND SET
35241,530.49,103,44,ENAMEL BLUE RIM BISCUIT BIN
21270,530.19,50,36,ANTIQUE CREAM CUTLERY CUPBOARD
75131,529.21,490,15,METAL TUBE CHIME ON BAMBOO
22709,528.5,1325,39,WRAP WEDDING DAY
23060,528.1700000000001,249,42,HEART BEADED TRELLIS DECORATION
22707,527.94,1257,49,WRAP MONSTER FUN
22275,527.85,69,1,WEEKEND BAG VINTAGE ROSE PAISLEY
21277,527.53,24,24,FRENCH STYLE EMBOSSED HEART CABINET
82613D,525.84,676,112,METAL SIGN CUPCAKE SINGLE HOOK
22521,525.51,609,104,CHILDS GARDEN TROWEL PINK
35809A,525.39,429,71,ENAMEL PINK TEA CONTAINER
22496,523.3100000000001,249,80,SET OF 2 ROUND TINS DUTCH CHEESE
20785,523.3000000000001,14,5,FUSCHIA RETRO BAR STOOL
22861,522.93,305,50,EASTER TIN CHICKS IN GARDEN
85131B,521.11,623,172,BEADED CRYSTAL HEART GREEN ON STICK
85025C,519.26,320,40,PINK HEART SHAPE PHOTO FRAME
23336,519.25,225,85,EGG FRYING PAN PINK
84313B,518.61,127,39,BLUE TV TRAY TABLE
21059,518.03,599,95,PARTY INVITES DINOSAURS
85104,516.9,198,18,SILVER GLASS T-LIGHT SET
85135B,516.6,64,46,BLUE DRAGONFLY HELICOPTER
21801,515.14,1215,126,CHRISTMAS TREE DECORATION WITH BELL
21711,513.02,104,36,FOLDING UMBRELLA WHITE/RED POLKADOT
22216,512.93,588,68,T-LIGHT HOLDER WHITE LACE
23136,511.89,135,49,IVORY WIRE SWEETHEART LETTER TRAY
23139,511.29999999999995,402,28,SINGLE WIRE HOOK PINK HEART
22280,509.59,468,95,POCKET BAG PINK PAISELY BROWN SPOT
84352,509.54999999999995,30,26,SILVER CHRISTMAS TREE BAUBLE STAND
72819,509.07,225,43,CUPID DESIGN SCENTED CANDLES
84520B,508.36999999999995,554,80,PACK 20 ENGLISH ROSE PAPER NAPKINS
23660,508.25999999999993,290,46,HENRIETTA HEN MUG
22248,508.09,573,111,DECORATION  PINK CHICK MAGIC GARDEN
20761,505.97,120,63,BLUE PAISLEY SKETCHBOOK
84665,505.75,85,20,SQUARE CHERRY BLOSSOM CABINET
21455,505.73999999999995,599,118,PAINTED YELLOW WOODEN DAISY
20998,505.20000000000005,185,69,ROSE DU SUD OVEN GLOVE
22127,504.88,404,22,PARTY CONES CARNIVAL ASSORTED
21654,504.68,974,59,RIDGED GLASS FINGER BOWL
85231G,502.54999999999995,590,88,ORANGE SCENTED SET/9 T-LIGHTS
21710,501.98,107,45,FOLDING UMBRELLA PINKWHITE POLKADOT
82613B,501.78,567,116,"METAL SIGN,CUPCAKE SINGLE HOOK"
23021,500.82000000000005,120,27,GLASS BONNE JAM JAR
20681,500.46,138,48,PINK POLKADOT CHILDRENS UMBRELLA
23560,499.18,172,26,SET OF 6 RIBBONS COUNTRY STYLE
82616C,497.69,321,86,MIDNIGHT GLAMOUR SCARF KNITTING KIT
22618,497.34999999999997,49,31,COOKING SET RETROSPOT
23117,496.28000000000003,92,46,POPPY FIELDS CHOPPING BOARD
21925,496.25,397,69,UNION STRIPE CUSHION COVER
21972,496.17999999999995,333,67,SET OF 36 DINOSAUR PAPER DOILIES
22516,494.89000000000004,206,62,CHILDS GARDEN RAKE BLUE
84625C,494.76,400,40,BLUE NEW BAROQUE CANDLESTICK CANDLE
20766,493.57,122,57,GARDEN PATH SKETCHBOOK
21358,493.29,411,108,TOAST ITS - HAPPY BIRTHDAY
46776C,492.79,117,59,WOVEN FROST CUSHION COVER
21926,492.4,400,62,RED/CREAM STRIPE CUSHION COVER
35598D,492.36,683,43,PINK/WHITE CHRISTMAS TREE 60CM
82616B,491.49,334,74,FRAPPUCINO SCARF KNITTING KIT
22511,491.45,250,55,RETROSPOT BABUSHKA DOORSTOP
23466,489.78,54,28,TUSCAN VILLA DOVECOTE
21632,489.74,88,24,VINTAGE PINK DECORATIVE PARASOL
22050,488.0,1200,41,PINK PAISLEY ROSE GIFT WRAP
84598,485.56,1687,100,BOYS ALPHABET IRON ON PATCHES
21202,485.46,474,25,DOLLY HONEYCOMB GARLAND
21454,485.15999999999997,572,136,PAINTED PINK RABBIT
23218,483.03,379,40,LAUREL STAR ANTIQUE GOLD
21634,481.95,976,28,ASSORTED MINI MADRAS NOTEBOOK
17012C,481.79999999999995,420,85,ORIGAMI LAVENDER INCENSE/CANDL SET
23691,481.5,1175,38,KEEP CALM BIRTHDAY WRAP
84687,480.63,77,34,BEACH HUT SHELF W 3 DRAWERS
21867,480.25,348,121,PINK UNION JACK  LUGGAGE TAG
21741,480.1700000000001,147,40,COSY SLIPPER SHOES LARGE GREEN
22638,479.33,299,53,SET OF 4 NAPKIN CHARMS CROWNS
22181,477.96,564,59,SNOWSTORM PHOTO FRAME FRIDGE MAGNET
23422,477.89,213,47,PANTRY HOOK BALLOON WHISK
85049F,477.34,378,88,BABY BOOM RIBBONS
84849B,477.14,265,77,FAIRY SOAP SOAP HOLDER
21472,476.41,123,37,LADYBIRD + BEE RAFFIA FOOD COVER
23561,476.0,170,16,SET OF 6 RIBBONS PARTY
21587,475.65,195,26,COSY HOUR GIANT TUBE MATCHES
85093,475.18,708,88,CANDY SPOT EGG WARMER HARE
21067,474.77,290,79,VINTAGE RED TEATIME MUG
90209C,474.2,260,32,PINK ENAMEL+GLASS HAIR COMB
85194S,470.78000000000003,1168,75,HANGING SPRING FLOWER EGG SMALL
21366,470.16999999999996,89,46,MIRRORED WALL ART PHOTO FRAMES
20716,469.63,400,73,PARTY FOOD SHOPPER BAG
20707,467.14,463,150,CRAZY DAISY HEART DECORATION
22230,467.09999999999997,1031,105,JIGSAW TREE WITH WATERING CAN
20615,466.99,309,95,BLUE POLKADOT PASSPORT COVER
20831,466.53000000000003,216,39,GOLD PHOTO FRAME
84917,466.3,184,27,WHITE HAND TOWEL WITH BUTTERFLY
23379,465.36,1220,76,PACK OF 12 RED APPLE TISSUES
21374,463.79,304,46,MIRRORED WALL ART SKULLS
35598B,460.64,558,25,BLACK CHRISTMAS TREE 60CM
21003,460.58,78,46,ROSE DU SUD CUSHION COVER
22344,459.81,1225,76,PARTY PIZZA DISH PINK POLKADOT
84820,459.25,255,32,DANISH ROSE TRINKET TRAYS
21063,458.31,528,102,PARTY INVITES JAZZ HEARTS
21062,457.38,538,74,PARTY INVITES SPACEMAN
17096,455.9800000000001,2545,24,ASSORTED LAQUERED INCENSE HOLDERS
84674,455.15000000000003,189,48,FLYING PIG WATERING CAN
21851,454.99,141,63,LILAC DIAMANTE PEN IN GIFT BOX
22184,454.86,54,37,CAKE STAND VICTORIAN FILIGREE LARGE
84916,453.39,223,29,HAND TOWEL PALE BLUE W FLOWERS
21061,451.7,488,83,PARTY INVITES FOOTBALL
21641,451.59,1153,49,ASSORTED TUTTI FRUTTI KEYRING BALL
23548,451.5,1075,43,WRAP MAGIC FOREST
23509,451.46000000000004,1062,65,MINI PLAYING CARDS FUN FAIR
20838,451.25,373,58,FRENCH LATTICE CUSHION COVER
48189,451.10999999999996,27,17,DOORMAT FRIENDSHIP
35004G,450.75,125,22,SET OF 3 GOLD FLYING DUCKS
22647,448.78,720,46,CERAMIC LOVE HEART MONEY BANK
20803,447.82,871,42,SMALL PINK GLASS SUNDAE DISH
22517,447.63000000000005,199,69,CHILDS GARDEN RAKE PINK
82613C,447.38,522,101,"METAL SIGN,CUPCAKE SINGLE HOOK"
20669,447.34,304,96,RED HEART LUGGAGE TAG
20770,447.25,184,72,ABSTRACT CIRCLE JOURNAL
21365,447.09000000000003,363,52,MIRRORED WALL ART STARS
22640,446.84,237,57,SET OF 4 NAPKIN CHARMS 3 KEYS
84920,446.23,115,48,PINK FLOWER FABRIC PONY
21415,446.02000000000004,219,46,CLAM SHELL SMALL
21220,445.01,338,89,SET/4 BADGES DOGS
21656,444.58,219,47,RIDGED GLASS POSY VASE
21580,444.07,181,62,RABBIT  DESIGN  COTTON TOTE BAG
20903,441.89,82,56,VINTAGE KEEPSAKE BOX TRAVELOGUE
22643,441.83,238,48,SET OF 4 NAPKIN CHARMS LEAVES
22598,441.09999999999997,984,96,CHRISTMAS MUSICAL ZINC TREE
35637A,440.62,170,28,IVORY STRING CURTAIN WITH POLE
22390,440.34,266,36,PAPERWEIGHT CHILDHOOD MEMORIES
20619,439.65,262,99,TROPICAL PASSPORT COVER
84600,438.94,52,26,NEW BAROQUE JEWELLERY BOX
20768,438.57,176,55,GREEN FERN JOURNAL
85169C,437.86,417,47,EAU DE NIL LOVE BIRD CANDLE
85111,437.59,1409,57,SILVER GLITTER FLOWER VOTIVE HOLDER
85130C,437.22,482,46,BEADED CRYSTAL HEART BLUE  LARGE
84596E,436.78,574,85,SMALL LICORICE DES PINK BOWL
21828,435.79,330,84,EIGHT PIECE SNAKE  SET
22545,435.25,1141,76,MINI JIGSAW BUNNIES
84976,435.09000000000003,498,39,RECTANGULAR SHAPED MIRROR
23023,434.5199999999999,272,26,RIDGED BONNE JAM JAR T-LIGHT HOLDER
84360,434.12,78,20,TABLE LAMP WHITE SHADE WOOD BASE
17107D,433.5,170,46,"FLOWER FAIRY,5 SUMMER B'DRAW LINERS"
35653,433.19,150,52,VINTAGE BEAD NOTEBOOK
85168B,432.78999999999996,51,35,BLACK BAROQUE CARRIAGE CLOCK
22389,431.54999999999995,238,46,PAPERWEIGHT SAVE THE PLANET
23058,430.86,490,48,CHRISTMAS HANGING SNOWFLAKE
22229,430.76,566,102,BUNNY WOODEN PAINTED WITH FLOWER
21002,428.66,125,66,ROSE DU SUD DRAWSTRING BAG
85071C,428.0,683,105,"CHARLIE+LOLA""EXTREMELY BUSY"" SIGN"
21758,427.46000000000004,50,32,VINTAGE SHELLS PRINT
77101A,426.94,387,22,UNION FLAG WINDSOCK
20705,426.9,142,29,MRS ROBOT SOFT TOY
21088,426.0,1666,104,SET/6 FRUIT SALAD PAPER CUPS
84559A,423.99,426,116,3D SHEET OF DOG STICKERS
90200E,423.41,103,44,GREEN SWEETHEART BRACELET
23044,423.29,101,25,PAPER LANTERN 9 POINT HOLLY STAR S
90154,421.75,57,5,LAZER CUT NECKLACE W PASTEL BEADS
85136C,421.18,52,36,RED SHARK HELICOPTER
72799F,421.13000000000005,144,30,IVORY PILLAR CANDLE GOLD FLOCK
20762,420.08,106,56,GREEN FERN SKETCHBOOK
22134,419.0,889,162,LADLE LOVE HEART RED
90114,417.96,167,88,SUMMER DAISIES BAG CHARM
85208,416.91,223,48,SET/12 FUNKY FELT FLOWER PEG IN BAG
22214,416.59999999999997,193,56,CANDLE PLATE LACE WHITE
84931B,416.42999999999995,174,50,BLUE SCOTTIE DOG W FLOWER PATTERN
20765,416.05,102,59,CHRYSANTHEMUM SKETCHBOOK
21147,415.77,203,76,JINGLE BELLS TREE DECORATION
22108,415.09000000000003,152,63,PING! MICROWAVE PLATE
23045,414.9800000000001,98,26,PAPER LANTERN 5 POINT STAR MOON 30
84616,414.46999999999997,11,11,SILVER ROCCOCO CHANDELIER
22405,414.3,371,71,MONEY BOX POCKET MONEY DESIGN
21884,413.76,1166,93,CAKES AND BOWS GIFT  TAPE
90161C,412.74,83,50,ANT COPPER LIME BOUDICCA BRACELET
84658,412.23,57,22,WHITE STITCHED CUSHION COVER
84806B,411.55999999999995,308,20,WHITE CANDYSTUFT ARTIFICIAL FLOWER
21817,410.91,906,58,GLITTER CHRISTMAS TREE
22447,410.81,137,45,PIN CUSHION BABUSHKA BLUE
22051,409.5,975,39,BLUE SCANDINAVIAN PAISLEY WRAP
85203,408.99,895,127,HANGING WOOD AND FELT BUTTERFLY
20830,407.73,135,38,SILVER PHOTO FRAME
21129,405.62,50,28,SILVER FISHING GNOME
21318,405.07,677,54,GLASS CHALICE BLUE SMALL
16219,404.84,3000,101,HOUSE SHAPE PENCIL SHARPENER
35964,404.08,783,100,FOLKART CLIP ON STARS
23415,403.92999999999995,323,48,HOME SWEET HOME HOOK
22510,402.74,210,42,GINGHAM BABUSHKA DOORSTOP
22406,402.21,345,85,MONEY BOX KINGS CHOICE DESIGN
23339,400.84000000000003,173,76,EGG FRYING PAN BLUE
23576,400.03999999999996,198,37,SNACK TRAY RED VINTAGE DOILY
23429,400.01,47,23,RED RETRO KITCHEN WALL CLOCK
37476,399.02,37,26,CONDIMENT TRAY 4 BOWLS AND 4 SPOONS
21285,398.28000000000003,341,44,RETROSPOT CANDLE  MEDIUM
21131,398.02,106,28,GOLD STANDING GNOME
84821,396.95,923,41,DANISH ROSE DELUXE COASTER
18007,395.61,5884,30,ESSENTIAL BALM 3.5G TIN IN ENVELOPE
20867,393.46999999999997,331,62,PINK ROSE FABRIC MIRROR
47421,393.0,994,55,ASSORTED COLOUR LIZARD SUCTION HOOK
23337,388.75,180,69,EGG FRYING PAN MINT
90200B,388.58,92,48,BLACK SWEETHEART BRACELET
35095A,388.57,925,100,BLUE VICTORIAN FABRIC OVAL BOX
23150,388.26000000000005,147,50,IVORY SWEETHEART SOAP DISH
84974,388.04999999999995,39,28,S/2 ZINC HEART DESIGN PLANTERS
23039,388.01,193,29,T-LIGHT HOLDER SILVER HEART HANDLE
22256,387.9,286,50,FELT FARM ANIMAL CHICKEN
21579,387.22,166,53,LOLITA  DESIGN  COTTON TOTE BAG
21879,385.47,1176,94,HEARTS GIFT TAPE
22345,383.75,1099,72,PARTY PIZZA DISH BLUE POLKADOT
85179A,383.25,194,60,GREEN BITTY LIGHT CHAIN
21881,383.11,1102,79,CUTE CATS TAPE
22048,383.0,950,33,BIRTHDAY BANQUET GIFT WRAP
23116,382.44,76,22,VEGETABLE GARDEN CHOPPING BOARD
84919,381.78000000000003,58,29,BLUE CUSHION COVER WITH FLOWER
22346,381.09,1034,59,PARTY PIZZA DISH GREEN POLKADOT
21562,380.36,324,28,HAWAIIAN GRASS SKIRT
21373,380.04,500,48,MIRRORED WALL ART SNOWFLAKES
16045,380.0,8900,68,POPART WOODEN PENCILS ASST
46776D,378.29,89,37,WOVEN SUNSET CUSHION COVER
90161B,377.88,76,37,ANT COPPER TURQ BOUDICCA BRACELET
21051,377.2,192,51,RIBBONS PURSE
90160C,377.04,54,26,TURQ+RED BOUDICCA LARGE BRACELET
47367B,376.27000000000004,112,43,PAIR PADDED HANGERS PINK CHECK
17012A,375.93,323,65,ORIGAMI VANILLA INCENSE/CANDLE SET
23459,375.0,30,21,DOLLY CABINET 2 DRAWERS
21635,374.96000000000004,271,16,MADRAS NOTEBOOK LARGE
85232A,374.7,75,30,SET/3 POLKADOT STACKING TINS
21945,373.34,358,105,STRAWBERRIES  DESIGN FLANNEL
84915,372.33,217,23,HAND TOWEL PINK FLOWER AND DAISY
22486,369.95,65,28,PLASMATRONIC LAMP
21689,369.87,95,26,SILVER VANILLA  FLOWER CANDLE POT
84563A,369.84000000000003,96,35,PINK & WHITE BREAKFAST TRAY
20782,368.08,53,27,CAMOUFLAGE EAR MUFF HEADPHONES
23575,367.34999999999997,179,32,SNACK TRAY PAISLEY PARK
16011,367.29,1749,46,ANIMAL STICKERS
22532,366.75,1072,73,MAGIC DRAWING SLATE LEAP FROG
84663A,365.01,267,37,GRASS HOPPER WOODEN WALL CLOCK
22265,363.55,536,64,EASTER DECORATION NATURAL CHICK
21286,362.12,273,30,RETROSPOT CANDLE  LARGE
21348,361.55999999999995,140,6,PINK SPOTS CHOCOLATE NESTING BOXES
21000,360.84,96,52,ROSE DU SUD COSMETICS BAG
16008,360.71,2892,70,SMALL FOLDING SCISSOR(POINTED EDGE)
23661,360.59,199,37,MILK MAIDS MUG
20854,359.91999999999996,228,42,BLUE PATCH PURSE PINK HEART
21060,359.28999999999996,405,71,PARTY INVITES BALLOON GIRL
23579,358.75,169,35,SNACK TRAY I LOVE LONDON
82095,356.11,68,30,HEART BUTTONS JEWELLERY BOX
85169B,356.06,329,62,BLACK LOVE BIRD CANDLE
84569A,355.84,294,65,PACK 3 IRON ON DOG PATCHES
21724,355.83,408,81,PANDA AND BUNNIES STICKER SHEET
90209B,355.64,184,54,GREEN ENAMEL+GLASS HAIR COMB
85169D,354.83,350,51,PINK LOVE BIRD CANDLE
22100,354.82,755,59,SKULLS SQUARE TISSUE BOX
35095B,352.25,862,98,RED VICTORIAN FABRIC OVAL BOX
23420,351.37,164,32,PANTRY HOOK TEA STRAINER
35954,350.48,1245,54,SMALL FOLKART STAR CHRISTMAS DEC
21555,350.46999999999997,137,69,CERAMIC STRAWBERRY TRINKET TRAY
21664,350.22,98,18,RIDGED GLASS STORAGE JAR CREAM LID
21723,350.08,397,59,ALPHABET HEARTS STICKER SHEET
79030D,349.84,580,48,"TUMBLER, BAROQUE"
21320,349.52000000000004,190,20,GLASS CHALICE GREEN  LARGE
37482P,349.35,494,47,CUBIC MUG PINK POLKADOT
23421,349.2,160,33,PANTRY HOOK SPATULA
20934,349.16,54,36,SET/3 POT PLANT CANDLES
22529,349.03,851,70,MAGIC DRAWING SLATE GO TO THE FAIR
47591B,348.91999999999996,210,57,SCOTTIES CHILDRENS APRON
84924A,348.59000000000003,81,33,WAKE UP COCKEREL CALENDAR SIGN
21421,348.43000000000006,299,14,PORCELAIN ROSE LARGE
21197,348.30999999999995,263,28,MULTICOLOUR  CONFETTI IN TUBE
21222,348.19,265,73,SET/4 BADGES BEETLES
21001,348.19,73,50,ROSE DU SUD WASHBAG
20652,346.86,265,78,BLUE POLKADOT LUGGAGE TAG
84563B,346.3,94,38,BLUE & WHITE BREAKFAST TRAY
21263,345.27,165,43,GREEN GOOSE FEATHER TREE 60CM
20700,345.17,73,54,GREEN CAT FLORAL CUSHION COVER
21284,344.13,367,44,RETROSPOT CANDLE  SMALL
22104,343.71,288,59,MIRROR MOSAIC CANDLE PLATE
35957,343.57,592,42,SMALLFOLKART BAUBLE CHRISTMAS DEC
90149,342.76000000000005,53,4,SILVER FLOWR PINK SHELL NECKLACE
85129D,342.74,207,65,BEADED CRYSTAL HEART PINK SMALL
20856,340.78999999999996,206,62,DENIM PATCH PURSE PINK BUTTERFLY
21221,340.22,261,54,SET/4 BADGES CUTE CREATURES
84826,338.38,1102,32,ASSTD DESIGN 3D PAPER STICKERS
22547,337.39,807,102,MINI JIGSAW DINOSAUR
72122,335.78999999999996,324,61,COFFEE SCENT PILLAR CANDLE
21850,335.13,93,55,BLUE  DIAMANTE PEN IN GIFT BOX
71270,334.98,236,49,PHOTO CLIP LINE
23047,333.5,58,25,PAPER LANTERN 5 POINT SEQUIN STAR
85230B,333.2,1288,39,CINNAMON SCENTED VOTIVE CANDLE
22259,332.84,481,44,FELT FARM ANIMAL HEN
84638,331.5,50,37,SMALL KITCHEN FLOWER POTS PLAQUE
85213,329.7,828,34,MINI  ZINC GARDEN DECORATIONS
21248,329.27,204,67,DOOR HANGER  MUM + DADS ROOM
90200A,328.44,78,50,PURPLE SWEETHEART BRACELET
84926E,327.79999999999995,968,39,FLOWERS TILE COASTER
21167,326.64,1382,68,WHITE SAGE INCENSE
84708B,326.35,62,19,PINK JEWELLED PHOTO FRAME
85204,325.24,2049,105,HANGING WOOD AND FELT FLOWER
23037,325.15999999999997,196,20,CANDLE HOLDER SILVER MADELINE
23478,324.40000000000003,285,13,WOODLAND LARGE PINK FELT HEART
85205B,323.15,122,29,PINK FELT EASTER RABBIT GARLAND
22135,322.38,567,179,LADLE LOVE HEART PINK
21403,322.18,1857,106,BLUE EGG  SPOON
16238,321.67,1396,134,PARTY TIME PENCIL ERASERS
22092,321.40000000000003,670,91,BLUE PAISLEY TISSUE BOX
84952B,320.89,183,30,BLACK LOVE BIRD T-LIGHT HOLDER
21425,320.49,87,30,SKULLS STORAGE BOX LARGE
16236,320.09,1438,136,KITTY PENCIL ERASERS
21371,319.71,287,38,MIRRORED WALL ART POPPIES
90161D,318.89000000000004,64,34,ANT COPPER PINK BOUDICCA BRACELET
16259,317.92,3272,32,PIECE OF CAMO STATIONERY SET
84931A,317.44,133,51,PINK SCOTTIE DOG W FLOWER PATTERN
84849A,317.3,164,54,HELLO SAILOR BLUE SOAP HOLDER
46118,317.16999999999996,232,46,FUNKY MONKEY CUSHION COVER
22765,316.95000000000005,27,5,NEWSPAPER STAND
84631,316.73,37,26,FRUIT TREE AND BIRDS WALL PLAQUE
20936,316.71000000000004,99,35,FORKED CACTUS CANDLE
35915C,316.46,315,60,PEACH KNITTED HEN
84247E,316.24,117,50,PACK/12 XMAS FUN CARD
84876B,315.81,218,33,GREEN HEART COMPACT MIRROR
21026,315.75,255,68,SPACE OWL
90198A,315.73,75,44,VINTAGE ROSE BEAD BRACELET RASPBERR
22202,315.6,63,38,MILK PAN PINK POLKADOT
85170B,314.65,214,40,SET/6 BLACK BIRD T-LIGHT CANDLES
84584,314.51,144,30,PINK GINGHAM CAT WITH SCARF
17084N,313.31,1264,101,FAIRY DREAMS INCENSE
23695,313.24,741,57,DOILY THANK YOU CARD
85202,313.13,672,106,HANGING WOOD AND FELT HEART
21375,312.77,41,27,LARGE CAMPHOR WOOD FIELD MUSHROOM
20780,312.7,47,28,BLACK EAR MUFF HEADPHONES
84358,312.7,33,13,FLOOR LAMP SHADE WOOD BASE
21841,310.25,73,21,BABY MOUSE RED GINGHAM DRESS
21944,310.19,337,100,KITTENS DESIGN FLANNEL
84510C,310.03,172,77,SET OF 4 POLKADOT COASTERS
47021G,309.29999999999995,582,27,SET/6 BEAD COASTERS GAUZE BAG GOLD
21442,307.94,437,59,GREEN BIRDHOUSE DECORATION
21719,307.44,345,58,LOVELY BONBON STICKER SHEET
47594B,306.75,166,59,SCOTTIES DESIGN WASHBAG
23495,306.66,225,41,SET OF 3 PANTRY WOODEN SPOONS
22124,306.16,149,76,SET OF 2 TEA TOWELS PING MICROWAVE
84661B,305.2,116,30,BLACK SQUARE TABLE CLOCK
22040,304.5,725,28,BOTANICAL ROSE GIFT WRAP
22043,304.5,1238,64,CHRISTMAS CARD SCREEN PRINT
90147,304.11,30,24,CHUNKY SILVER NECKLACE PASTEL FLOWE
22641,303.72999999999996,139,37,SET OF 4 NAPKIN CHARMS INSTRUMENT
20622,303.7,185,51,VIPPASSPORT COVER
84766,303.45,131,17,SILVER ROCOCO CANDLE STICK
21942,302.81,275,104,SKULLS DESIGN FLANNEL
72586,302.71,655,84,SET OF 6 HALLOWEEN GHOST T-LIGHTS
23430,301.88,36,18,BLUE RETRO KITCHEN WALL CLOCK
35912B,301.26,252,20,WHITE/PINK CHICK DECORATION
84632,299.75,5,6,DECORATIVE HANGING SHELVING UNIT
21761,299.5,10,10,WOOD AND GLASS MEDICINE CABINET
23440,299.36,164,5,PAINT YOUR OWN EGGS IN CRATE
22409,298.47,227,58,MONEY BOX BISCUITS DESIGN
90184B,297.94,33,21,AMETHYST CHUNKY BEAD BRACELET W STR
72801D,297.91,150,62,4 SKY BLUE DINNER CANDLES
84596J,296.45,568,68,MIXED NUTS LIGHT GREEN BOWL
46776E,292.56,68,39,WOVEN CANDY CUSHION COVER
20655,292.29,197,99,QUEEN OF SKIES LUGGAGE TAG
35911A,292.07,319,70,MULTICOLOUR RABBIT EGG WARMER
21441,292.03,421,62,BLUE BIRDHOUSE DECORATION
23567,290.33,210,38,EGG CUP HENRIETTA HEN PINK
16015,289.98,662,24,MEDIUM CHINESE STYLE SCISSOR
85024B,289.65,193,12,EAU DE NILE JEWELLED PHOTOFRAME
79051A,289.54999999999995,823,41,SMOKEY GREY COLOUR D.O.F. GLASS
21503,288.5,725,24,TOYBOX  WRAP
20618,286.39,148,76,QUEEN OF THE SKIES PASSPORT COVER
72800B,285.7,142,38,4 PURPLE FLOCK DINNER CANDLES
21386,285.64,709,51,IVORY HANGING DECORATION  EGG
37413,284.49,703,81,ICON MUG REVOLUTIONARY
71403,283.96000000000004,76,33,"PINK/WHITE ""KEEP CLEAN"" BULLET BIN"
18094C,283.93,192,42,WHITE AND BLUE CERAMIC OIL BURNER
21666,283.51,412,43,RIDGED GLASS T-LIGHT HOLDER
16218,283.31,3821,64,CARTOON  PENCIL SHARPENERS
20777,282.48999999999995,169,80,CHRYSANTHEMUM NOTEBOOK
84341B,282.38,645,40,SMALL PINK MAGIC CHRISTMAS TREE
23410,281.95,35,19,CURIO CABINET LINEN AND LACE
79190B,281.64,691,59,RETRO PLASTIC POLKA TRAY
23481,281.17,228,29,PEARLISED IVORY HEART SMALL
22049,281.0,1025,34,WRAP CHRISTMAS SCREEN PRINT
23015,280.63,33,21,CORDIAL GLASS JUG
22257,280.42,373,42,FELT FARM ANIMAL SHEEP
84816,279.65000000000003,7,15,DANISH ROSE BEDSIDE CABINET
71101E,278.5,346,22,STANDING FAIRY POLE SUPPORT
21725,277.24,301,50,SWEETIES  STICKERS
16169M,277.2,660,25,WRAP DAISY CARPET
21293,276.72,116,24,MIRRORED DOVE WALL DECORATION
72801C,276.59,184,44,4 ROSE PINK DINNER CANDLES
84926D,276.53,709,34,LA PALMIERA TILE COASTER
23137,275.62,83,23,ZINC WIRE SWEETHEART LETTER TRAY
85188A,275.62,316,43,GREEN METAL SWINGING BUNNY
21250,274.37,95,20,SET OF SKULL WALL STICKERS
85186A,273.64,567,79,EASTER BUNNY GARLAND OF FLOWERS
84859A,272.99,129,35,SILVER DISCO HANDBAG
23141,272.91,79,25,TRIPLE WIRE HOOK PINK HEART
20734,271.21999999999997,158,26,SILVER MINI TAPE MEASURE
20755,271.16999999999996,306,62,BLUE PAISLEY POCKET BOOK
85214,271.03999999999996,164,58,TUB 24 PINK FLOWER PEGS
23474,270.96,312,37,WOODLAND SMALL BLUE FELT HEART
20684,270.56,80,35,STRAWBERRY DREAM CHILDS UMBRELLA
21815,270.22999999999996,158,29,STAR  T-LIGHT HOLDER
22512,269.71,122,37,DOORSTOP RACING CAR DESIGN
21785,268.76,411,5,RAIN PONCHO
21332,268.1,19,13,MOROCCAN BEATEN METAL MIRROR
17013D,267.82,535,13,ORIGAMI ROSE INCENSE IN TUBE
85230E,267.45,1101,24,STRAWBRY SCENTED VOTIVE CANDLE
21265,267.21,131,19,PINK GOOSE FEATHER TREE 60CM
20771,267.13,102,40,CHRYSANTHEMUM  JOURNAL
35001W,266.53000000000003,91,6,HAND OPEN SHAPE DECO.WHITE
20699,266.03,97,41,MOUSEY LONG LEGS SOFT TOY
23476,264.72,205,22,WOODLAND LARGE RED FELT HEART
90160D,264.7,38,12,PINK BOUDICCA LARGE BRACELET
84952A,264.46999999999997,92,26,CLEAR LOVE BIRD T-LIGHT HOLDER
85039C,264.12,304,68,S/4 BLACK MINI ROSE CANDLE IN BOWL
22889,263.8,169,33,NUMBER TILE VINTAGE FONT NO
20897,262.87,95,26,VINTAGE NOTEBOOK PARIS DAYS
21445,262.5,210,22,12 PINK ROSE PEG PLACE SETTINGS
85124C,261.89,94,39,GREEN JUICY FRUIT PHOTO FRAME
84858C,261.68,186,6,PINK RIVIERA HANDBAG
85186C,260.77,508,79,BUNNY EGG GARLAND
20794,259.84,90,29,BLUE  TILE HOOK
72800C,259.71999999999997,130,35,4 PINK DINNER CANDLE SILVER FLOCK
21324,259.67,81,28,HANGING MEDINA LANTERN SMALL
21279,258.5,82,30,VINTAGE KITCHEN PRINT FRUITS
79337,257.68,638,11,BLUE FLOCK GLASS CANDLEHOLDER
20997,257.61,59,34,ROSE DU SUD CUSHION COVER
35915B,257.21999999999997,220,50,BLUE KNITTED HEN
21458,256.54,182,36,2 PICTURE BOOK EGGS EASTER BUNNY
78124,256.5,198,18,MAGAZINE RACK GEBRA ASSORTED
16012,256.2,1220,35,FOOD/DRINK SPONGE STICKERS
84952C,255.0,144,12,MIRROR LOVE BIRD T-LIGHT HOLDER
21269,254.98000000000002,29,19,ANTIQUE CREAM CUTLERY SHELF
21547,253.53000000000003,79,22,CERAMIC BIRDHOUSE CRESTED TIT SMALL
35967,252.33,485,67,FOLK ART METAL STAR T-LIGHT HOLDER
84559B,252.21999999999997,256,76,3D SHEET OF CAT STICKERS
22052,252.0,600,29,VINTAGE CARAVAN GIFT WRAP
21882,251.17000000000002,704,70,SKULLS TAPE
22164,250.22000000000003,78,15,STRING OF STARS CARD HOLDER
21427,250.14000000000001,93,44,SKULLS STORAGE BOX SMALL
85071D,249.48999999999998,403,84,CHARLIE+LOLA MY ROOM DOOR SIGN
85124B,248.76,87,40,BLUE JUICY FRUIT PHOTO FRAME
23465,247.63,29,16,TUSCAN VILLA FEEDING STATION
22410,247.42000000000002,237,58,MONEY BOX HOUSEKEEPING DESIGN
20659,246.84,158,62,ECONOMY LUGGAGE TAG
21379,246.82999999999998,178,50,CAMPHOR WOOD PORTOBELLO MUSHROOM
47422,245.76,616,46,ASSORTED MONKEY SUCTION CUP HOOK
90175A,245.63,27,25,WHITE GLASS CHUNKY CHARM BRACELET
22391,245.57999999999998,158,29,PAPERWEIGHT HOME SWEET HOME
21676,245.35999999999999,257,61,FLOWERS  STICKERS
20819,244.72,64,27,SILVER TEDDY BEAR
22869,244.19,95,45,NUMBER TILE COTTAGE GARDEN 1
20616,243.53,194,71,CHERRY BLOSSOM PASSPORT COVER
85095,243.49,150,48,THREE CANVAS LUGGAGE TAGS
85230G,243.11999999999998,984,26,ORANGE VOTIVE CANDLE
23475,242.17999999999998,286,31,WOODLAND SMALL PINK FELT HEART
85094,242.13,640,90,CANDY SPOT EGG WARMER RABBIT
84678,241.98999999999998,139,15,CLASSICAL ROSE SMALL VASE
84592,241.24000000000004,76,22,CROCHET ROSE PURSE WITH SUEDE BACK
22870,240.29,93,39,NUMBER TILE COTTAGE GARDEN 2
22954,240.13,196,41,HEN PARTY CORDON BARRIER TAPE
23143,239.97,30,16,ZINC WIRE KITCHEN ORGANISER
21028,239.24,187,58,NINJA RABBIT BLACK
22137,237.98000000000002,82,14,BATHROOM SET LOVE HEART DESIGN
21644,237.5,190,34,ASSORTED TUTTI FRUTTI HEART BOX
90143,237.18,31,20,SILVER BRACELET W PASTEL FLOWER
72131,236.39999999999998,136,18,COLUMBIAN CANDLE RECTANGLE
21360,236.17,39,16,JOY LARGE WOOD LETTERS
23580,234.92,116,25,SNACK TRAY HAPPY FOREST
16216,234.0,3333,45,LETTER SHAPE PENCIL SHARPENER
20775,233.54,134,63,DAISY NOTEBOOK
21025,233.52,174,56,SPACE FROG
23036,232.42000000000002,184,16,T-LIGHT HOLDER SILVER PETIT FOUR
90201B,232.25000000000003,79,25,BLACK ENAMEL FLOWER RING
23447,231.89999999999998,158,4,PINK BUNNY EASTER EGG BASKET
84712B,231.56,30,20,PINK JEWELLED PHOTO FRAME
20696,230.81,54,30,FLORAL SOFT CAR TOY
84857C,230.38,97,11,PINK MONTE CARLO HANDBAG
23446,230.24999999999997,157,3,BLUE BUNNY EASTER EGG BASKET
21161,229.92,143,43,KEEP OUT BOYS DOOR HANGER
21973,229.1,158,31,SET OF 36 MUSHROOM PAPER DOILIES
85200,228.75,183,26,BUNNY EGG BOX
90010E,227.89,25,16,AMBER GLASS/SILVER BRACELET
72800D,226.67,87,31,4 BLUE DINNER CANDLES SILVER FLOCK
23003,226.2,542,53,TRAVEL CARD WALLET VINTAGE ROSE
90201D,225.84,77,31,GREEN ENAMEL FLOWER RING
21157,225.5,78,34,RED RETROSPOT WASHBAG
84422,225.45,518,16,PINK/BLUE DISC/MIRROR STRING
90206C,224.73000000000002,45,31,CRYSTAL DIAMANTE STAR BROOCH
90158,224.12,45,35,ST TROPEZ NECKLACE
23149,224.06000000000003,88,23,ANTIQUE IVORY WIRE BOWL SMALL
21657,223.46,30,17,MILK BOTTLE WITH GLASS STOPPER
84218,223.10999999999999,123,41,BOX/12 CHICK & EGG IN BASKET
47469,223.01,445,13,ASSORTED SHAPES PHOTO CLIP SILVER
85040B,222.86999999999998,133,38,SET/4 BLUE FLOWER CANDLES IN BOWL
21647,222.60000000000002,106,26,ASSORTED TUTTI FRUTTI LARGE PURSE
84711A,221.79999999999998,25,17,SILVER OVAL SHAPE TRINKET BOX
21456,220.97,170,26,2 PICTURE BOOK EGGS EASTER CHICKS
22031,220.55,492,81,BOTANICAL LAVENDER BIRTHDAY CARD
22395,220.04,152,33,PAPERWEIGHT VINTAGE PAISLEY
85019C,219.72,170,12,CURIOUS  IMAGES NOTEBOOK SET
20868,219.35000000000002,458,46,SILVER FABRIC MIRROR
90058B,218.88,576,16,CRYSTAL STUD EARRINGS ASSORTED COL
75178,218.87,459,13,ASSTD COL BUTTERFLY/CRYSTAL W/CHIME
35914,218.81,195,40,PINK CHICK EGG WARMER + EGG CUP
21378,217.89,142,34,SMALL TALL CAMPHOR WOOD TOADSTOOL
90014A,217.59,27,21,SILVER/MOP ORBIT NECKLACE
20847,217.57999999999998,52,18,ZINC HEART LATTICE CHARGER LARGE
20769,217.55999999999997,80,34,DAISY JOURNAL
84876D,217.5,128,16,BLUE HEART COMPACT MIRROR
21132,217.35999999999999,44,22,SILVER STANDING GNOME
90160A,216.29000000000002,31,16,PURPLE BOUDICCA LARGE BRACELET
21364,216.21,29,25,PEACE SMALL WOOD LETTERS
21377,215.67999999999998,121,41,SMALL CAMPHOR WOOD FIELD  MUSHROOM
22394,215.38,162,24,PAPERWEIGHT KINGS CHOICE
84051,215.21,281,25,ASS COLOUR GLOWING TIARAS
90120C,215.20000000000002,51,22,GREEN MURANO TWIST BRACELET
21520,213.35,502,59,BOOZE & WOMEN GREETING CARD
21316,211.78000000000003,158,16,SMALL CHUNKY GLASS ROMAN  BOWL
22882,211.75,107,43,NUMBER TILE VINTAGE FONT 3
90200C,211.43,50,26,BLUE SWEETHEART BRACELET
72127,210.61,169,30,COLUMBIAN CANDLE ROUND
84877B,210.56,144,21,GREEN ROUND COMPACT MIRROR
84707B,210.54999999999998,34,18,PINK JEWELLED MIRROR TRINKET TRAY
84926A,210.51999999999998,604,35,WAKE UP COCKEREL TILE COASTER
90175D,210.04,23,20,TIGRIS EYE CHUNKY CHARM BRACELET
90160B,209.73000000000002,30,12,RED BOUDICCA LARGE BRACELET
21750,207.51000000000002,90,24,LARGE SKULL WINDMILL
20781,206.77,34,26,GOLD EAR MUFF HEADPHONES
16048,205.29999999999998,1460,67,TEATIME ROUND PENCIL SHARPENER
90119,205.06,83,36,METALIC LEAVES BAG CHARMS
20763,205.04,73,27,DAISY SKETCHBOOK
21726,204.69,237,42,MULTI HEARTS  STICKERS
84875B,203.51,131,20,GREEN SQUARE COMPACT MIRROR
85230A,203.27999999999997,840,18,OPIUM SCENTED VOTIVE CANDLE
22878,202.09,74,34,NUMBER TILE COTTAGE GARDEN NO
22541,201.95,503,35,MINI JIGSAW LEAP FROG
85179C,201.31,106,36,PINK BITTY LIGHT CHAIN
44235,200.04,538,13,ASS COL CIRCLE MOBILE
90184C,199.67,22,18,BLACK CHUNKY BEAD BRACELET W STRAP
16156L,199.5,475,18,"WRAP, CAROUSEL"
22038,199.5,475,19,BOTANICAL LAVENDER GIFT WRAP
21367,199.48999999999998,171,43,MIRRORED WALL ART GENTS
90192,199.20000000000002,40,26,JADE DROP EARRINGS W FILIGREE
21651,198.57,127,11,HANGING GLASS ETCHED TEALIGHT
22881,197.56,102,34,NUMBER TILE VINTAGE FONT 2
47578A,197.43,213,45,ENGLISH ROSE SMALL SCENTED FLOWER
90019A,197.09,38,27,SILVER M.O.P ORBIT BRACELET
22880,196.69,97,32,NUMBER TILE VINTAGE FONT 1
22044,196.44,816,36,CHRISTMAS CARD STACK OF PRESENTS
71143,196.35999999999999,178,37,SILVER BOOK MARK WITH BEADS
20617,194.94,93,43,FIRST CLASS PASSPORT COVER
23697,194.58,456,35,A PRETTY THANK YOU CARD
22884,194.04999999999998,99,36,NUMBER TILE VINTAGE FONT 5
20654,193.59,152,49,FIRST CLASS LUGGAGE TAG
22289,193.52,148,34,HANGING METAL CHICKEN DECORATION
21275,193.32999999999998,8,14,ZINC TOP  2 DOOR WOODEN SHELF
90082A,193.2,30,18,DIAMANTE BOW BROOCH GREEN COLOUR
21376,192.81,33,17,LARGE  TALL CAMPHOR WOOD TOADSTOOL
84910A,192.14,26,17,PINK PAISLEY CUSHION COVER
90030B,190.73000000000002,122,25,RED KUKUI COCONUT SEED NECKLACE
90201A,190.71,65,29,PURPLE ENAMEL FLOWER RING
47471,189.88,290,39,RAINBOW PEGS PHOTO CLIP STRING
21418,189.75,74,25,STARFISH SOAP DISH
21196,189.67999999999998,108,13,ROUND WHITE CONFETTI IN TUBE
22883,189.53,99,33,NUMBER TILE VINTAGE FONT 4
90018A,189.08,45,38,SILVER M.O.P ORBIT DROP EARRINGS
21807,189.0,438,30,WHITE CHRISTMAS STAR DECORATION
85020,188.81,85,22,ROUND PINK HEART MIRROR
84804B,188.37000000000003,99,6,BLUE DELPHINIUM ARTIFICIAL FLOWER
84926F,188.26,406,29,PSYCHEDELIC TILE COASTER
21027,187.79,167,42,NINJA RABBIT PINK
20694,187.54,43,16,FLORAL PINK MONSTER
84711B,186.64,20,13,PINK OVAL SHAPE TRINKET BOX
84535A,186.56,399,21,ENGLISH ROSE NOTEBOOK A6 SIZE
84993A,186.25,375,74,75 GREEN PETIT FOUR CASES
21402,185.51999999999998,1369,92,RED  EGG  SPOON
21306,185.42,475,46,SET/4 DAISY MIRROR MAGNETS
23416,184.67999999999998,132,25,CHAMBRE HOOK
90016B,184.66,22,19,GOLD/M.O.P PENDANT ORBIT NECKLACE
85055,183.71,45,16,FRENCH ENAMEL UTENSIL HOLDER
84509E,183.45,91,23,SET OF 4 CAROUSEL PLACEMATS
21911,183.40999999999997,102,30,GARDEN METAL SIGN
84429A,182.50000000000003,54,21,MEDIUM PINK BUDDHA HEAD
47594A,182.29,99,55,CAROUSEL DESIGN WASHBAG
22032,181.98,427,60,BOTANICAL LILY GREETING CARD
84927F,181.0,294,45,PSYCHEDELIC TILE HOOK
84907,180.93,29,23,PINK YELLOW PATCH CUSHION COVER
85215,180.71,223,18,ASSORTED CHEESE FRIDGE MAGNETS
84804A,180.58,70,8,CREAM DELPHINIUM ARTIFICIAL FLOWER
84859C,180.51999999999998,84,22,PINK DISCO HANDBAG
22157,180.2,212,11,ANGEL DECORATION WITH LACE PADDED
21826,180.18,121,36,EIGHT PIECE DINOSAUR SET
21721,179.45999999999998,195,33,CANDY SHOP  STICKER SHEET
40003,179.23,155,15,WHITE BAMBOO RIBS LAMPSHADE
21847,178.89,76,33,GREEN  DIAMANTE PEN IN GIFT BOX
85131C,178.85,193,50,BEADED CRYSTAL HEART BLUE ON STICK
16258A,178.54999999999998,471,60,SWIRLY CIRCULAR RUBBERS IN BAG
79190A,178.1,381,64,RETRO PLASTIC 70'S TRAY
22872,177.46,72,30,NUMBER TILE COTTAGE GARDEN 4
GIFT_0001_30,175.53,7,7,DOTCOMGIFTSHOP GIFT VOUCHER £30.00
90197B,174.73000000000002,35,27,BLACK GLASS BRACELET W HEART CHARMS
84691,174.5,242,4,PACK 20 DOLLY PEGS
21319,174.13,160,20,GLASS CHALICE GREEN  SMALL
84685,173.58,33,22,BEACH HUT KEY CABINET
85211,173.57999999999998,147,25,S/4 GROOVY CAT MAGNETS
21311,173.5,432,53,SET/4 BIRD MIRROR MAGNETS
84905,173.48,35,20,PINK BUTTERFLY CUSHION COVER
16168M,173.12,371,41,FUNKY MONKEY GIFT BAG MEDIUM
84661A,172.75,105,21,WHITE SQUARE TABLE CLOCK
21190,172.70000000000002,118,8,PINK HEARTS PAPER GARLAND
82011C,172.05,51,20,BATHROOM SCALES FOOTPRINTS IN SAND
84963A,171.8,4,1,PINK PAINTED KASHMIRI CHAIR
47481,171.79,225,23,50CM METAL STRING WITH  7 CLIPS
62086A,171.6,88,14,PINK RETRO BIG FLOWER BAG
85045,171.3,38,12,GREEN CHRISTMAS TREE STRING 20LIGHT
85146,171.11,45,9,JARDIN ETCHED GLASS SMALL BELL JAR
22885,170.82999999999998,95,29,NUMBER TILE VINTAGE FONT 6
21763,169.75,6,4,VINTAGE WOODEN BAR STOOL
84800M,169.24,124,12,MEDIUM WHITE/PINK ROSE ART FLOWER
85129B,168.59,119,31,BEADED CRYSTAL HEART GREEN SMALL
21333,168.16000000000003,56,16,CLASSIC WHITE FRAME
90145,168.0,28,18,SILVER HOOP EARRINGS WITH FLOWER
90201C,167.72000000000003,57,22,RED ENAMEL FLOWER RING
GIFT_0001_50,167.56,4,4,DOTCOMGIFTSHOP GIFT VOUCHER £50.00
78033,167.45,35,10,FLAG OF ST GEORGE CHAIR
90010A,167.3,18,15,MIDNIGHT BLUE GLASS/SILVER BRACELET
GIFT_0001_20,167.05,10,9,DOTCOMGIFTSHOP GIFT VOUCHER £20.00
21457,165.89,124,25,2 PICTURE BOOK EGGS EASTER DUCKS
21280,165.75,65,12,VINTAGE KITCHEN PRINT VEGETABLES
21331,165.74,12,8,MOROCCAN BEATEN METAL DISH LARGE
72225C,165.6,624,17,LAVENDER SCENT CAKE CANDLE
90013A,165.32,44,33,MIDNIGHT BLUE VINTAGE EARRINGS
23694,165.07999999999998,376,41,PAISLEY PARK CARD
22538,164.42000000000002,402,40,MINI JIGSAW GO TO THE FAIR
21698,164.17,296,45,MOCK LOBSTER FRIDGE MAGNET
90120B,164.12,39,15,BLUE MURANO TWIST BRACELET
90191,163.82,26,10,SILVER LARIAT 40CM
85145,163.75,37,13,JARDIN ETCHED GLASS LARGE BELL JAR
22263,163.63,277,52,FELT EGG COSY LADYBIRD
22871,163.35,67,25,NUMBER TILE COTTAGE GARDEN 3
35810B,163.29999999999998,139,28,ENAMEL BLUE RIM COFFEE CONTAINER
22042,163.29,387,40,CHRISTMAS CARD SINGING ANGEL
16207A,163.1,60,34,PINK STRAWBERRY HANDBAG
22408,162.44,145,29,MONEY BOX CONFECTIONERY DESIGN
21100,162.20999999999998,65,27,CHARLIE AND LOLA CHARLOTTE BAG
84683,162.20000000000002,194,12,CLASSICAL ROSE CANDLESTAND
21369,161.49,101,16,MIRRORED WALL ART SPLODGES
23305,159.9,82,9,SET 4 PICNIC CUTLERY BLUEBERRY
21030,159.7,131,33,SPACE CADET RED
90082B,158.75,25,10,DIAMANTE BOW BROOCH RED COLOUR
90014B,158.73999999999998,17,15,GOLD M PEARL  ORBIT NECKLACE
84247G,158.63,357,32,"DECOUPAGE,GREETING CARD,"
90013C,158.08,39,28,GREEN VINTAGE EARRINGS
17038,158.06,1525,34,PORCELAIN BUDAH INCENSE HOLDER
84507C,157.88,59,30,BLUE CIRCLES DESIGN MONKEY DOLL
90134,157.5,54,45,OLD ROSE COMBO BEAD NECKLACE
23417,157.5,146,27,BATHROOM HOOK
84882,157.34,38,18,GREEN WIRE STANDING CANDLE HOLDER
35649,156.85,57,35,VINTAGE BEAD COSMETIC BAG
23468,156.75,19,11,TUSCAN VILLA BIRD TABLE
84673B,156.63,179,66,BLUE FLY SWAT
84508C,154.95,56,25,BLUE CIRCLES DESIGN TEDDY
23496,154.52,112,31,PANTRY KITCHEN THERMOMETER
44234,154.35,691,34,ASSORTED CIRCULAR MOBILE
21614,153.29000000000002,51,9,SET OF 12 ROSE BOTANICAL T-LIGHTS
84827,153.09,509,14,ASS DES PHONE SPONGE CRAFT STICKER
22353,153.0,60,24,LUNCH BOX WITH CUTLERY FAIRY CAKES
21145,152.5,122,8,ANTIQUE GLASS PLACE SETTING
90198B,152.4,36,17,VINTAGE ROSE BEAD BRACELET BLACK
72128,152.04999999999998,193,36,COLUMBIAN CANDLE ROUND
84595E,151.39,77,23,LARGE TORTILLA DESIGN RED BOWL
90209A,151.2,78,5,PURPLE ENAMEL+GLASS HAIR COMB
21401,151.19,1052,82,BLUE PUDDING SPOON
22415,151.05,19,13,WHITE TISSUE REAM
85135A,151.05,19,8,YELLOW DRAGONFLY HELICOPTER
84877D,150.93,96,18,BLUE ROUND COMPACT MIRROR
22874,150.81,65,21,NUMBER TILE COTTAGE GARDEN 6
85027L,150.75,65,19,FRENCH CHATEAU LARGE PLATTER
DCGSSBOY,150.54999999999998,47,11,BOYS PARTY BAG
84963B,149.85000000000002,3,1,BLUE PAINTED KASHMIRI CHAIR
22764,149.82,4,4,"RUSTIC WOODEN CABINET, GLASS DOORS"
90013B,149.41000000000003,36,31,BLACK VINTAGE EARRINGS
46000R,149.35,103,38,POLYESTER FILLER PAD 45X30CM
22875,149.09,63,25,NUMBER TILE COTTAGE GARDEN 7
90185D,148.63,35,11,CRYSTAL DIAMANTE EXPANDABLE RING
84576,148.32,66,17,BLUE CAT BISCUIT BARREL PINK HEART
21486,147.88,36,11,PINK HEART DOTS HOT WATER BOTTLE
84688,147.82,28,17,BEACH HUT DESIGN BLACKBOARD
82011B,146.85,43,21,BATHROOM SCALES RUBBER DUCKS
22886,146.43,87,25,NUMBER TILE VINTAGE FONT 7
84865,146.21,27,14,NEW BAROQUE BLACK PHOTO ALBUM
84870C,146.05,46,28,GREEN GEISHA GIRL
90116,145.52,64,45,FRUIT SALAD BAG CHARM
22873,145.5,60,26,NUMBER TILE COTTAGE GARDEN 5
47343A,145.17,159,14,FUSCHIA FLOWER PURSE WITH BEADS
84629,145.05,19,11,WHITE 3 FRAME BIRDS AND TREE
22868,144.65,63,20,NUMBER TILE COTTAGE GARDEN 0
21738,144.58,46,21,COSY SLIPPER SHOES SMALL  RED
DCGSSGIRL,144.43,47,13,GIRLS PARTY BAG
21082,143.44,88,25,SET/20 FRUIT SALAD PAPER NAPKINS
21368,143.28,163,33,MIRRORED WALL ART LADIES
20837,142.47,141,15,FRENCH FLORAL CUSHION COVER
84870B,142.32999999999998,43,26,BLUE GEISHA GIRL
37479P,142.23,163,32,CUBIC MUG FLOCK PINK ON BROWN
22033,141.95,337,22,BOTANICAL ROSE GREETING CARD
21117,141.75,109,14,BLOND DOLL DOORSTOP
20774,141.23999999999998,86,44,GREEN FERN NOTEBOOK
22769,141.23000000000002,1,10,CHALKBOARD KITCHEN ORGANISER
20661,141.15,44,33,BLUE POLKADOT PURSE
90164B,140.98,38,15,WHITE  ROSEBUD PEARL BRACELET
84744,140.02,110,20,S/6 SEW ON CROCHET FLOWERS
22125,139.86,13,3,UNION JACK HOT WATER BOTTLE
23463,139.39999999999998,13,8,VINTAGE ZINC WATERING CAN
22876,138.81,61,20,NUMBER TILE COTTAGE GARDEN 8
75011,138.76,172,12,BLUE DAISY MOBILE
84192,138.75,111,25,ASSORTED COLOUR METAL CAT
35922,138.6,28,10,EASTER BUNNY WREATH
23304,138.45,71,9,SET 4 PICNIC CUTLERY CHERRY
90181B,137.63,15,14,AMETHYST GLASS/SHELL/PEARL NECKLACE
20757,136.64,158,33,RED DAISY POCKET BOOK
21637,136.25,109,6,ASSORTED SANSKRIT MINI NOTEBOOK
22877,136.16,62,20,NUMBER TILE COTTAGE GARDEN 9
21736,136.05,77,6,GOLD SCROLL GLASS T-LIGHT HOLDER
20758,135.15,159,42,ABSTRACT CIRCLES POCKET BOOK
85071A,134.83000000000004,889,113,BLUE CHARLIE+LOLA PERSONAL DOORSIGN
21459,134.78,68,21,YELLOW EASTER EGG HUNT START POST
90073,134.70000000000002,27,18,VINTAGE ENAMEL & CRYSTAL EARRINGS
90115,134.53,54,31,SUMMER BUTTERFLIES BAG CHARM
21943,134.48999999999998,119,50,CAKES AND RABBITS DESIGN FLANNEL
47518F,134.37,832,33,ICON PLACEMAT POP ART ELVIS
90028,134.16,16,14,NEW BAROQUE LARGE NECKLACE BLK/WHIT
46000U,133.75,107,26,POLYESTER FILLER PAD 30CMX30CM
72130,133.34,219,27,COLUMBIAN CANDLE ROUND
62096A,132.5,106,8,PINK/YELLOW FLOWERS HANDBAG
21518,132.44,318,38,BANK ACCOUNT  GREETING  CARD
90210D,132.05,107,8,PURPLE ACRYLIC FACETED BANGLE
35921,131.98,67,24,EASTER BUNNY HANGING GARLAND
20836,131.14,158,18,FRENCH PAISLEY CUSHION COVER
90164A,130.67,27,14,PINK ROSEBUD PEARL BRACELET
90210C,130.51000000000002,99,10,RED   ACRYLIC FACETED BANGLE
37467,130.26999999999998,159,17,PIG MUG IN TWO COLOUR DESIGNS
21344,130.24,12,7,MOROCCAN BEATEN METAL DISH
90000D,129.85,21,14,COPPER/OLIVE GREEN FLOWER NECKLACE
21281,129.63,43,14,VINTAGE KITCHEN PRINT SEAFOOD
20823,129.56,164,8,GOLD WINE GOBLET
72799C,129.47,81,19,PINK PILLAR CANDLE SILVER FLOCK
21400,128.63,881,72,RED PUDDING SPOON
21349,128.6,14,12,IVY HEART WREATH
20826,128.4,276,8,SILVER APERITIF GLASS
35638B,128.32999999999998,57,5,PINK/BLUE STRING CURTAIN
85118,128.27,133,12,HEART T-LIGHT HOLDER
79191B,128.1,147,31,RETRO PLASTIC POLKA TRAY
16054,127.56,1058,34,POPART RECT PENCIL SHARPENER ASST
84508B,127.49999999999999,50,31,STRIPES DESIGN TEDDY
90180A,127.24,17,9,BLACK+WHITE NECKLACE W TASSEL
85130A,127.04999999999998,77,10,BEADED PEARL HEART WHITE LARGE
79190D,126.97999999999999,265,47,RETRO PLASTIC DAISY TRAY
22887,126.78,78,23,NUMBER TILE VINTAGE FONT 8
23303,126.75,65,6,SET 4 PICNIC CUTLERY FONDANT
85067,126.64999999999999,7,5,CREAM SWEETHEART WALL CABINET
84846A,126.04000000000002,56,13,SCENTED CANDLE IN DIGITALIS TIN
23578,125.72,60,14,SNACK TRAY RED GINGHAM
84799,125.32,164,12,SPRIG LAVENDER ARTIFICIAL FLOWER
22888,124.97999999999999,76,21,NUMBER TILE VINTAGE FONT 9
84228,123.67,296,28,HEN HOUSE W CHICK STANDING
23477,123.47,92,13,WOODLAND LARGE BLUE FELT HEART
37343,123.29999999999998,72,13,POLKADOT MUG PINK
90195A,122.84,19,10,PURPLE GEMSTONE BRACELET
85086A,122.08,146,50,CANDY SPOT HEART DECORATION
90129B,121.38000000000001,57,20,TURQUOISE GLASS TASSLE BAG CHARM
84906,121.07,34,13,PINK B'FLY C/COVER W BOBBLES
37333,120.99,21,17,"RETRO ""TEA FOR ONE"""
20845,120.64999999999999,19,11,ZINC HEART LATTICE 2 WALL PLANTER
90170,120.52999999999999,73,38,DAISY HAIR BAND
21420,120.41,53,19,OYSTER TRINKET BOX
90173,120.34,32,17,PAIR BUTTERFLY HAIR CLIPS
23467,120.08000000000001,32,11,VINTAGE ZINC PLANTER
35972,120.0,96,16,DAISY FOLKART HEART DECORATION
90161A,119.91000000000001,24,21,ANT COPPER RED BOUDICCA BRACELET
90124B,119.89,12,11,BLUE MURANO TWIST NECKLACE
90122C,119.23,24,11,TURQUOISE CRYSTAL+GLASS BRACELET
10080,119.08999999999999,303,22,GROOVY CACTUS INFLATABLE
84709B,119.0,20,11,PINK OVAL JEWELLED MIRROR
84507B,118.72999999999999,39,22,STRIPES DESIGN MONKEY DOLL
21095,118.72999999999999,125,14,SET/6 POSIES PAPER PLATES
84569B,118.4,85,19,PACK 3 FIRE ENGINE/CAR PATCHES
21032,117.78,97,30,SPACE CADET WHITE
90184A,117.73,13,9,AMBER CHUNKY BEAD BRACELET W STRAP
84800S,117.57000000000001,105,10,SMALL WHITE/PINK ROSE ART FLOWER
90208,117.4,47,38,PAIR OF PINK FLOWER CLUSTER SLIDE
84741C,117.0,60,14,CITRUS GARLAND FELT FLOWERS
72780,116.44999999999999,137,20,BLACK SILOUETTE CANDLE PLATE
72812,116.06,34,11,LARGE ZINC GLASS CANDLEHOLDER
51020A,115.74999999999999,323,19,SUMMER FUN DESIGN SHOWER CAP
16052,115.3,479,13,TEATIME PUSH DOWN RUBBER
23185,114.55999999999999,316,31,FRENCH STYLE STORAGE JAR JAM
23151,114.33000000000001,61,21,ZINC SWEETHEART SOAP DISH
90130B,113.97,39,31,TURQ STONE/CRYSTAL EARRINGS
90199C,113.94,18,11,5 STRAND GLASS NECKLACE CRYSTAL
84457,112.55999999999999,126,26,SET/3 RABBITS FLOWER SKIPPPING ROPE
90096,112.21,45,26,NECKLACE+BRACELET SET BLUE BLOSSOM
47351B,112.10000000000002,38,10,BLUE  VOILE LAMPSHADE
21678,111.86,125,32,PAISLEY PATTERN  STICKERS
21814,111.77,74,15,HEART T-LIGHT HOLDER
90214A,111.66,130,56,"LETTER ""A"" BLING KEY RING"
84809A,111.30000000000001,53,9,WHITE CHRYSANTHEMUMS ART FLOWER
90036E,110.95,14,11,"FLOWER GLASS GARLD NECKL36""AMETHYST"
47503H,110.86,100,37,ASS FLORAL PRINT SPIRIT LEVEL
90125D,110.03,95,19,PURPLE BERTIE GLASS BEAD BAG CHARM
20731,109.96,92,16,POSY CANDY BAG
85167B,109.94,50,8,BLACK GRAND BAROQUE PHOTO FRAME
84925F,109.92999999999999,79,14,PSYCHEDELIC WALL THERMOMETER
90124C,109.53999999999999,11,8,GREEN MURANO TWIST NECKLACE
90058A,109.44,288,8,CRYSTAL STUD EARRINGS CLEAR DISPLAY
85096,109.23,25,16,HILDA CANDY SPOT RABBIT
20894,108.71000000000001,33,15,HANGING BAUBLE T-LIGHT HOLDER LARGE
21372,107.75,75,33,MIRRORED WALL ART TABLE LAMP
35916C,107.72,106,20,PINK FELT HANGING HEART W FLOWER
17090A,107.44999999999999,109,10,LAVENDER INCENSE 40 CONES IN TIN
85129C,107.31,80,15,BEADED CRYSTAL HEART BLUE SMALL
23626,107.07000000000001,43,16,SET 10 CARDS DINKY TREE 17076
90125A,106.24,115,10,PINK BERTIE GLASS BEAD BAG CHARM
35819B,106.05,268,24,"ACRYLIC HANGING JEWEL,BLUE"
20657,105.91,73,33,TROPICAL LUGGAGE TAG
35818P,105.83,263,19,"ACRYLIC JEWEL ICICLE, PINK"
90016A,105.71000000000001,17,7,SILVER/M.O.P PENDANT ORBIT NECKLACE
90185A,105.53,25,14,AMBER DIAMANTE EXPANDABLE RING
21904,105.0,50,23,HOUSE WRECKING METAL SIGN
35920,104.84,72,15,FOUR RABBIT EASTER DECORATIONS
90003C,104.84,28,25,MIDNIGHT BLUE PAIR HEART HAIR SLIDE
84661C,104.84,71,14,PINK SQUARE TABLE CLOCK
90070,104.79,17,15,RUBY GLASS CLUSTER BRACELET
90122A,104.53,21,14,PINK CRYSTAL+GLASS BRACELET
17084P,104.44,423,39,DRAGONS BLOOD INCENSE
20796,103.93999999999998,62,9,SMALL BLUE PROVENCAL CERAMIC BALL
79144B,103.22999999999999,180,53,PAINTED LIGHTBULB STAR+ MOON
90032,103.13,21,8,IVORY SHELL HEART NECKLACE
22879,102.46,70,16,NUMBER TILE VINTAGE FONT 0
84989A,102.36,69,42,75 GREEN FAIRY CAKE CASES
90063A,102.0,12,8,WHITE VINT ART DECO CRYSTAL NECKLAC
90196A,102.0,8,5,PURPLE GEMSTONE NECKLACE 45CM
20701,100.97,25,18,PINK CAT FLORAL CUSHION COVER
35637C,100.86,30,9,PINK STRING CURTAIN WITH POLE
16033,100.79999999999998,840,4,MINI HIGHLIGHTER PENS
35911B,100.76,119,15,PINK/FLOWER RABBIT EGG WARMER
GIFT_0001_40,100.69999999999999,3,3,DOTCOMGIFTSHOP GIFT VOUCHER £40.00
21370,100.66000000000001,16,9,MIRRORED WALL ART FOXY
20795,100.45,43,13,LARGE BLUE PROVENCAL CERAMIC BALL
90010B,100.08999999999999,11,7,BLACK/WHITE GLASS/SILVER BRACELET
23611,99.60000000000001,40,16,SET 10 CARDS RED RIDING HOOD 17214
90081C,99.60000000000001,20,15,LILY BROOCH OLIVE COLOUR
90183A,99.54,34,24,AMBER DROP EARRINGS W LONG BEADS
22407,99.28,94,24,MONEY BOX FIRST ADE DESIGN
23464,99.2,18,8,VINTAGE ZINC WATERING CAN SMALL
17091A,98.91,171,25,LAVENDER INCENSE IN TIN
84898F,98.63000000000001,46,19,YELLOW FLOWERS FELT HANDBAG KIT
85232B,98.25,19,19,SET OF 3 BABUSHKA STACKING TINS
79144C,98.11999999999999,152,51,PAINTED LIGHTBULB RAINBOW DESIGN
84723,97.95,41,6,CHERRY BLOSSOM CANVAS ART PICTURE
90003D,97.26,26,17,CRYSTAL PAIR HEART HAIR SLIDES
47369B,97.13,35,22,BLUE GREEN EMBROIDERY COSMETIC BAG
84806A,96.88999999999999,137,11,PINK CANDYSTUFT ARTIFICIAL FLOWER
84801A,96.60000000000001,46,5,PINK HYDRANGEA ART FLOWER
90019B,96.52000000000001,18,18,GOLD M.O.P ORBIT BRACELET
90146,95.35000000000001,17,7,FINE SILVER NECKLACE W PASTEL FLOWE
90036D,95.35000000000001,12,5,"FLOWER GLASS GARLAND NECKL.36""BLACK"
90178A,95.25,8,8,AMBER CHUNKY GLASS+BEAD NECKLACE
20653,95.17999999999999,73,33,CHERRY BLOSSOM LUGGAGE TAG
84527,95.1,52,8,FLAMES SUNGLASSES PINK LENSES
82613A,94.84,72,19,"METAL SIGN,CUPCAKE SINGLE HOOK"
84666,94.80000000000001,24,4,SQUARE CHERRY BLOSSOM CABINET
21722,94.67999999999999,97,37,SWEET PUDDING STICKER SHEET
22039,94.5,225,8,BOTANICAL LILY GIFT WRAP
90133,94.43,19,13,TEAL/FUSCHIA COL BEAD NECKLACE
47369A,93.19,33,20,PINK GREEN EMBROIDERY COSMETIC BAG
20773,92.39999999999999,56,23,BLUE PAISLEY NOTEBOOK
90018B,92.28,22,17,GOLD M.O.P ORBIT DROP EARRINGS
35933,92.21000000000001,226,19,PINK STOCKING CHRISTMAS DECORATION
82615,91.8,36,1,PINK MARSHMALLOW SCARF KNITTING KIT
90030C,91.7,77,11,BROWN KUKUI COCONUT SEED NECKLACE
90175B,91.68,10,9,PINK GLASS CHUNKY CHARM BRACELET
20662,90.42,31,20,FIRST CLASS HOLIDAY PURSE
85230F,90.33999999999999,338,12,JASMINE VOTIVE CANDLE
90163A,90.32,12,9,PINK ROSEBUD & PEARL NECKLACE
23574,90.0,12,16,PACKING CHARGE
72051S,89.52999999999999,130,13,BAG OF SILVER STONES
84461,89.25,35,15,12 PINK HEN+CHICKS IN BASKET
20892,89.22,4,3,SET/3 TALL GLASS CANDLE HOLDER PINK
90123A,89.12,15,9,PINK HEART OF GLASS BRACELET
90148,88.98,7,7,LONG SILVER NECKLACE PASTEL FLOWER
35833P,88.47,49,22,4 PINK FLOCK CHRISTMAS BALLS
84984A,88.35000000000001,19,6,GREEN PEONY CUSHION COVER
84306,88.22,10,9,S/3 PINK SQUARE PLANTERS ROSES
90166,88.04,21,15,PINK & WHITE ROSEBUD RING
90129F,88.03,40,16,RED GLASS TASSLE BAG CHARM
20898,88.03,32,14,VINTAGE NOTEBOOK TRAVELOGUE
20869,86.76,180,29,GOLD FABRIC MIRROR
23614,86.58000000000001,26,11,SET 10 CARDS 12 DAYS WRAP  17058
84531B,85.61,155,28,BLUE KNITTED EGG COSY
79403,85.52,95,15,FROSTED WHITE BASE
75172,85.31,93,8,PAINTED SEA SHELL METAL WINDCHIME
16169K,84.0,200,8,WRAP FOLK ART
90204,83.46,25,19,PAIR OF ENAMEL BUTTERFLY HAIRCLIP
90072,83.42,21,14,RUBY DROP CHANDELIER EARRINGS
22016,83.33,1,1,DOTCOMGIFTSHOP GIFT VOUCHER £100.00
90123C,83.29,14,6,GREEN HEART OF GLASS BRACELET
23442,83.2,40,7,12 HANGING EGGS HAND PAINTED
90129A,82.97999999999999,45,20,PINK GLASS TASSLE BAG CHARM
90101,82.77,33,18,WHITE FRANGIPANI NECKLACE
21690,82.5,22,7,SILVER  CANDLEPOT JARDIN
35638A,82.1,38,5,PINK AND BLACK STRING CURTAIN
35968,82.1,163,19,FOLK ART METAL HEART T-LIGHT HOLDER
16049,82.08,504,5,TEATIME GEL PENS ASST
20664,81.66,32,18,TROPICAL HOLIDAY PURSE
85023B,81.59999999999998,32,15,EAU DE NILE JEWELLED PHOTOFRAME
20941,81.28,62,20,FROG CANDLE
71496A,80.96000000000001,127,12,A4 WALL TIDY BLUE OFFICE
21038,80.85000000000001,75,24,SET/4 MODERN VINTAGE COTTON NAPKINS
90175C,80.55,9,6,BLUE GLASS CHUNKY CHARM BRACELET
21226,80.55,93,20,POCKET MIRROR WOODLAND
84249A,80.46,174,27,"GREETING CARD,SQUARE, DOUGHNUTS"
90129C,79.76,35,16,GREEN GLASS TASSLE BAG CHARM
90124A,79.66,8,6,PINK MURANO TWIST NECKLACE
84984B,79.05000000000001,17,5,RED PEONY CUSHION COVER
21278,79.05,31,7,VINTAGE KITCHEN PRINT PUDDINGS
72811,78.92999999999999,53,8,SMALL ZINC/GLASS CANDLEHOLDER
90039D,78.69,21,9,FIRE POLISHED GLASS BRACELET GREEN
37479B,78.09,131,21,CUBIC MUG FLOCK BLUE ON BROWN
90000A,77.91,13,8,RASPBERRY ANT COPPER FLOWER NECKLAC
90086,77.78999999999999,102,28,CRYSTAL FROG PHONE CHARM
90129E,77.03999999999999,42,14,PURPLE GLASS TASSLE BAG CHARM
90162B,76.70000000000002,26,11,ANT SILVER LIME GREEN BOUDICCA RING
84531A,76.69,147,29,PINK KNITTED EGG COSY
35916B,76.68,91,32,BLUE FELT HANGING HEART W FLOWER
46000P,76.5,18,6,POLYESTER FILLER PAD 65CMX65CM
90099,76.38,27,16,NECKLACE+BRACELET SET BLUE HIBISCUS
90063B,76.32,9,6,BLACK VINT ART DEC CRYSTAL NECKLACE
84881,76.22,11,7,BLUE WIRE SPIRAL CANDLE HOLDER
16207B,76.14,29,18,PINK HEART RED HANDBAG
84927E,75.96000000000001,57,14,FLOWERS TILE HOOK
21946,75.35,86,25,PARTY TIME DESIGN FLANNEL
90022,75.2,20,21,EDWARDIAN DROP EARRINGS JET BLACK
21413,75.02,48,17,PERIWINKLE T-LIGHT HOLDER
84847,75.0,20,11,FLORAL BATHROOM SET
GIFT_0001_10,74.97,9,8,DOTCOMGIFTSHOP GIFT VOUCHER £10.00
84251G,74.7,270,53,"GREETING CARD, OVERCROWDED POOL."
85198,74.58,90,9,ASSORTED FARMYARD ANIMALS IN BUCKET
21087,74.57000000000001,141,16,SET/6 POSIES PAPER CUPS
90081A,74.25,15,8,LILY BROOCH AMETHYST COLOUR
90214C,72.77,91,33,"LETTER ""C"" BLING KEY RING"
90103,72.66,29,16,PURPLE FRANGIPANI NECKLACE
84231,72.63,108,20,EASTER BUNNY WITH BASKET ON BACK
20960,72.49,29,10,WATERMELON BATH SPONGE
20901,72.43,17,16,VINTAGE KEEPSAKE BOX PINK FLOWER
85049B,72.42,56,15,LUSH GREENS RIBBONS
90030A,72.0,72,7,SPOTTED WHITE NATURAL SEED NECKLACE
90108,71.46000000000001,60,13,BLUE BLOSSOM HAIR CLIP
85197,71.4,34,19,SET OF 12 MINI BUNNIES IN A BUCKET
90036C,71.4,9,5,"FLOWER GLASS GARLAND NECKL.36""BLUE"
17014A,71.19,155,8,ORIGAMI VANILLA INCENSE CONES
90003E,71.11,19,15,GREEN PAIR HEART HAIR SLIDES
20933,71.05,23,9,YELLOW POT PLANT CANDLE
90214S,71.0,94,41,"LETTER ""S"" BLING KEY RING"
90211A,70.97,12,8,DIAMOND LAS VEGAS NECKLACE 45CM
47589,70.85000000000001,13,3,CONGRATULATIONS BUNTING
51020B,70.27999999999999,196,16,STRIPY DESIGN SHOWER CAP
85026B,70.27,79,11,EAU DE NILE JEWELLED T-LIGHT HOLDER
90051,70.16,10,7,CRACKED GLAZE NECKLACE RED
84927A,70.06,49,19,WAKE UP COCKEREL TILE HOOK
16161G,70.0,700,22,WRAP BAD HAIR DAY
16020C,69.89999999999999,84,17,CLEAR STATIONERY BOX SET
90125C,69.85,77,7,TURQUOISE BERTIE GLASS BEAD CHARM
46126A,69.84,52,8,ELVIS WALLHANGING / CURTAIN
90199A,69.63,11,6,5 STRAND GLASS NECKLACE BLACK
84549,69.38,38,7,CROCHET WHITE RABBIT KEYRING
81952V,69.35,365,24,ROUND PURPLE CLOCK WITH SUCKER
20798,69.00000000000001,32,6,CLEAR MILKSHAKE GLASS
90019C,68.73,13,11,SILVER BLACK ORBIT BRACELET
85188B,68.69999999999999,78,10,PINK METAL SWINGING BUNNY
84251B,68.5,233,54,"GREETING CARD, STICKY GORDON"
90151,68.0,8,4,SILVER/NATURAL SHELL NECKLACE
90194,67.87,16,10,SILVER LARIAT BLACK STONE EARRINGS
90000B,67.83,11,7,MIDNIGHT BLUE COPPER FLOWER NECKLAC
90155,67.62,9,7,RESIN NECKLACE W PASTEL BEADS
84874B,67.50999999999999,41,14,BLUE TRAVEL FIRST AID KIT
82011A,67.5,18,12,"BATHROOM SCALES, TROPICAL BEACH"
35916A,67.39,87,29,YELLOW FELT HANGING HEART W FLOWER
90144,67.36,18,14,SILVER DROP EARRINGS WITH FLOWER
90040B,66.7,18,11,MURANO STYLE GLASS BRACELET BLACK
35819P,66.55,95,7,"ACRYLIC HANGING JEWEL,PINK"
84686,66.39,49,8,BEACH HUT MIRROR
17011F,66.36000000000001,81,7,ORIGAMI SANDLEWOOD INCENSE+FLOWER
37444A,66.35000000000001,53,18,YELLOW BREAKFAST CUP AND SAUCER
20663,66.26,25,20,QUEEN OF THE SKIES HOLIDAY PURSE
85008,66.12,13,8,SET OF 3 CONEY ISLAND OVAL BOXES
20835,65.8,67,8,FRENCH LATTICE CUSHION COVER
20980,65.66,70,21,36 PENCILS TUBE POSY
90214L,65.03999999999999,94,37,"LETTER ""L"" BLING KEY RING"
84247N,64.9,22,18,PACK/12 BLUE FOLKART CARDS
90174,64.82,26,23,BUTTERFLY HAIR BAND
84859B,64.81,31,11,BLUE DISCO HANDBAG
90059A,64.63,39,28,DIAMANTE HAIR GRIP PACK/2 CRYSTAL
90186B,64.58,22,15,CRYSTAL HOOP EARRING FLORAL LEAF
21031,64.24,52,19,SPACE CADET BLACK
90036F,64.08,8,5,"FLOWER GLASS GARLD NECKL36""TURQUOIS"
90181A,64.04,7,7,AMBER GLASS/SHELL/PEARL NECKLACE
21692,63.75,17,7,SILVER LATTICE VANILLA CANDLE POT
84875D,63.75,51,8,BLUE SQUARE COMPACT MIRROR
84673A,63.720000000000006,92,43,PINK FLY SWAT
72133,63.51,45,16,COLUMBIAN CANDLE RECTANGLE
90196B,63.480000000000004,5,5,BLACK GEMSTONE NECKLACE 45CM
35815P,63.28000000000001,162,5,"ACRYLIC JEWEL SNOWFLAKE, PINK"
62094B,63.209999999999994,19,8,TURQ ICE CREAM BUM BAG
90141A,63.11,12,10,GREEN PENDANT TRIPLE SHELL NECKLACE
22145,63.0,30,1,CHRISTMAS CRAFT HEART STOCKING
17012E,62.64,44,10,ORIGAMI OPIUM INCENSE/CANDLE SET
40046A,62.5,50,6,RED DAISY PAPER LAMPSHADE
84760S,62.349999999999994,43,8,SMALL HANGING GLASS+ZINC LANTERN
84247L,62.06,128,19,FAWN AND MUSHROOM GREETING CARD
20848,61.95,21,8,ZINC HEART LATTICE CHARGER SMALL
90210B,61.56,41,7,CLEAR ACRYLIC FACETED BANGLE
90087,61.459999999999994,107,25,CRYSTAL SEA HORSE PHONE CHARM
85160B,61.459999999999994,104,17,BLACK BIRD GARDEN DESIGN MUG
16151A,61.25,49,3,FLOWERS HANDBAG BLUE AND ORANGE
90183B,61.08,21,17,AMETHYST DROP EARRINGS W LONG BEADS
71495B,61.05,163,8,CD WALL TIDY RED FLOWERS
90214K,60.699999999999996,78,38,"LETTER ""K"" BLING KEY RING"
84984D,60.45,13,4,ORIENTAL RED CUSHION COVER
84805A,60.0,32,4,CREAM CLIMBING HYDRANGA ART FLOWER
90031,59.89,50,7,BILI NUT AND WOOD NECKLACE
90206A,59.800000000000004,12,9,GOLD DIAMANTE STAR BROOCH
23629,59.760000000000005,24,10,SET 10 CARDS DRESSING UP 17077
84452,59.5,70,17,METAL RABBIT LADDER EASTER
84840,59.44,4,7,SWEETHEART CARRY-ALL BASKET
21910,59.39999999999999,36,8,WAY OUT METAL SIGN
90118,59.339999999999996,24,20,PINK DAISY BAG CHARM
79071B,59.0,20,11,ENGLISH ROSE METAL WASTE BIN
90185B,58.77,14,14,AMETHYST DIAMANTE EXPANDABLE RING
20760,58.65,69,21,GARDEN PATH POCKET BOOK
90098,58.64999999999999,23,11,NECKLACE+BRACELET PINK BUTTERFLY
72134,58.62,105,11,COLUMBIAN  CUBE CANDLE
90177C,58.53,20,15,DROP DIAMANTE EARRINGS CRYSTAL
90190C,58.43,20,19,SILVER/AMETHYST DROP EARRINGS LEAF
84877A,58.16,40,4,PINK ROUND COMPACT MIRROR
90082D,58.03,9,5,DIAMANTE BOW BROOCH BLACK COLOUR
71406C,57.96,138,21,BLACK ORANGE SQUEEZER
90210A,57.55,34,10,GREY ACRYLIC FACETED BANGLE
84597C,57.5,46,13,RETRO PINK BALL ASHTRAY
84466,57.5,46,10,TOP SECRET PEN SET
72801G,57.46,45,13,4 BURGUNDY WINE DINNER CANDLES
85006,57.25,55,9,SET 4 NURSERY DES ROUND BOXES
90214J,57.21,71,41,"LETTER ""J"" BLING KEY RING"
21460,56.779999999999994,28,11,GREEN EASTER EGG HUNT START POST
90199B,56.59,9,8,5 STRAND GLASS NECKLACE AMETHYST
44236,56.52,52,6,PINK/PURPLE CIRCLE CURTAIN
47341B,56.25,45,11,BLUE TABLE RUN FLOWER
90038A,56.15,15,10,GLASS AND PAINTED BEADS BRACELET TO
90177D,55.83,19,15,DROP DIAMANTE EARRINGS PURPLE
84679,55.7,6,2,CLASSICAL ROSE TABLE LAMP
21777,55.65,7,8,RECIPE BOX WITH METAL HEART
16046,55.25,65,14,TEATIME PEN CASE & PENS
90023,55.02,13,9,FILIGREE DIAMANTE EARRINGS
90071,54.62,44,33,RUBY GLASS CLUSTER EARRINGS
84750B,54.6,60,13,BLACK SMALL GLASS CAKE STAND
72132,54.599999999999994,28,12,COLUMBIAN CUBE CANDLE
21336,54.57,27,10,GOLD WASHBAG
90040C,54.42,15,10,MURANO STYLE GLASS BRACELET GOLD
20759,54.4,64,20,CHRYSANTHEMUM POCKET BOOK
90040A,54.290000000000006,14,5,MURANO STYLE GLASS BRACELET RED
84534B,54.04,55,12,FAIRY CAKE NOTEBOOK A5 SIZE
84251C,53.88,127,40,"GREETING CARD, TWO SISTERS."
90012A,53.760000000000005,11,5,MIDNIGHT BLUE DROP CRYSTAL NECKLACE
90035A,53.62,5,3,"PEARL & SHELL 42""NECKL. GREEN"
20851,53.550000000000004,9,7,ZINC HEART LATTICE TRAY OVAL
47586A,53.55,21,8,PINK FAIRY CAKE CUSHION COVER
20756,53.55,63,22,GREEN FERN POCKET BOOK
90123B,53.42,9,5,TURQUOISE HEART OF GLASS BRACELET
90214E,53.199999999999996,72,30,"LETTER ""E"" BLING KEY RING"
90163B,52.72,7,5,WHITE ROSEBUD & PEARL NECKLACE
84842,52.5,14,9,HELLO SAILOR BATHROOM SET
84805B,52.5,38,3,BLUE CLIMBING HYDRANGA ART FLOWER
90138,52.42,10,7,WHITE/PINK MINI CRYSTALS NECKLACE
90141C,52.31,10,8,TURQ PENDANT TRIPLE SHELL NECKLACE
35265,52.2,17,12,COLOURFUL FLOWER FRUIT BOWL
84985A,52.199999999999996,36,19,SET OF 72 GREEN PAPER DOILIES
85028S,51.599999999999994,24,8,FRENCH CHATEAU SMALL FRUITBOWL
90205A,51.51,31,16,LARGE MINT DIAMANTE HAIRSLIDE
84597B,51.25,41,5,RETRO BROWN BALL ASHTRAY
20910,50.8,8,3,VINTAGE PHOTO ALBUM PARIS DAYS
84510E,50.75,35,17,SET OF 4 GREEN CAROUSEL COASTERS
17007B,50.400000000000006,24,2,S/3 POT POURI CUSHIONS BLUE COLOURS
47348A,50.31,97,15,FUSCHIA VOILE POINTY SHOE DEC
44242B,50.28,52,3,PINK FEATHERS CURTAIN
90024B,50.28,6,7,NEW BAROQUE B'FLY NECKLACE RED
90214D,49.9,68,32,"LETTER ""D"" BLING KEY RING"
90214M,49.82,60,28,"LETTER ""M"" BLING KEY RING"
90180B,49.81,5,5,PURPLE AMETHYST NECKLACE W TASSEL
23603,49.800000000000004,20,14,SET 10 CARD KRAFT REINDEER 17084
90079,49.760000000000005,10,4,VINTAGE ENAMEL & CRYSTAL NECKLACE
20667,49.69,20,16,CHERRY BLOSSOM PURSE
90142D,49.64,10,4,MOP PENDANT SHELL NECKLACE
90157,49.59,10,5,RIVIERA NECKLACE
21089,48.99,233,25,SET/6 GREEN SPRING PAPER CUPS
90038B,48.77,13,8,GLASS AND PAINTED BEADS BRACELET OL
84497,48.75,13,7,BUTTONS AND STRIPES NOTEBOOK
90002D,48.71,13,9,FLOWER BURST SILVER RING CRYSTAL
20697,48.449999999999996,19,11,LITTLE GREEN MONSTER SOFT TOY
21720,48.449999999999996,57,8,CAKE SHOP  STICKER SHEET
DCGS0076,48.39,3,2,SUNJAR LED NIGHT NIGHT LIGHT
90205C,48.209999999999994,29,15,LARGE CRYSTAL DIAMANTE HAIRSLIDE
84402B,48.19,61,3,PURPLE DRESS JEWELLERY STAND
90125B,48.06,30,12,AQUA BERTIE GLASS BEAD BAG CHARM
21816,47.849999999999994,33,7,CHRISTMAS TREE T-LIGHT HOLDER
90036A,47.7,6,4,FLOWER GARLAND NECKLACE RED
84927D,47.660000000000004,45,15,LA PALMIERA TILE HOOK
90165B,47.43,19,18,WHITE ROSEBUD  PEARL EARRINGS
17084J,47.25,225,8,LOVE POTION MASALA INCENSE
90065A,47.25,7,4,WHITE VINTAGE CRYSTAL BRACELET
84706F,47.2,16,10,RED PEONY TABLE CLOCK
84715,47.2,16,3,SET OF 6 ICE CREAM SKITTLES
90202D,46.76,16,12,PINK ENAMEL FLOWER HAIR TIE
90190A,46.76,16,10,SILVER/CRYSTAL DROP EARRINGS W LEAF
90202A,46.58,16,16,PURPLE ENAMEL FLOWER HAIR TIE
21392,46.39,34,7,RED POLKADOT PUDDING BOWL
84801B,46.2,22,3,WHITE HYDRANGEA ART FLOWER
90018C,46.150000000000006,11,10,SILVER BLACK ORBIT DROP EARRINGS
85031A,45.9,16,7,ROMANTIC IMAGES SCRAP BOOK SET
90012B,45.35000000000001,13,3,BLACK DROP CRYSTAL NECKLACE
90176D,45.0,6,5,DIAMANTE NECKLACE PURPLE
23625,44.910000000000004,9,4,SET 6 CARDS SPARKLY REINDEER 17262
90141B,44.86,9,5,IVORY PENDANT TRIPLE SHELL NECKLACE
85185D,44.25000000000001,15,8,FROG SOCK PUPPET
84086B,44.25,15,8,YELLOW/BLUE RETRO RADIO
20670,44.04,14,11,VIP HOLIDAY PURSE
47344B,43.66,44,6,BLUE FLOWER DES PURSE
79063C,43.65,235,14,"RETRO PILL BOX KEY CHAIN,THE KING"
90056,43.510000000000005,4,4,CHUNKY CRACKED GLAZE NECKLACE IVORY
20698,43.349999999999994,17,8,LITTLE PINK MONSTER SOFT TOY
90014C,43.199999999999996,5,4,SILVER/BLACK ORBIT NECKLACE
23038,42.919999999999995,44,8,T-LIGHT HOLDER SILVER SAUCER
84539,42.9,26,2,KNITTED RABBIT DOLL
84857B,42.9,22,2,BLUE MONTE CARLO HANDBAG
22987,42.84,102,5,WRAP SUMMER ROSE DESIGN
20818,42.7,15,5,GOLD TEDDY BEAR
16254,42.58,40,17,TRANSPARENT ACRYLIC TAPE DISPENSER
84922,42.29,9,6,PINK BUTTERFLY WASHBAG
37444C,42.27,21,9,PINK BREAKFAST CUP AND SAUCER
90029,42.14,5,4,NEW BAROQUE SMALL NECKLACE BLACK
90024F,42.13,5,4,NEW BAROQUE B'FLY NECKLACE CRYSTAL
90185C,42.09,10,13,BLACK DIAMANTE EXPANDABLE RING
17084A,42.0,200,7,TRANQUILITY MASALA INCENSE
90050,41.82,6,5,CRACKED GLAZE NECKLACE IVORY
90120D,41.790000000000006,10,5,WHITE MURANO TWIST BRACELET
20666,41.53,30,17,ECONOMY HOLIDAY PURSE
15030,41.47,143,12,FAN BLACK FRAME
90211B,41.36,7,7,JET BLACK LAS VEGAS NECKLACE 45CM
90039B,41.31,11,6,FIRE POLISHED GLASS BRACELET MONTAN
90003B,41.31,11,11,ROSE COLOUR PAIR HEART HAIR SLIDES
90162C,41.300000000000004,14,7,ANT SILVER FUSCHIA BOUDICCA RING
84921,41.25,11,5,CREAM AND PINK FLOWERS PONY
90064B,41.25,11,8,BLACK VINTAGE  CRYSTAL EARRINGS
23448,41.24999999999999,25,3,CREAM BUNNY EASTER EGG BASKET
75013B,41.24999999999999,25,6,"STRING OF 8 BUTTERFLIES,PINK"
90067A,41.150000000000006,14,7,PINK VINTAGE VICTORIAN EARRINGS
90177B,41.010000000000005,14,7,DROP DIAMANTE EARRINGS BLACK DIAMON
90202C,41.01,14,15,GREEN ENAMEL FLOWER HAIR TIE
90130C,40.95,14,13,GREEN STONE/CRYSTAL EARRINGS
71495A,40.379999999999995,103,8,CD WALL TIDY BLUE OFFICE
10120,40.32,192,29,DOGGY RUBBER
90214G,40.199999999999996,60,30,"LETTER ""G"" BLING KEY RING"
85092,40.05,27,2,CANDY SPOT TEA COSY
90187B,40.03,12,8,GREEN DROP EARRINGS W BEAD CLUSTER
90165A,39.98,16,15,PINK ROSEBUD PEARL EARRINGS
72369A,39.92,30,5,PINK CLEAR GLASS CANDLE PLATE
90135,39.660000000000004,8,2,ORANGE/WHT/FUSCHIA STONES NECKLACE
84725,39.65,41,18,FREESTYLE CANVAS ART PICTURE
21307,39.199999999999996,79,13,SET/4 BUTTERFLY MIRROR MAGNETS
35910A,39.0,20,4,MULTICOLOUR EASTER RABBIT
47341A,38.75,27,5,FUSCHIA TABLE RUN FLOWER
90064A,38.7,10,6,WHITE VINTAGE CRYSTAL EARRINGS
21393,38.67,29,7,BLUE POLKADOT PUDDING BOWL
85089,38.35,13,5,CANDY SPOT BUNNY
84746,38.31,14,9,PINK EASTER HENS+FLOWER
84925D,38.25,15,10,LA PALMIERA WALL THERMOMETER
84617,38.25,3,3,NEW BAROQUE BLACK BOXES
90190B,38.18,13,7,GOLD/AMBER DROP EARRINGS W LEAF
81952B,38.0,200,9,ROUND BLUE CLOCK WITH SUCKER
84033,37.95,23,7,FLAG OF ST GEORGE
84809B,37.800000000000004,18,1,PINK CHRYSANTHEMUMS ART FLOWER
90075,37.66,4,3,MONTANA DIAMOND CLUSTER NECKLACE
90199D,37.620000000000005,6,6,5 STRAND GLASS NECKLACE AMBER
90212B,37.62,10,8,JET BLACK LAS VEGAS BRACELET ROUND
72709,37.4,44,7,IVORY SCULPTED RND CANDLE
47420,37.24,196,13,ASSORTED COLOUR SUCTION CUP HOOK
90074,37.239999999999995,4,3,BLACK DIAMOND CLUSTER NECKLACE
84522,36.76,20,12,PINK PARTY SUNGLASSES
90085,36.76,34,10,CRYSTAL STILETTO PHONE CHARM
90214H,36.76,48,30,"LETTER ""H"" BLING KEY RING"
71510,36.519999999999996,52,8,SQUARE METAL CANDLEHOLDER BASE
84751B,36.32,16,9,BLACK MEDIUM GLASS CAKE STAND
84548,36.3,22,4,CROCHET BEAR RED/BLUE  KEYRING
17090D,36.25,29,12,VANILLA INCENSE 40 CONES IN TIN
84226,36.21,51,10,HEN HOUSE W FAMILY IN BARN & NEST
85216,35.75,55,8,ASSORTED CAKES FRIDGE MAGNETS
90094,35.699999999999996,14,13,NECKLACE+BRACELET SET FRUIT SALAD
35913B,35.48,36,10,WHITE/PINK CHICK EASTER DECORATION
90179C,35.44,6,6,BLACK FINE BEAD NECKLACE W TASSEL
90179A,35.31,6,5,AMBER FINE BEAD NECKLACE W TASSEL
90123D,35.31,6,5,WHITE HEART OF GLASS BRACELET
90011B,35.27,12,7,BLACK CRYSTAL DROP EARRINGS
90060F,35.160000000000004,6,6,FIRE POLISHED GLASS NECKL GREEN
79063D,35.14,189,11,"RETRO PILL BOX , REVOLUTIONARY"
90131,34.870000000000005,5,2,PINK/AMETHYST/GOLD NECKLACE
90168,34.86,12,13,2 DAISIES HAIR COMB
90049,34.77,5,3,IVORY GOLD METAL BAG CHARM
20827,34.32,88,2,GOLD APERITIF GLASS
79406,34.12,144,8,FROSTED WHITE BASE
84873A,33.9,2,2,FUNKY FLOWER PICNIC BAG FOR 4
90026C,33.82,4,3,GLASS BEAD HOOP NECKLACE GREEN
90024C,33.81,4,3,NEW BAROQUE B'FLY NECKLACE GREEN
90038C,33.69,9,4,GLASS AND BEADS BRACELET IVORY
81950B,33.64,116,8,FLOWER BLUE CLOCK WITH SUCKER
72783,33.6,16,2,BLACK SIL'T SQU CANDLE PLATE
90129D,33.440000000000005,14,7,AMBER GLASS TASSLE BAG CHARM
84575A,33.35,13,5,PINK DOG CANNISTER
37423,33.18,78,3,WHITE WITH BLACK CATS PLATE
90169,32.54,13,12,DAISY HAIR COMB
35610C,32.51,25,2,WHITE CHRISTMAS FLOCK DROPLET
84247K,32.45,11,10,"FOLK ART GREETING CARD,PACK/12"
17109D,32.349999999999994,61,5,FLOWER FAIRY INCENSE BOUQUET
90186A,32.16,11,9,AMETHYST HOOP EARRING FLORAL LEAF
46138B,32.1,30,14,BLUE CHENILLE SHAGGY CUSHION COVER
37468,32.03,64,13,HARDMAN MUG 3 ASSORTED
90202B,31.949999999999996,11,11,WHITE ENAMEL FLOWER HAIR TIE
84824,31.9,2,2,DANISH ROSE UMBRELLA STAND
90036B,31.8,4,2,"FLOWER GLASS GARLAND NECKL.36""GREEN"
90059D,31.549999999999997,19,20,DIAMANTE HAIR GRIP PACK/2 PERIDOT
90059E,31.47,19,16,DIAMANTE HAIR GRIP PACK/2 RUBY
23632,31.200000000000003,15,10,SET 10 CARDS CHEERFUL ROBIN 17065
85018D,30.599999999999998,12,7,YULETIDE IMAGES S/6 PAPER BOXES
44228,30.599999999999998,36,2,CANNABIS LEAF BEAD CURTAIN
37471,30.43,29,3,MULTICOLOUR POLKADOT PLATE
90176B,30.12,4,3,DIAMANTE NECKLACE BLACK
35610B,30.0,24,1,BLACK CHRISTMAS FLOCK DROPLET
20878,30.0,24,7,SET/9 CHRISTMAS T-LIGHTS SCENTED
90176E,29.98,4,3,DIAMANTE NECKLACE GREEN
90195B,29.98,4,4,BLACK GEMSTONE BRACELET
90039A,29.96,8,3,FIRE POLISHED GLASS BRACELET RED
21310,29.95,1,1,CAPIZ CHANDELIER
90122B,29.93,6,6,JADE CRYSTAL+GLASS BRACELET
90136,29.849999999999998,3,2,PALE PINK/AMETHYST STONE NECKLACE
90159,29.790000000000003,6,5,COTE D'AZURE NECKLACE
90120A,29.73,7,3,PINK MURANO TWIST BRACELET
90001D,29.73,7,5,ANTIQUE OLIVE GREEN FLOWER EARRINGS
21757,29.700000000000003,6,3,LIGHTHOUSE PRINTED METAL SIGN
21040,29.7,22,8,MODERN VINTAGE COTTON SHOPPING BAG
35816P,29.64,78,2,"ACRYLIC JEWEL ANGEL,PINK"
90214I,29.619999999999997,38,13,"LETTER ""I"" BLING KEY RING"
84706D,29.599999999999998,8,4,CHERRY BLOSSOM TABLE CLOCK
17136A,29.59,352,17,BLUE STONES ON WIRE FOR CANDLE
90162D,29.500000000000004,10,5,ANT SILVER PURPLE BOUDICCA RING
84465,29.5,10,7,15 PINK FLUFFY CHICKS IN BOX
82605,29.400000000000002,14,3,OLD DOC RUSSEL METAL SIGN
85030,29.25,15,6,FRENCH CHATEAU OVAL PLATTER
90214N,29.23,41,24,"LETTER ""N"" BLING KEY RING"
90183C,29.05,10,10,BLACK DROP EARRINGS W LONG BEADS
21011,28.999999999999996,20,3,GLITTER SNOW PEAR TREE DECORATION
84199,28.98,138,31,GLOW IN DARK DOLPHINS
90152A,28.76,5,5,SILVER/NAT SHELL NECKLACE W PENDANT
90093,28.569999999999997,52,10,CLEAR CRYSTAL STAR PHONE CHARM
90027D,28.4,9,6,GLASS BEAD HOOP EARRINGS AMETHYST
17165D,28.35,27,7,ASS COL LARGE SAND FROG P'WEIGHT
20857,28.049999999999997,17,9,BLUE ROSE PATCH PURSE PINK BUTTERFL
84798A,28.049999999999997,11,5,PINK FOXGLOVE ARTIIFCIAL FLOWER
90005A,28.02,14,10,JADE GREEN ENAMEL HAIR COMB
90214R,28.009999999999998,41,25,"LETTER ""R"" BLING KEY RING"
84613A,27.900000000000002,6,3,PINK NEW BAROQUE FLOCK CANDLESTICK
79191D,27.409999999999997,23,17,RETRO PLASTIC DAISY TRAY
23637,27.39,11,9,SET 10 CARDS OUT OF ORDER 17216
23613,27.39,11,6,SET 10 XMAS CARDS & BADGES 17070
23702,27.0,4,3,HIGH RESOLUTION IMAGE
35598A,26.550000000000004,9,2,DUSTY PINK CHRISTMAS TREE 60CM
84675,26.55,9,2,FROG KING WATERING CAN
21836,26.490000000000002,5,3,GINGHAM OVEN GLOVE RED HEART
90212C,26.25,7,3,PURPLE LAS VEGAS BRACELET ROUND
23636,26.19,9,7,SET 10 CARDS WISHING TREE 17116
85017C,26.17,49,10,ENVELOPE 50 CURIOUS IMAGES
84968B,25.5,2,2,SET OF 16 VINTAGE IVORY CUTLERY
90026D,25.5,3,3,GLASS BEAD HOOP NECKLACE AMETHYST
72140E,25.499999999999996,30,9,BEST DAD CANDLE LETTERS
35910B,25.349999999999998,13,3,PINK FLOWERS RABBIT EASTER
90026B,25.32,3,3,GLASS BEAD HOOP NECKLACE MONTANA
90037B,25.279999999999998,10,5,TINY CRYSTAL BRACELET GREEN
90013D,25.17,6,3,PURPLE VINTAGE EARRINGS
90033,25.07,10,9,IVORY SHELL HEART EARRINGS
90016C,24.96,3,3,SILVER/BLACK PENDANT ORBIT NECKLACE
23620,24.900000000000002,10,7,SET 10 CARDS PERFECT POST 17090
85115B,24.869999999999997,3,1,S/4 BLACK DISCO PARTITION PANEL
90043,24.810000000000002,4,2,COPPER AND BRASS BAG CHARM
90059F,24.79,15,15,DIAMANTE HAIR GRIP PACK/2 LT ROSE
90214B,24.77,37,22,"LETTER ""B"" BLING KEY RING"
90141E,24.75,5,2,ORANGE PENDANT TRIPLE SHELL NECKLAC
20778,24.75,15,8,GARDEN PATH NOTEBOOK
84854,24.75,5,1,GIRLY PINK TOOL SET
20821,24.75,5,8,GOLDIE LOOKING MIRROR
20820,24.75,5,2,SILVER LOOKING MIRROR
84993B,24.36,58,18,75 BLACK PETIT FOUR CASES
84562A,23.85,3,3,PINK/WHITE RIBBED MELAMINE JUG
47503J,23.85,3,2,SET/3 FLORAL GARDEN TOOLS IN BAG
21357,23.75,19,10,TOAST ITS - DINOSAUR
84803B,23.66,14,5,WHITE ALLIUM  ARTIFICIAL FLOWER
85160A,23.63,7,2,WHITE BIRD GARDEN DESIGN MUG
35909A,23.6,8,3,RABBIT EASTER DECORATION
35909B,23.6,8,2,PINK FLOWERS RABBIT EASTER
90083,23.47,25,9,CRYSTAL CZECH CROSS PHONE CHARM
90177E,23.38,8,10,DROP DIAMANTE EARRINGS GREEN
90176C,23.32,3,2,DIAMANTE NECKLACE
23623,23.28,8,6,SET 10 CARD CHRISTMAS WELCOME 17112
90182C,23.259999999999998,8,10,BLACK 3 BEAD DROP EARRINGS
90182A,23.2,8,8,AMBER 3 BEAD DROP EARRINGS
90177A,23.2,8,10,CLASSIC DIAMANTE EARRINGS JET
90104,23.16,28,12,PURPLE FRANGIPANI HAIRCLIP
85195,23.1,11,3,HANGING HEART BASKET
85206B,23.099999999999998,14,4,PINK FELT EASTER EGG BASKET
22351,23.089999999999996,13,2,DOTCOMGIFTSHOP TEA TOWEL
90214Y,22.839999999999996,66,8,"LETTER ""Y"" BLING KEY RING"
90188,22.58,9,7,DROP EARRINGS W FLOWER & LEAF
90054,22.58,9,9,CRACKED GLAZE EARRINGS RED
90039C,22.48,6,6,FIRE POLISHED GLASS BRACELET BLACK
23640,22.410000000000004,9,8,SET 10 CARDS SCOTTIE DOG 17211
23645,22.410000000000004,9,4,SET 10 CHRISTMAS CARDS HOHOHO 16956
21018,22.06,24,6,BIRD BOX CHRISTMAS TREE DECORATION
90076,21.57,8,5,MONTANA DIAMOND CLUSTER EARRINGS
90035C,21.5,2,1,"PEARL & SHELL 42""NECKL. IVORY"
84387A,21.45,11,1,BIRD ON BRANCH CANVAS SCREEN
84551,21.449999999999996,13,2,CROCHET DOG KEYRING
20695,21.25,5,4,FLORAL BLUE MONSTER
90001B,21.15,5,3,ANTIQUE MID BLUE FLOWER EARRINGS
90001C,21.130000000000003,5,5,ANTIQUE OPAL WHITE FLOWER EARRINGS
90125E,21.05,11,10,AMBER BERTIE GLASS BEAD BAG CHARM
16169P,21.0,50,2,WRAP GREEN RUSSIAN FOLKART
23692,21.0,50,2,WRAP A PRETTY THANK YOU
90001A,20.950000000000003,5,4,ANTIQUE RASPBERRY FLOWER EARRINGS
17001,20.88,72,1,HEAVENS SCENT FRAGRANCE OILS ASSTD
85126,20.39,1,2,LARGE ROUND CUTGLASS CANDLESTICK
90141D,20.36,4,2,ROSE PENDANT TRIPLE SHELL NECKLACE
20793,20.25,3,5,BLUE TILED TRAY
90214P,20.229999999999997,39,16,"LETTER ""P"" BLING KEY RING"
90034,20.17,2,2,WHITE SILVER NECKLACE SHELL GLASS
84415B,20.0,8,3,BLUE FLOCK CUSHION COVER
21461,19.96,8,8,BLUE EASTER EGG HUNT START POST
23616,19.92,8,7,SET 10 CARDS JINGLE BELLS 17217
23646,19.92,8,5,SET 10 CARDS JINGLE BELLS 16957
23601,19.92,8,4,SET 10 CARDS SNOWY SNOWDROPS  17100
21681,19.9,2,2,GIANT MEDINA STAMPED METAL BOWL
35817P,19.86,18,2,"ACRYLIC JEWEL SNOWFLAKE,PINK"
37491A,19.81,6,4,YELLOW/PINK CERAMIC CANDLE HOLDER
90156,19.8,4,3,RESIN BRACELET W PASTEL BEADS
37487B,19.72,68,2,YELLOW/ORANGE FLOWER DESIGN PLATE
85028L,19.5,10,4,FRENCH CHATEAU LARGE FRUIT BOWL
79062D,19.4,52,4,"RETRO TIN ASHTRAY,REVOLUTIONARY"
21416,18.75,5,4,CLAM SHELL LARGE
21538,18.75,5,2,DAIRY MAID  PUDDING BOWL
90041,18.27,5,4,PEARL AND CHERRY QUARTZ BRACLET
35607B,18.240000000000002,96,7,BLACK FEATHER CHRISTMAS DECORATION
85024C,18.15,11,10,PINK SMALL JEWELLED PHOTOFRAME
72821,18.15,11,4,CUPID SCENTED CANDLE IN GLASS
21661,17.85,3,3,VINTAGE GLASS TEA CADDY
90060D,17.85,3,3,FIRE POLISHED GLASS NECKL BRONZE
84798B,17.849999999999998,7,4,PURPLE FOXGLOVE ARTIIFCIAL FLOWER
84856L,17.82,2,2,LARGE TAHITI BEACH BAG
90162A,17.700000000000003,6,1,ANT SILVER TURQUOISE BOUDICCA RING
20935,17.700000000000003,6,4,ROUND CACTUS CANDLE
90027A,17.66,6,3,GLASS BEAD HOOP EARRINGS BLACK
90179B,17.59,3,3,PURPLE FINE BEAD NECKLACE W TASSEL
90011A,17.509999999999998,6,6,MIDNIGHT BLUE CRYSTAL DROP EARRINGS
90130A,17.5,6,6,WHITE STONE/CRYSTAL EARRINGS
79331,17.5,26,3,PINK FLOCK GLASS CANDLEHOLDER
35597D,17.48,46,2,PINK/WHITE CHRISTMAS TREE 30CM
23627,17.43,7,2,SET 10 CARDS XMAS GRAPHIC  17218
37489D,17.16,40,16,PINK/GREEN FLOWER DESIGN BIG MUG
47574B,17.0,4,2,ENGLISH ROSE SCENTED HANGING HEART
35645,17.0,4,3,VINTAGE BEAD PINK JEWEL BOX
90026A,17.0,2,1,GLASS BEAD HOOP NECKLACE BLACK
85084,17.0,20,7,HOLLY TOP CHRISTMAS STOCKING
44092C,17.0,20,8,PURPLE/COPPER HANGING LAMPSHADE
21120,16.98,1,1,*BOOMBOX IPOD CLASSIC
21595,16.94,2,2,DAD'S CAB ELECTRONIC METER
20954,16.94,2,2,*USB OFFICE MIRROR BALL
90024D,16.82,2,2,NEW BAROQUE B'FLY NECKLACE PINK
90024E,16.810000000000002,2,2,NEW BAROQUE B'FLY NECKLACE MONTANA
37489B,16.77,31,12,BLUE/YELLOW FLOWER DESIGN BIG MUG
23644,16.65,5,5,SET 10 CARDS CHRISTMAS TREE 16955
DCGS0004,16.63,1,1,HAYNES CAMPER SHOULDER BAG
90059B,16.62,10,11,DIAMANTE HAIR GRIP PACK/2 BLACK DIA
90137,16.310000000000002,3,3,PINK COMBO MINI CRYSTALS NECKLACE
35647,16.25,13,2,VINTAGE BEAD PINK SHADE
16248B,16.25,13,7,BLUE HOLE PUNCH
90214V,15.979999999999999,26,14,"LETTER ""V"" BLING KEY RING"
85136B,15.9,2,2,BLUE SHARK HELICOPTER
84795C,15.9,2,1,OCEAN STRIPE HAMMOCK
DCGS0069,15.79,1,1,OOH LA LA DOGS COLLAR
78034B,15.6,8,6,BLUE NETTING STORAGE HANGER
20816,15.6,8,2,GOLD FLOWER CUSHION COVER
90214F,15.429999999999998,27,15,"LETTER ""F"" BLING KEY RING"
90132,15.16,3,3,LIGHT TOPAZ TEAL/AQUA COL NECKLACE
90140,15.120000000000001,2,2,PINK SWEETIE NECKLACE
72024U,15.120000000000001,72,3,LILAC VOTIVE CANDLE
35610A,15.02,10,3,PINK CHRISTMAS FLOCK DROPLET
84462,15.0,12,6,3 PINK HEN+CHICKS IN BASKET
90189A,15.0,2,2,SILVER 2 STRAND NECKLACE-LEAF CHARM
84415A,15.0,12,2,PINK FLOCK SUEDE CUSHION COVER
23449,15.0,12,1,SET OF 6 EASTER RAINBOW CHICKS
90069,15.0,2,1,RUBY GLASS CLUSTER NECKLACE
90078,15.0,2,1,PINK/WHITE GLASS DEMI CHOKER
17191A,15.0,4,2,ROSE FLOWER CANDLE+INCENSE 16X16CM
84705C,15.0,12,1,PINK FLOCK PHOTO FRAME
90176A,14.98,2,3,CLASSIC DIAMANTE NECKLACE JET
90025F,14.96,4,4,BAROQUE BUTTERFLY EARRINGS CRYSTAL
23621,14.940000000000001,6,4,SET 10 CARDS DAVID'S MADONNA 17074
90059C,14.89,9,11,DIAMANTE HAIR GRIP PACK/2 MONTANA
85031C,14.850000000000001,3,1,CURIOUS IMAGES SCRAP BOOK SET
90048,14.850000000000001,3,1,GREEN WITH METAL BAG CHARM
90046,14.850000000000001,3,1,WHITE WITH METAL BAG CHARM
84856S,14.790000000000001,3,2,SMALL TAHITI BEACH BAG
84593,14.750000000000002,5,1,CROCHET ROSE DES CLOTHES HANGER
23634,14.55,5,5,SET 10 CARDS XMAS CHOIR 17068
16202B,14.5,29,2,PASTEL BLUE PHOTO ALBUM
90027C,14.5,5,5,GLASS BEAD HOOP EARRINGS GREEN
90182B,14.5,5,5,AMETHYST 3 BEAD DROP EARRINGS
37489A,14.43,33,14,YELLOW/PINK FLOWER DESIGN BIG MUG
47593A,14.37,33,12,CAROUSEL PONIES BABY BIB
90052,14.14,2,2,CRACKED GLAZE NECKLACE BROWN
90089,13.94,20,9,PINK CRYSTAL SKULL PHONE CHARM
79336,13.680000000000003,36,3,LIGHT PINK FLOCK GLASS CANDLEHOLDER
37489C,13.65,23,8,GREEN/BLUE FLOWER DESIGN BIG MUG
85017A,13.58,16,8,ENVELOPE 50 ROMANTIC IMAGES
90065B,13.5,2,2,BLACK VINT ART DEC CRYSTAL BRACELET
90214T,13.459999999999999,24,11,"LETTER ""T"" BLING KEY RING"
84745A,13.44,32,5,PINK HANGING GINGHAM EASTER HEN
84745B,13.44,32,5,BLUE HANGING GINGHAM EASTER HEN
23639,13.32,4,4,SET 10 CARDS MAGICAL TREE 17086
23607,13.28,8,7,SET 10 CARDS HATS & STOCKINGS 17081
62043B,13.28,16,6,BLUE CHECK BAG W HANDLE 34X20CM
37491C,13.2,8,1,GREEN/BLUE CERAMIC CANDLE HOLDER
84388,13.14,24,6,WISE MAN STAR SHAPE EGG PAN
37462E,13.1,36,12,"PET MUG, GOLDFISH"
16162L,13.0,20,8,THE KING GIFT BAG
18097A,12.75,5,4,PINK TALL PORCELAIN T-LIGHT HOLDER
21895,12.72,2,2,POTTING SHED SOW 'N' GROW SET
DCGS0070,12.72,1,1,CAMOUFLAGE DOG COLLAR
90042C,12.7,5,5,FRESHWATER PEARL BRACELET IVORY
90055,12.53,5,5,CRACKED GLAZE EARRINGS BROWN
90037C,12.52,5,5,TINY CRYSTAL BRACELET BLUE
20671,12.5,10,2,BLUE TEATIME PRINT BOWL
23635,12.48,3,3,SET 10 CARDS CHRISTMAS HOLLY  17259
90020,12.48,1,1,FILIGREE DIAMANTE CHAIN
23654,12.450000000000001,5,4,SET 10 CARD SNOWMAN 16965
21144,12.239999999999998,-7,3,PINK POODLE HANGING DECORATION
79329,12.18,12,2,PINK FLOCK GLASS CANDLEHOLDER
84016,12.16,27,2,FLAG OF ST GEORGE CAR FLAG
90178B,11.95,1,1,PURPLE CHUNKY GLASS+BEAD NECKLACE
90021,11.95,1,1,LASER CUT MULTI STRAND NECKLACE
84614A,11.9,2,1,PINK BAROQUE FLOCK CANDLE HOLDER
84620,11.9,2,1,BLUE GINGHAM ROSE CUSHION COVER
44092B,11.899999999999999,14,5,BLUE WHITE PLASTIC RINGS LAMPSHADE
90214Z,11.84,22,10,"LETTER ""Z"" BLING KEY RING"
37444B,11.8,4,3,BLUE BREAKFAST CUP AND SAUCER
35818B,11.780000000000001,31,3,"ACRYLIC JEWEL ICICLE, BLUE"
16162M,11.76,28,8,THE KING GIFT BAG 25X24X12CM
16043,11.759999999999998,98,2,POP ART PUSH DOWN RUBBER
23608,11.64,4,3,SET 10 CARDS RUDOLPHS NOSE 17097
23605,11.64,4,1,SET 10 CARDS 12 DAYS OF XMAS 17059
72798C,11.549999999999999,7,3,SET/4 GARDEN ROSE DINNER CANDLE
71050,11.549999999999999,33,6,SMALL SINGLE FLAME CANDLE HOLDER
47013C,11.53,40,13,WINE BOTTLE DRESSING DARK BLUE
90152B,11.46,2,2,BLUE/GREEN SHELL NECKLACE W PENDANT
17164B,11.34,27,9,ASS COL SMALL SAND GECKO P'WEIGHT
90025D,11.19,3,3,BAROQUE BUTTERFLY EARRINGS PINK
37488A,10.92,28,3,YELLOW PINK FLOWER DESIGN BIG BOWL
79026B,10.61,25,9,"S/4 ICON COASTER,ELVIS LIVES"
16169N,10.5,25,1,WRAP BLUE RUSSIAN FOLKART
16161M,10.5,25,1,WRAP  PINK FLOCK
35966,10.260000000000002,27,2,FOLKART CHRISTMAS TREE T-LIGHT HOLD
85109,10.2,12,1,PINK BOUDOIR T-LIGHT HOLDER
40005B,10.2,12,4,BLUE ORGANDY ROUND LAMPSHADE W BEA
35958,10.2,12,3,FOLKART ZINC STAR CHRISTMAS DEC
44089C,10.08,24,6,LILAC GAUZE BUTTERFLY LAMPSHADE
90053,9.99,4,4,CRACKED GLAZE EARRINGS IVORY
23650,9.96,4,4,SET 10 CARDS FILIGREE BAUBLE 16961
23624,9.96,4,4,SET 10 CARD PERFECT NATIVITY 17089
23619,9.96,4,2,SET 10 CARDS POINSETTIA 17093
23615,9.96,4,4,SET 10 CARDS PRINTED GRAPHIC 17219
84689,9.95,3,2,S/2 BEACH HUT TREASURE CHESTS
37474,9.95,1,1,SET/4 2 TONE EGG SHAPE MIXING BOWLS
DCGS0003,9.94,4,4,BOXED GLASS ASHTRAY
37491D,9.879999999999999,4,2,PURPLE/BLUE CERAMIC CANDLE HOLDER
44242A,9.48,12,1,LILAC FEATHERS CURTAIN
23441,9.24,22,3,HAND PAINTED HANGING EASTER EGG
35809B,9.18,8,3,ENAMEL BLUE RIM TEA CONTAINER
90181C,9.15,1,1,BLACK GLASS/SHELL/PEARL NECKLACE
37351,9.06,10,2,ORANGE FLOWER MUG
84773,8.850000000000001,3,1,RED ROSE AND LACE C/COVER
45013,8.850000000000001,3,2,FOLDING SHOE TIDY
20906,8.850000000000001,3,2,VINTAGE NOTEBOOK BEAUTY GIRL
90077,8.82,3,3,BLACK DIAMOND CLUSTER EARRINGS
90011D,8.76,3,3,PURPLE CRYSTAL DROP EARRINGS
90011E,8.76,3,3,AMBER CRYSTAL DROP EARRINGS
90027B,8.76,3,3,GLASS BEAD HOOP EARRINGS MONTANA
16206B,8.75,7,2,RED PURSE WITH PINK HEART
90130D,8.7,3,3,RED STONE/CRYSTAL EARRINGS
81950V,8.6,20,6,FLOWER PURPLE CLOCK W/SUCKER
84732B,8.58,22,2,CUTE BIRD CEATURE SCREEN
90102,8.5,10,1,WHITE FRANGIPANI HAIR CLIP
90167,8.5,10,1,BEADED LOVE HEART JEWELLERY SET
44265,8.5,2,1,M/COLOUR POM-POM CURTAIN
21410,8.47,1,1,COUNTRY COTTAGE  DOORSTOP GREEN
72803B,8.47,1,1,OCEAN SCENT CANDLE JEWELLED DRAWER
84975,8.45,5,2,HEART SHAPED MIRROR
20871,8.42,2,1,OPULENT VELVET SET/3 CANDLES
21594,8.34,2,2,DR. JAM'S AROUZER STRESS BALL
23612,8.299999999999999,5,2,SET 10 MINICARDS CUTE SNOWMAN 17071
84924F,7.9,10,3,PSYCHEDELIC METAL SIGN CALENDAR
16244B,7.85,7,2,MAXWELL 2 TONE BLUE 60 PAGE PHOTO A
35607A,7.82,26,2,PINK FLUFFY CHRISTMAS DECORATION
85189,7.6499999999999995,9,3,HANGING BUTTERFLY  EGG
90042A,7.6499999999999995,3,2,FRESHWATER PEARL BRACELET GOLD
79149B,7.56,18,8,SILICON STAR BULB  BLUE
90068,7.5,1,1,"RUBY GLASS NECKLACE 42"""
90025A,7.5,2,2,BAROQUE BUTTERFLY EARRINGS BLACK
21827,7.5,6,3,EIGHT PIECE CREEPY CRAWLIE SET
37379A,7.5,6,1,PINK CHERRY BLOSSOM CUP & SAUCER
23633,7.470000000000001,3,3,SET 10 CARDS WORLD CHILDREN 17067
62097B,7.469999999999999,9,3,BLUE STRIPES SHOULDER BAG
90128A,7.43,3,2,PINK LEAVES AND BEADS PHONE CHARM
71496B,7.37,13,4,A4 WALL TIDY RED FLOWERS
10124G,7.14,17,4,ARMY CAMO BOOKCOVER TAPE
90214W,6.819999999999999,16,5,"LETTER ""W"" BLING KEY RING"
90214O,6.819999999999999,16,5,"LETTER ""O"" BLING KEY RING"
35443,6.8,8,6,RASTA IN BATH W SPLIFF ASHTRAY
84802B,6.76,4,1,PURPLE ANEMONE ARTIFICIAL FLOWER
21186,6.72,2,1,WHITE DOVE HONEYCOMB PAPER GARLAND
35833G,6.72,2,1,4 GOLD FLOCK CHRISTMAS BALLS
62074B,6.72,16,4,ELEPHANT CLIP W SUCTION CUP
10124A,6.72,16,5,SPOTS ON RED BOOKCOVER TAPE
23604,6.64,4,2,SET 10 MINI SANTA & SNOWMAN  17087
20678,6.6,4,1,LARGE BLACK DIAMANTE HAIRSLIDE
37491B,6.6,4,1,BLUE/YELLOW CERAMIC CANDLE HOLDER
90126C,6.58,2,1,AMBER BERTIE MOBILE PHONE CHARM
85224,6.300000000000001,3,1,ASSORTED COLOUR SILK GLASSES CASE
44089A,6.3,15,4,PINK GAUZE BUTTERFLY LAMPSHADE
21228,6.25,5,2,"POCKET MIRROR ""GLAMOROUS"""
85225,6.25,6,3,BLING KEY RING STAND
35591T,6.25,5,4,TURQUOISE CHRISTMAS TREE
23610,6.24,3,3,SET 10 CARDS CHRISTMAS ROBIN 17095
90152C,5.95,1,1,BLUE/NAT SHELL NECKLACE W PENDANT
90060B,5.95,1,1,FIRE POLISHED GLASS NECKL GOLD
84499,5.949999999999999,7,2,BLACK FLOWER CANDLE PLATE
35598C,5.9,2,2,WHITE CHRISTMAS TREE 60CM
79161A,5.9,2,2,ST GEORGE SET OF 10 PARTY LIGHTS
23652,5.82,2,1,SET 10 CARD CHRISTMAS STAMPS 16963
23617,5.82,2,1,SET 10 CARDS SWIRLY XMAS TREE 17104
23638,5.82,2,2,SET 10 CARDS ROBIN WATERPUMP  17096
90067B,5.8,2,2,BROWN VINTAGE VICTORIAN EARRINGS
90011C,5.8,2,2,GREEN CRYSTAL DROP EARRINGS
21839,5.45,1,1,MUMMY MOUSE RED GINGHAM RIBBON
35004P,5.45,1,1,SET OF 3 PINK FLYING DUCKS
81953P,5.32,28,3,ROUND ARTICULATED PINK CLOCK W/SUCK
20964,5.1,2,1,POLYESTER FILLER PAD 60X40CM
37509,5.1,2,2,NEW ENGLAND MUG W GIFT BOX
90142A,5.09,1,1,GREEN PENDANT SHELL NECKLACE
84803A,5.07,3,1,PINK ALLIUM  ARTIFICIAL FLOWER
90135A,4.98,1,1,ORANGE/FUSCHIA STONES NECKLACE
23649,4.98,2,2,SET 10 CARDS DECK THE HALLS 16960
90128D,4.97,2,2,PURPLE LEAVES AND BEADS PHONE CHAR
90128C,4.97,2,2,GREEN LEAVES AND BEADS PHONE CHARM
85031B,4.95,1,1,BLOSSOM IMAGES SCRAP BOOK SET
35650,4.95,1,1,VINTAGE BEAD PINK JEWEL STAND
90081B,4.95,1,1,LILY BROOCH WHITE/SILVER COLOUR
84971L,4.92,2,1,LARGE HEART FLOWERS HOOK
90127A,4.92,2,1,PINK BEADS+HAND PHONE CHARM
84613C,4.65,1,1,BLUE NEW BAROQUE FLOCK CANDLESTICK
79151B,4.62,11,2,"SILICON CUBE 25W, BLUE"
71215,4.62,11,2,METAL BASE FOR CANDLES
84206A,4.5600000000000005,24,3,3 BLACK CATS W HEARTS BLANK CARD
84732D,4.29,11,2,CUTE RABBIT CEATURE SCREEN
22218,4.25,1,1,CAKE STAND LACE WHITE
79157V,4.25,5,3,UBO-LIGHT TRIOBASE PURPLE
20861,4.2,2,2,GOLD COSMETIC BAG PINK STAR
47016,4.2,2,1,LIGHT DECORATION BATTERY OPERATED
22206,4.17,5,5,"MUG , DOTCOMGIFTSHOP.COM"
17174,3.7800000000000002,9,3,ASSTD RASTA KEY-CHAINS
44091A,3.78,9,3,BLUE CRUSOE CHECK LAMPSHADE
90128B,3.76,2,2,BLUE LEAVES AND BEADS PHONE CHARM
79192A,3.75,3,2,RETRO PLASTIC 70'S TRAY
37464,3.75,3,2,ROBOT MUG IN DISPLAY BOX
90025E,3.73,1,1,BAROQUE BUTTERFLY EARRINGS MONTANA
90025B,3.73,1,1,BAROQUE BUTTERFLY EARRINGS RED
35271S,3.6100000000000003,19,2,GOLD PRINT PAPER BAG
16010,3.5999999999999996,30,3,FOLDING CAMPING SCISSOR W/KNIF & S
84270,3.5700000000000003,17,4,ASSTD DESIGN BUBBLE GUM RING
16202A,3.5,7,2,PASTEL PINK PHOTO ALBUM
90214U,3.4799999999999995,12,1,"LETTER ""U"" BLING KEY RING"
79157B,3.4,4,2,UBO-LIGHT TRIOBASE BLUE
84802A,3.38,2,1,WHITE ANEMONE ARTIFICIAL FLOWER
90126A,3.36,1,1,PINK BERTIE MOBILE PHONE CHARM
85119,3.36,1,1,WATERING CAN SINGLE HOOK PISTACHIO
22528,3.36,1,1,GARDENERS KNEELING PAD
21160,3.36,1,1,KEEP OUT GIRLS DOOR HANGER
23643,3.33,1,1,SET 10 CARDS CHRISTMAS BAUBLE 16954
90187A,3.32,1,1,BLUE DROP EARRINGS W BEAD CLUSTER
10123C,3.25,5,3,HEARTS WRAPPING TAPE
47013A,3.0399999999999996,14,4,WINE BOTTLE DRESSING LT.BLUE
23628,2.91,1,1,SET 10 CARDS TRIANGLE ICONS  17220
23609,2.91,1,1,SET 10 CARDS SNOWY ROBIN 17099
23602,2.91,1,1,SET 10 CARDS 3 WISE MEN 17107
90100,2.55,1,1,NECKLACE+BRACELET SET PINK DAISY
17028J,2.52,6,1,INCENSE BAZAAR PEACH
35609A,2.51,1,1,PINK FEATHER CHRISTMAS DECORATION
62096B,2.5,2,1,PURPLE/TURQ FLOWERS HANDBAG
23630,2.49,1,3,SET 10 CARDS HANGING BAUBLES 17080
90037A,2.48,1,1,TINY CRYSTAL BRACELET RED
84201B,2.47,13,2,HAPPY BIRTHDAY CARD STRIPEY TEDDY
37330,2.34,6,1,BIG POLKADOT MUG
46115B,2.2800000000000002,12,2,GREEN POP ART MAO CUSHION COVER
77079,2.12,1,1,DOLPHIN WINDMILL
85170A,2.1,1,1,SET/6 IVORY BIRD T-LIGHT CANDLES
20860,2.1,1,1,GOLD COSMETICS BAG WITH BUTTERFLY
21414,2.1,1,1,SCALLOP SHELL SOAP DISH
90112,2.1,2,1,PINK DOLLY HAIR CLIPS
47579,2.1,1,1,TEA TIME BREAKFAST BASKET
81953B,2.09,11,3,ROUND BLUE CLOCK WITH SUCKER
84731,2.04,2,2,3 BIRDS CANVAS SCREEN
16202E,1.9500000000000002,14,4,BLACK PHOTO ALBUM
21491,1.95,1,1,SET OF THREE VINTAGE GIFT WRAPS
22323,1.95,1,1,PINK POLKADOT KIDS BAG
22146,1.95,1,1,EASTER CRAFT IVY WREATH WITH CHICK
90092,1.66,1,1,BLUE CRYSTAL BOOT PHONE CHARM
23664,1.65,1,1,FLOWER SHOP DESIGN MUG
84550,1.65,1,1,CROCHET LILAC/RED BEAR KEYRING
84206C,1.52,8,2,CHAMPAGNE TRAY BLANK CARD
84743C,1.25,1,1,ORANGE FELT VASE + FLOWERS
37461,1.25,1,1,FUNKY MONKEY MUG
35597B,1.25,1,1,BLACKCHRISTMAS TREE 30CM
84569C,1.25,1,1,PACK 4 FLOWER/BUTTERFLY PATCHES
35597A,1.25,1,1,DUSTY PINK CHRISTMAS TREE 30CM
84977,1.25,1,1,WIRE FLOWER T-LIGHT HOLDER
21009,1.25,1,1,ETCHED GLASS STAR TREE DECORATION
84990,1.1,2,2,60 GOLD AND SILVER FAIRY CAKE CASES
72815,0.9700000000000006,-1,3,3 WICK CHRISTMAS BRIAR CANDLE
84201C,0.95,5,1,HAPPY BIRTHDAY CARD TEDDY/CAKE
84206B,0.95,5,1,CAT WITH SUNGLASSES BLANK CARD
90084,0.85,1,1,PINK CRYSTAL GUITAR PHONE CHARM
21268,0.84,2,1,VINTAGE BLUE TINSEL REEL
85047,0.8000000000000007,0,4,WHITE BEADED GARLAND STRING 20LIGHT
84227,0.42,1,1,HEN HOUSE W CHICK IN NEST
PADS,0.003,3,3,PADS TO MATCH ALL CUSHIONS
21667,0.0,0,2,GLASS CAKE COVER AND PLATE
21655,0.0,0,5,HANGING RIDGE GLASS T-LIGHT HOLDER
23843,0.0,0,2,"PAPER CRAFT , LITTLE BIRDIE"
79323B,0.0,0,3,BLACK CHERRY LIGHTS
22034,-0.020000000000000684,-2,5,ROBIN CHRISTMAS CARD
20957,-1.45,-1,1,PORCELAIN HANGING BELL SMALL
21412,-2.52,-6,1,VINTAGE GOLD TINSEL REEL
85023C,-2.55,-1,1,PINK LARGE JEWELED PHOTOFRAME
35832,-2.95,-1,1,WOOLLY HAT SOCK GLOVE ADVENT STRING
85098B,-3.75,-1,1,BLUE FLYING SINGING CANARY
79320,-4.95,-1,1,FLAMINGO LIGHTS
84839,-5.55,-1,1,SWEETHEART KEY CABINET
84750A,-5.85,-3,3,PINK SMALL GLASS CAKE STAND
85068,-7.95,-1,1,CREAM SWEETHEART SHELF + HOOKS
37503,-10.75,-1,1,TEA TIME CAKE STAND IN GIFT BOX
85065,-12.75,-1,1,CREAM SWEETHEART TRAYS
85042,-14.850000000000001,-3,2,ANTIQUE LILY FAIRY LIGHTS
20703,-25.5,-6,4,BLUE PADDED SOFT MOBILE
79323P,-27.0,-4,3,PINK CHERRY LIGHTS
21645,-39.599999999999994,-24,1,ASSORTED TUTTI FRUTTI ROUND BOX
35400,-45.7,-6,13,WOODEN BOX ADVENT CALENDAR
85063,-46.849999999999994,-3,2,CREAM SWEETHEART MAGAZINE RACK
79323W,-54.0,-8,1,WHITE CHERRY LIGHTS
S,-3039.65,-58,19,SAMPLES
D,-5696.22,-1194,65,DISCOUNT
BANK CHARGES,-7175.639,-13,36,BANK CHARGES
CRUK,-7933.43,-16,16,CRUK COMMISSION
B,-11062.06,3,3,ADJUST BAD DEBT
M,-69031.64,2919,513,MANUAL
AMAZONFEE,-221520.5,-30,34,AMAZON FEE
